// unicode_data.c — GENERATED by tools/gen_unicode.py from the Unicode
// Character Database. Do not edit; regenerate.
#include "unicode.h"

static const uint32_t R_ID_START[] = {
    0x41, 0x5A, 0x61, 0x7A, 0xAA, 0xAA, 0xB5, 0xB5, 0xBA, 0xBA, 0xC0, 0xD6,
    0xD8, 0xF6, 0xF8, 0x2C1, 0x2C6, 0x2D1, 0x2E0, 0x2E4, 0x2EC, 0x2EC, 0x2EE, 0x2EE,
    0x370, 0x374, 0x376, 0x377, 0x37A, 0x37D, 0x37F, 0x37F, 0x386, 0x386, 0x388, 0x38A,
    0x38C, 0x38C, 0x38E, 0x3A1, 0x3A3, 0x3F5, 0x3F7, 0x481, 0x48A, 0x52F, 0x531, 0x556,
    0x558, 0x559, 0x560, 0x588, 0x58B, 0x58C, 0x5D0, 0x5EA, 0x5EF, 0x5F2, 0x620, 0x64A,
    0x66E, 0x66F, 0x671, 0x6D3, 0x6D5, 0x6D5, 0x6E5, 0x6E6, 0x6EE, 0x6EF, 0x6FA, 0x6FC,
    0x6FF, 0x6FF, 0x710, 0x710, 0x712, 0x72F, 0x74D, 0x7A5, 0x7B1, 0x7B1, 0x7CA, 0x7EA,
    0x7F4, 0x7F5, 0x7FA, 0x7FA, 0x800, 0x815, 0x81A, 0x81A, 0x824, 0x824, 0x828, 0x828,
    0x840, 0x858, 0x860, 0x86A, 0x870, 0x887, 0x889, 0x88F, 0x8A0, 0x8C9, 0x904, 0x939,
    0x93D, 0x93D, 0x950, 0x950, 0x958, 0x961, 0x971, 0x980, 0x985, 0x98C, 0x98F, 0x990,
    0x993, 0x9A8, 0x9AA, 0x9B0, 0x9B2, 0x9B2, 0x9B6, 0x9B9, 0x9BD, 0x9BD, 0x9CE, 0x9CE,
    0x9DC, 0x9DD, 0x9DF, 0x9E1, 0x9F0, 0x9F1, 0x9FC, 0x9FC, 0xA05, 0xA0A, 0xA0F, 0xA10,
    0xA13, 0xA28, 0xA2A, 0xA30, 0xA32, 0xA33, 0xA35, 0xA36, 0xA38, 0xA39, 0xA59, 0xA5C,
    0xA5E, 0xA5E, 0xA72, 0xA74, 0xA85, 0xA8D, 0xA8F, 0xA91, 0xA93, 0xAA8, 0xAAA, 0xAB0,
    0xAB2, 0xAB3, 0xAB5, 0xAB9, 0xABD, 0xABD, 0xAD0, 0xAD0, 0xAE0, 0xAE1, 0xAF9, 0xAF9,
    0xB05, 0xB0C, 0xB0F, 0xB10, 0xB13, 0xB28, 0xB2A, 0xB30, 0xB32, 0xB33, 0xB35, 0xB39,
    0xB3D, 0xB3D, 0xB5C, 0xB5D, 0xB5F, 0xB61, 0xB71, 0xB71, 0xB83, 0xB83, 0xB85, 0xB8A,
    0xB8E, 0xB90, 0xB92, 0xB95, 0xB99, 0xB9A, 0xB9C, 0xB9C, 0xB9E, 0xB9F, 0xBA3, 0xBA4,
    0xBA8, 0xBAA, 0xBAE, 0xBB9, 0xBD0, 0xBD0, 0xC05, 0xC0C, 0xC0E, 0xC10, 0xC12, 0xC28,
    0xC2A, 0xC39, 0xC3D, 0xC3D, 0xC58, 0xC5A, 0xC5C, 0xC5D, 0xC60, 0xC61, 0xC80, 0xC80,
    0xC85, 0xC8C, 0xC8E, 0xC90, 0xC92, 0xCA8, 0xCAA, 0xCB3, 0xCB5, 0xCB9, 0xCBD, 0xCBD,
    0xCDC, 0xCDE, 0xCE0, 0xCE1, 0xCF1, 0xCF2, 0xD04, 0xD0C, 0xD0E, 0xD10, 0xD12, 0xD3A,
    0xD3D, 0xD3D, 0xD4E, 0xD4E, 0xD54, 0xD56, 0xD5F, 0xD61, 0xD7A, 0xD7F, 0xD85, 0xD96,
    0xD9A, 0xDB1, 0xDB3, 0xDBB, 0xDBD, 0xDBD, 0xDC0, 0xDC6, 0xE01, 0xE30, 0xE32, 0xE33,
    0xE40, 0xE46, 0xE81, 0xE82, 0xE84, 0xE84, 0xE86, 0xE8A, 0xE8C, 0xEA3, 0xEA5, 0xEA5,
    0xEA7, 0xEB0, 0xEB2, 0xEB3, 0xEBD, 0xEBD, 0xEC0, 0xEC4, 0xEC6, 0xEC6, 0xEDC, 0xEDF,
    0xF00, 0xF00, 0xF40, 0xF47, 0xF49, 0xF6C, 0xF88, 0xF8C, 0x1000, 0x102A, 0x103F, 0x103F,
    0x1050, 0x1055, 0x105A, 0x105D, 0x1061, 0x1061, 0x1065, 0x1066, 0x106E, 0x1070, 0x1075, 0x1081,
    0x108E, 0x108E, 0x10A0, 0x10C5, 0x10C7, 0x10C7, 0x10CD, 0x10CD, 0x10D0, 0x10FA, 0x10FC, 0x1248,
    0x124A, 0x124D, 0x1250, 0x1256, 0x1258, 0x1258, 0x125A, 0x125D, 0x1260, 0x1288, 0x128A, 0x128D,
    0x1290, 0x12B0, 0x12B2, 0x12B5, 0x12B8, 0x12BE, 0x12C0, 0x12C0, 0x12C2, 0x12C5, 0x12C8, 0x12D6,
    0x12D8, 0x1310, 0x1312, 0x1315, 0x1318, 0x135A, 0x1380, 0x138F, 0x13A0, 0x13F5, 0x13F8, 0x13FD,
    0x1401, 0x166C, 0x166F, 0x167F, 0x1681, 0x169A, 0x16A0, 0x16EA, 0x16EE, 0x16F8, 0x1700, 0x1711,
    0x171F, 0x1731, 0x1740, 0x1751, 0x1760, 0x176C, 0x176E, 0x1770, 0x1780, 0x17B3, 0x17D7, 0x17D7,
    0x17DC, 0x17DC, 0x1820, 0x1878, 0x1880, 0x18A8, 0x18AA, 0x18AA, 0x18B0, 0x18F5, 0x1900, 0x191E,
    0x1950, 0x196D, 0x1970, 0x1974, 0x1980, 0x19AB, 0x19B0, 0x19C9, 0x1A00, 0x1A16, 0x1A20, 0x1A54,
    0x1AA7, 0x1AA7, 0x1B05, 0x1B33, 0x1B45, 0x1B4C, 0x1B83, 0x1BA0, 0x1BAE, 0x1BAF, 0x1BBA, 0x1BE5,
    0x1C00, 0x1C23, 0x1C4D, 0x1C4F, 0x1C5A, 0x1C7D, 0x1C80, 0x1C8A, 0x1C90, 0x1CBA, 0x1CBD, 0x1CBF,
    0x1CE9, 0x1CEC, 0x1CEE, 0x1CF3, 0x1CF5, 0x1CF6, 0x1CFA, 0x1CFA, 0x1D00, 0x1DBF, 0x1E00, 0x1F15,
    0x1F18, 0x1F1D, 0x1F20, 0x1F45, 0x1F48, 0x1F4D, 0x1F50, 0x1F57, 0x1F59, 0x1F59, 0x1F5B, 0x1F5B,
    0x1F5D, 0x1F5D, 0x1F5F, 0x1F7D, 0x1F80, 0x1FB4, 0x1FB6, 0x1FBC, 0x1FBE, 0x1FBE, 0x1FC2, 0x1FC4,
    0x1FC6, 0x1FCC, 0x1FD0, 0x1FD3, 0x1FD6, 0x1FDB, 0x1FE0, 0x1FEC, 0x1FF2, 0x1FF4, 0x1FF6, 0x1FFC,
    0x2071, 0x2071, 0x207F, 0x207F, 0x208F, 0x209F, 0x2102, 0x2102, 0x2107, 0x2107, 0x210A, 0x2113,
    0x2115, 0x2115, 0x2118, 0x211D, 0x2124, 0x2124, 0x2126, 0x2126, 0x2128, 0x2128, 0x212A, 0x2139,
    0x213C, 0x213F, 0x2145, 0x2149, 0x214E, 0x214E, 0x2160, 0x2188, 0x2C00, 0x2CE4, 0x2CEB, 0x2CEE,
    0x2CF2, 0x2CF3, 0x2D00, 0x2D25, 0x2D27, 0x2D27, 0x2D2D, 0x2D2D, 0x2D30, 0x2D67, 0x2D6F, 0x2D6F,
    0x2D80, 0x2D96, 0x2DA0, 0x2DA6, 0x2DA8, 0x2DAE, 0x2DB0, 0x2DB6, 0x2DB8, 0x2DBE, 0x2DC0, 0x2DC6,
    0x2DC8, 0x2DCE, 0x2DD0, 0x2DD6, 0x2DD8, 0x2DDE, 0x3005, 0x3007, 0x3021, 0x3029, 0x3031, 0x3035,
    0x3038, 0x303C, 0x3041, 0x3096, 0x309B, 0x309F, 0x30A1, 0x30FA, 0x30FC, 0x30FF, 0x3105, 0x312F,
    0x3131, 0x318E, 0x31A0, 0x31BF, 0x31F0, 0x31FF, 0x3400, 0x4DBF, 0x4E00, 0xA48C, 0xA4D0, 0xA4FD,
    0xA500, 0xA60C, 0xA610, 0xA61F, 0xA62A, 0xA62B, 0xA640, 0xA66E, 0xA67F, 0xA69D, 0xA6A0, 0xA6EF,
    0xA717, 0xA71F, 0xA722, 0xA788, 0xA78B, 0xA7DD, 0xA7E2, 0xA7E2, 0xA7F1, 0xA801, 0xA803, 0xA805,
    0xA807, 0xA80A, 0xA80C, 0xA822, 0xA840, 0xA873, 0xA882, 0xA8B3, 0xA8F2, 0xA8F7, 0xA8FB, 0xA8FB,
    0xA8FD, 0xA8FE, 0xA90A, 0xA925, 0xA930, 0xA946, 0xA960, 0xA97C, 0xA984, 0xA9B2, 0xA9CF, 0xA9CF,
    0xA9E0, 0xA9E4, 0xA9E6, 0xA9EF, 0xA9FA, 0xA9FE, 0xAA00, 0xAA28, 0xAA40, 0xAA42, 0xAA44, 0xAA4B,
    0xAA60, 0xAA76, 0xAA7A, 0xAA7A, 0xAA7E, 0xAAAF, 0xAAB1, 0xAAB1, 0xAAB5, 0xAAB6, 0xAAB9, 0xAABD,
    0xAAC0, 0xAAC0, 0xAAC2, 0xAAC2, 0xAADB, 0xAADD, 0xAAE0, 0xAAEA, 0xAAF2, 0xAAF4, 0xAB01, 0xAB06,
    0xAB09, 0xAB0E, 0xAB11, 0xAB16, 0xAB20, 0xAB26, 0xAB28, 0xAB2E, 0xAB30, 0xAB5A, 0xAB5C, 0xAB69,
    0xAB6C, 0xAB6D, 0xAB70, 0xABE2, 0xAC00, 0xD7A3, 0xD7B0, 0xD7C6, 0xD7CB, 0xD7FB, 0xF900, 0xFA6D,
    0xFA70, 0xFAD9, 0xFB00, 0xFB06, 0xFB13, 0xFB17, 0xFB1D, 0xFB1D, 0xFB1F, 0xFB28, 0xFB2A, 0xFB36,
    0xFB38, 0xFB3C, 0xFB3E, 0xFB3E, 0xFB40, 0xFB41, 0xFB43, 0xFB44, 0xFB46, 0xFBB1, 0xFBD3, 0xFD3D,
    0xFD50, 0xFD8F, 0xFD92, 0xFDC7, 0xFDF0, 0xFDFB, 0xFE70, 0xFE74, 0xFE76, 0xFEFC, 0xFF21, 0xFF3A,
    0xFF41, 0xFF5A, 0xFF66, 0xFFBE, 0xFFC2, 0xFFC7, 0xFFCA, 0xFFCF, 0xFFD2, 0xFFD7, 0xFFDA, 0xFFDC,
    0x10000, 0x1000B, 0x1000D, 0x10026, 0x10028, 0x1003A, 0x1003C, 0x1003D, 0x1003F, 0x1004D, 0x10050, 0x1005D,
    0x10080, 0x100FA, 0x10140, 0x10174, 0x10280, 0x1029C, 0x102A0, 0x102D0, 0x10300, 0x1031F, 0x1032D, 0x1034A,
    0x10350, 0x10375, 0x10380, 0x1039D, 0x103A0, 0x103C3, 0x103C8, 0x103CF, 0x103D1, 0x103D5, 0x10400, 0x1049D,
    0x104B0, 0x104D3, 0x104D8, 0x104FB, 0x10500, 0x10527, 0x10530, 0x10563, 0x10570, 0x1057A, 0x1057C, 0x1058A,
    0x1058C, 0x10592, 0x10594, 0x10595, 0x10597, 0x105A1, 0x105A3, 0x105B1, 0x105B3, 0x105B9, 0x105BB, 0x105BC,
    0x105C0, 0x105F3, 0x10600, 0x10736, 0x10740, 0x10755, 0x10760, 0x10767, 0x10780, 0x10785, 0x10787, 0x107B0,
    0x107B2, 0x107BF, 0x10800, 0x10805, 0x10808, 0x10808, 0x1080A, 0x10835, 0x10837, 0x10838, 0x1083C, 0x1083C,
    0x1083F, 0x10855, 0x10860, 0x10876, 0x10880, 0x1089E, 0x108E0, 0x108F2, 0x108F4, 0x108F5, 0x10900, 0x10915,
    0x10920, 0x10939, 0x10940, 0x10959, 0x10980, 0x109B7, 0x109BE, 0x109BF, 0x10A00, 0x10A00, 0x10A10, 0x10A13,
    0x10A15, 0x10A17, 0x10A19, 0x10A35, 0x10A60, 0x10A7C, 0x10A80, 0x10A9C, 0x10AC0, 0x10AC7, 0x10AC9, 0x10AE4,
    0x10B00, 0x10B35, 0x10B40, 0x10B55, 0x10B60, 0x10B72, 0x10B80, 0x10B91, 0x10C00, 0x10C48, 0x10C80, 0x10CB2,
    0x10CC0, 0x10CF2, 0x10D00, 0x10D23, 0x10D4A, 0x10D65, 0x10D6F, 0x10D85, 0x10E80, 0x10EA9, 0x10EB0, 0x10EB1,
    0x10EC2, 0x10EC7, 0x10ED9, 0x10EEE, 0x10F00, 0x10F1C, 0x10F27, 0x10F27, 0x10F30, 0x10F45, 0x10F70, 0x10F81,
    0x10FB0, 0x10FC4, 0x10FE0, 0x10FF6, 0x11003, 0x11037, 0x11071, 0x11072, 0x11075, 0x11075, 0x11083, 0x110AF,
    0x110D0, 0x110E8, 0x11103, 0x11126, 0x11144, 0x11144, 0x11147, 0x11147, 0x11150, 0x11172, 0x11176, 0x11176,
    0x11183, 0x111B2, 0x111C1, 0x111C4, 0x111DA, 0x111DA, 0x111DC, 0x111DC, 0x11200, 0x11211, 0x11213, 0x1122B,
    0x1123F, 0x11240, 0x11280, 0x11286, 0x11288, 0x11288, 0x1128A, 0x1128D, 0x1128F, 0x1129D, 0x1129F, 0x112A8,
    0x112B0, 0x112DE, 0x11305, 0x1130C, 0x1130F, 0x11310, 0x11313, 0x11328, 0x1132A, 0x11330, 0x11332, 0x11333,
    0x11335, 0x11339, 0x1133D, 0x1133D, 0x11350, 0x11350, 0x1135D, 0x11361, 0x11380, 0x11389, 0x1138B, 0x1138B,
    0x1138E, 0x1138E, 0x11390, 0x113B5, 0x113B7, 0x113B7, 0x113D1, 0x113D1, 0x113D3, 0x113D3, 0x11400, 0x11434,
    0x11447, 0x1144A, 0x1145F, 0x11461, 0x11480, 0x114AF, 0x114C4, 0x114C5, 0x114C7, 0x114C7, 0x11580, 0x115AE,
    0x115D8, 0x115DB, 0x11600, 0x1162F, 0x11644, 0x11644, 0x11680, 0x116AA, 0x116B8, 0x116B8, 0x11700, 0x1171A,
    0x11740, 0x11746, 0x11800, 0x1182B, 0x118A0, 0x118DF, 0x118FF, 0x11906, 0x11909, 0x11909, 0x1190C, 0x11913,
    0x11915, 0x11916, 0x11918, 0x1192F, 0x1193F, 0x1193F, 0x11941, 0x11941, 0x119A0, 0x119A7, 0x119AA, 0x119D0,
    0x119E1, 0x119E1, 0x119E3, 0x119E3, 0x11A00, 0x11A00, 0x11A0B, 0x11A32, 0x11A3A, 0x11A3A, 0x11A50, 0x11A50,
    0x11A5C, 0x11A89, 0x11A9D, 0x11A9D, 0x11AB0, 0x11AF8, 0x11B0A, 0x11B0A, 0x11BC0, 0x11BE0, 0x11C00, 0x11C08,
    0x11C0A, 0x11C2E, 0x11C40, 0x11C40, 0x11C72, 0x11C8F, 0x11D00, 0x11D06, 0x11D08, 0x11D09, 0x11D0B, 0x11D30,
    0x11D46, 0x11D46, 0x11D60, 0x11D65, 0x11D67, 0x11D68, 0x11D6A, 0x11D89, 0x11D98, 0x11D98, 0x11DB0, 0x11DDB,
    0x11DF1, 0x11DF1, 0x11EE0, 0x11EF2, 0x11F02, 0x11F02, 0x11F04, 0x11F10, 0x11F12, 0x11F33, 0x11FB0, 0x11FB0,
    0x12000, 0x12399, 0x12400, 0x1246F, 0x12475, 0x12543, 0x12550, 0x12686, 0x12F90, 0x12FF0, 0x13000, 0x1342F,
    0x13441, 0x13446, 0x13460, 0x143FA, 0x14400, 0x14646, 0x16100, 0x1611D, 0x16800, 0x16A38, 0x16A40, 0x16A5E,
    0x16A70, 0x16ABE, 0x16AD0, 0x16AED, 0x16B00, 0x16B2F, 0x16B40, 0x16B43, 0x16B63, 0x16B77, 0x16B7D, 0x16B8F,
    0x16D40, 0x16D6C, 0x16E40, 0x16E7F, 0x16EA0, 0x16EB8, 0x16EBB, 0x16ED3, 0x16F00, 0x16F4A, 0x16F50, 0x16F50,
    0x16F93, 0x16F9F, 0x16FE0, 0x16FE1, 0x16FE3, 0x16FE3, 0x16FF2, 0x16FF6, 0x17000, 0x18CDA, 0x18CFF, 0x18D20,
    0x18D80, 0x18DF2, 0x18E00, 0x19191, 0x191A0, 0x191D2, 0x1AFF0, 0x1AFF3, 0x1AFF5, 0x1AFFB, 0x1AFFD, 0x1AFFE,
    0x1B000, 0x1B128, 0x1B132, 0x1B132, 0x1B150, 0x1B152, 0x1B155, 0x1B155, 0x1B164, 0x1B168, 0x1B170, 0x1B2FB,
    0x1BC00, 0x1BC6A, 0x1BC70, 0x1BC7C, 0x1BC80, 0x1BC88, 0x1BC90, 0x1BC99, 0x1D400, 0x1D454, 0x1D456, 0x1D49C,
    0x1D49E, 0x1D49F, 0x1D4A2, 0x1D4A2, 0x1D4A5, 0x1D4A6, 0x1D4A9, 0x1D4AC, 0x1D4AE, 0x1D4B9, 0x1D4BB, 0x1D4BB,
    0x1D4BD, 0x1D4C3, 0x1D4C5, 0x1D505, 0x1D507, 0x1D50A, 0x1D50D, 0x1D514, 0x1D516, 0x1D51C, 0x1D51E, 0x1D539,
    0x1D53B, 0x1D53E, 0x1D540, 0x1D544, 0x1D546, 0x1D546, 0x1D54A, 0x1D550, 0x1D552, 0x1D6A6, 0x1D6A8, 0x1D6C0,
    0x1D6C2, 0x1D6DA, 0x1D6DC, 0x1D6FA, 0x1D6FC, 0x1D714, 0x1D716, 0x1D734, 0x1D736, 0x1D74E, 0x1D750, 0x1D76E,
    0x1D770, 0x1D788, 0x1D78A, 0x1D7A8, 0x1D7AA, 0x1D7C2, 0x1D7C4, 0x1D7CB, 0x1DF00, 0x1DF81, 0x1DF90, 0x1DF96,
    0x1DFCD, 0x1DFFF, 0x1E030, 0x1E06D, 0x1E100, 0x1E12C, 0x1E137, 0x1E13D, 0x1E14E, 0x1E14E, 0x1E290, 0x1E2AD,
    0x1E2C0, 0x1E2EB, 0x1E4D0, 0x1E4EB, 0x1E5D0, 0x1E5ED, 0x1E5F0, 0x1E5F0, 0x1E6C0, 0x1E6DE, 0x1E6E0, 0x1E6E2,
    0x1E6E4, 0x1E6E5, 0x1E6E7, 0x1E6ED, 0x1E6F0, 0x1E6F4, 0x1E6FE, 0x1E6FF, 0x1E7E0, 0x1E7E6, 0x1E7E8, 0x1E7EB,
    0x1E7ED, 0x1E7EE, 0x1E7F0, 0x1E7FE, 0x1E800, 0x1E8C4, 0x1E900, 0x1E943, 0x1E94B, 0x1E94B, 0x1EE00, 0x1EE03,
    0x1EE05, 0x1EE1F, 0x1EE21, 0x1EE22, 0x1EE24, 0x1EE24, 0x1EE27, 0x1EE27, 0x1EE29, 0x1EE32, 0x1EE34, 0x1EE37,
    0x1EE39, 0x1EE39, 0x1EE3B, 0x1EE3B, 0x1EE42, 0x1EE42, 0x1EE47, 0x1EE47, 0x1EE49, 0x1EE49, 0x1EE4B, 0x1EE4B,
    0x1EE4D, 0x1EE4F, 0x1EE51, 0x1EE52, 0x1EE54, 0x1EE54, 0x1EE57, 0x1EE57, 0x1EE59, 0x1EE59, 0x1EE5B, 0x1EE5B,
    0x1EE5D, 0x1EE5D, 0x1EE5F, 0x1EE5F, 0x1EE61, 0x1EE62, 0x1EE64, 0x1EE64, 0x1EE67, 0x1EE6A, 0x1EE6C, 0x1EE72,
    0x1EE74, 0x1EE77, 0x1EE79, 0x1EE7C, 0x1EE7E, 0x1EE7E, 0x1EE80, 0x1EE89, 0x1EE8B, 0x1EE9B, 0x1EEA1, 0x1EEA3,
    0x1EEA5, 0x1EEA9, 0x1EEAB, 0x1EEBB, 0x20000, 0x2A6DF, 0x2A700, 0x2B81E, 0x2B820, 0x2CEAD, 0x2CEB0, 0x2EBE0,
    0x2EBF0, 0x2EE5D, 0x2F800, 0x2FA1D, 0x30000, 0x3134A, 0x31350, 0x33479, 0x3D000, 0x3FC3F,
};
static const uint32_t R_ID_CONTINUE[] = {
    0x30, 0x39, 0x41, 0x5A, 0x5F, 0x5F, 0x61, 0x7A, 0xAA, 0xAA, 0xB5, 0xB5,
    0xB7, 0xB7, 0xBA, 0xBA, 0xC0, 0xD6, 0xD8, 0xF6, 0xF8, 0x2C1, 0x2C6, 0x2D1,
    0x2E0, 0x2E4, 0x2EC, 0x2EC, 0x2EE, 0x2EE, 0x300, 0x374, 0x376, 0x377, 0x37A, 0x37D,
    0x37F, 0x37F, 0x386, 0x38A, 0x38C, 0x38C, 0x38E, 0x3A1, 0x3A3, 0x3F5, 0x3F7, 0x481,
    0x483, 0x487, 0x48A, 0x52F, 0x531, 0x556, 0x558, 0x559, 0x560, 0x588, 0x58B, 0x58C,
    0x591, 0x5BD, 0x5BF, 0x5BF, 0x5C1, 0x5C2, 0x5C4, 0x5C5, 0x5C7, 0x5C9, 0x5D0, 0x5EA,
    0x5EF, 0x5F2, 0x610, 0x61A, 0x620, 0x669, 0x66E, 0x6D3, 0x6D5, 0x6DC, 0x6DF, 0x6E8,
    0x6EA, 0x6FC, 0x6FF, 0x6FF, 0x710, 0x74A, 0x74D, 0x7B1, 0x7C0, 0x7F5, 0x7FA, 0x7FA,
    0x7FD, 0x7FD, 0x800, 0x82D, 0x840, 0x85B, 0x860, 0x86A, 0x870, 0x887, 0x889, 0x88F,
    0x897, 0x8E1, 0x8E3, 0x963, 0x966, 0x96F, 0x971, 0x983, 0x985, 0x98C, 0x98F, 0x990,
    0x993, 0x9A8, 0x9AA, 0x9B0, 0x9B2, 0x9B2, 0x9B6, 0x9B9, 0x9BC, 0x9C4, 0x9C7, 0x9C8,
    0x9CB, 0x9CE, 0x9D7, 0x9D7, 0x9DC, 0x9DD, 0x9DF, 0x9E3, 0x9E6, 0x9F1, 0x9FC, 0x9FC,
    0x9FE, 0x9FE, 0xA01, 0xA03, 0xA05, 0xA0A, 0xA0F, 0xA10, 0xA13, 0xA28, 0xA2A, 0xA30,
    0xA32, 0xA33, 0xA35, 0xA36, 0xA38, 0xA39, 0xA3C, 0xA3C, 0xA3E, 0xA42, 0xA47, 0xA48,
    0xA4B, 0xA4D, 0xA51, 0xA51, 0xA59, 0xA5C, 0xA5E, 0xA5E, 0xA66, 0xA75, 0xA81, 0xA83,
    0xA85, 0xA8D, 0xA8F, 0xA91, 0xA93, 0xAA8, 0xAAA, 0xAB0, 0xAB2, 0xAB3, 0xAB5, 0xAB9,
    0xABC, 0xAC5, 0xAC7, 0xAC9, 0xACB, 0xACD, 0xAD0, 0xAD0, 0xAE0, 0xAE3, 0xAE6, 0xAEF,
    0xAF9, 0xAFF, 0xB01, 0xB03, 0xB05, 0xB0C, 0xB0F, 0xB10, 0xB13, 0xB28, 0xB2A, 0xB30,
    0xB32, 0xB33, 0xB35, 0xB39, 0xB3C, 0xB44, 0xB47, 0xB48, 0xB4B, 0xB4D, 0xB53, 0xB57,
    0xB5C, 0xB5D, 0xB5F, 0xB63, 0xB66, 0xB6F, 0xB71, 0xB71, 0xB82, 0xB83, 0xB85, 0xB8A,
    0xB8E, 0xB90, 0xB92, 0xB95, 0xB99, 0xB9A, 0xB9C, 0xB9C, 0xB9E, 0xB9F, 0xBA3, 0xBA4,
    0xBA8, 0xBAA, 0xBAE, 0xBB9, 0xBBE, 0xBC2, 0xBC6, 0xBC8, 0xBCA, 0xBCD, 0xBD0, 0xBD0,
    0xBD7, 0xBD7, 0xBE6, 0xBEF, 0xC00, 0xC0C, 0xC0E, 0xC10, 0xC12, 0xC28, 0xC2A, 0xC39,
    0xC3C, 0xC44, 0xC46, 0xC48, 0xC4A, 0xC4D, 0xC55, 0xC56, 0xC58, 0xC5A, 0xC5C, 0xC5D,
    0xC60, 0xC63, 0xC66, 0xC6F, 0xC80, 0xC83, 0xC85, 0xC8C, 0xC8E, 0xC90, 0xC92, 0xCA8,
    0xCAA, 0xCB3, 0xCB5, 0xCB9, 0xCBC, 0xCC4, 0xCC6, 0xCC8, 0xCCA, 0xCCD, 0xCD5, 0xCD6,
    0xCDC, 0xCDE, 0xCE0, 0xCE3, 0xCE6, 0xCEF, 0xCF1, 0xCF3, 0xD00, 0xD0C, 0xD0E, 0xD10,
    0xD12, 0xD44, 0xD46, 0xD48, 0xD4A, 0xD4E, 0xD54, 0xD57, 0xD5F, 0xD63, 0xD66, 0xD6F,
    0xD7A, 0xD7F, 0xD81, 0xD83, 0xD85, 0xD96, 0xD9A, 0xDB1, 0xDB3, 0xDBB, 0xDBD, 0xDBD,
    0xDC0, 0xDC6, 0xDCA, 0xDCA, 0xDCF, 0xDD4, 0xDD6, 0xDD6, 0xDD8, 0xDDF, 0xDE6, 0xDEF,
    0xDF2, 0xDF3, 0xE01, 0xE3A, 0xE40, 0xE4E, 0xE50, 0xE59, 0xE81, 0xE82, 0xE84, 0xE84,
    0xE86, 0xE8A, 0xE8C, 0xEA3, 0xEA5, 0xEA5, 0xEA7, 0xEBD, 0xEC0, 0xEC4, 0xEC6, 0xEC6,
    0xEC8, 0xECE, 0xED0, 0xED9, 0xEDC, 0xEDF, 0xF00, 0xF00, 0xF18, 0xF19, 0xF20, 0xF29,
    0xF35, 0xF35, 0xF37, 0xF37, 0xF39, 0xF39, 0xF3E, 0xF47, 0xF49, 0xF6C, 0xF71, 0xF84,
    0xF86, 0xF97, 0xF99, 0xFBC, 0xFC6, 0xFC6, 0x1000, 0x1049, 0x1050, 0x109D, 0x10A0, 0x10C5,
    0x10C7, 0x10C7, 0x10CD, 0x10CD, 0x10D0, 0x10FA, 0x10FC, 0x1248, 0x124A, 0x124D, 0x1250, 0x1256,
    0x1258, 0x1258, 0x125A, 0x125D, 0x1260, 0x1288, 0x128A, 0x128D, 0x1290, 0x12B0, 0x12B2, 0x12B5,
    0x12B8, 0x12BE, 0x12C0, 0x12C0, 0x12C2, 0x12C5, 0x12C8, 0x12D6, 0x12D8, 0x1310, 0x1312, 0x1315,
    0x1318, 0x135A, 0x135D, 0x135F, 0x1369, 0x1371, 0x1380, 0x138F, 0x13A0, 0x13F5, 0x13F8, 0x13FD,
    0x1401, 0x166C, 0x166F, 0x167F, 0x1681, 0x169A, 0x16A0, 0x16EA, 0x16EE, 0x16F8, 0x1700, 0x1715,
    0x171F, 0x1734, 0x1740, 0x1753, 0x1760, 0x176C, 0x176E, 0x1770, 0x1772, 0x1773, 0x1780, 0x17D3,
    0x17D7, 0x17D7, 0x17DC, 0x17DD, 0x17E0, 0x17E9, 0x180B, 0x180D, 0x180F, 0x1819, 0x1820, 0x1878,
    0x1880, 0x18AA, 0x18B0, 0x18F5, 0x1900, 0x191E, 0x1920, 0x192B, 0x1930, 0x193B, 0x1946, 0x196D,
    0x1970, 0x1974, 0x1980, 0x19AB, 0x19B0, 0x19C9, 0x19D0, 0x19DA, 0x1A00, 0x1A1B, 0x1A20, 0x1A5E,
    0x1A60, 0x1A7C, 0x1A7F, 0x1A89, 0x1A90, 0x1A99, 0x1AA7, 0x1AA7, 0x1AB0, 0x1ABD, 0x1ABF, 0x1AF0,
    0x1B00, 0x1B4C, 0x1B50, 0x1B59, 0x1B6B, 0x1B73, 0x1B80, 0x1BF3, 0x1C00, 0x1C37, 0x1C40, 0x1C49,
    0x1C4D, 0x1C7D, 0x1C80, 0x1C8A, 0x1C90, 0x1CBA, 0x1CBD, 0x1CBF, 0x1CD0, 0x1CD2, 0x1CD4, 0x1CFA,
    0x1D00, 0x1F15, 0x1F18, 0x1F1D, 0x1F20, 0x1F45, 0x1F48, 0x1F4D, 0x1F50, 0x1F57, 0x1F59, 0x1F59,
    0x1F5B, 0x1F5B, 0x1F5D, 0x1F5D, 0x1F5F, 0x1F7D, 0x1F80, 0x1FB4, 0x1FB6, 0x1FBC, 0x1FBE, 0x1FBE,
    0x1FC2, 0x1FC4, 0x1FC6, 0x1FCC, 0x1FD0, 0x1FD3, 0x1FD6, 0x1FDB, 0x1FE0, 0x1FEC, 0x1FF2, 0x1FF4,
    0x1FF6, 0x1FFC, 0x200C, 0x200D, 0x203F, 0x2040, 0x2054, 0x2054, 0x2071, 0x2071, 0x207F, 0x207F,
    0x208F, 0x209F, 0x20D0, 0x20DC, 0x20E1, 0x20E1, 0x20E5, 0x20F0, 0x2102, 0x2102, 0x2107, 0x2107,
    0x210A, 0x2113, 0x2115, 0x2115, 0x2118, 0x211D, 0x2124, 0x2124, 0x2126, 0x2126, 0x2128, 0x2128,
    0x212A, 0x2139, 0x213C, 0x213F, 0x2145, 0x2149, 0x214E, 0x214E, 0x2160, 0x2188, 0x2C00, 0x2CE4,
    0x2CEB, 0x2CF3, 0x2D00, 0x2D25, 0x2D27, 0x2D27, 0x2D2D, 0x2D2D, 0x2D30, 0x2D67, 0x2D6F, 0x2D6F,
    0x2D7F, 0x2D96, 0x2DA0, 0x2DA6, 0x2DA8, 0x2DAE, 0x2DB0, 0x2DB6, 0x2DB8, 0x2DBE, 0x2DC0, 0x2DC6,
    0x2DC8, 0x2DCE, 0x2DD0, 0x2DD6, 0x2DD8, 0x2DDE, 0x2DE0, 0x2DFF, 0x3005, 0x3007, 0x3021, 0x302F,
    0x3031, 0x3035, 0x3038, 0x303C, 0x3041, 0x3096, 0x3099, 0x309F, 0x30A1, 0x30FF, 0x3105, 0x312F,
    0x3131, 0x318E, 0x31A0, 0x31BF, 0x31F0, 0x31FF, 0x3400, 0x4DBF, 0x4E00, 0xA48C, 0xA4D0, 0xA4FD,
    0xA500, 0xA60C, 0xA610, 0xA62B, 0xA640, 0xA66F, 0xA674, 0xA67D, 0xA67F, 0xA6F1, 0xA717, 0xA71F,
    0xA722, 0xA788, 0xA78B, 0xA7DD, 0xA7E2, 0xA7E2, 0xA7F1, 0xA827, 0xA82C, 0xA82C, 0xA840, 0xA873,
    0xA880, 0xA8C5, 0xA8D0, 0xA8D9, 0xA8E0, 0xA8F7, 0xA8FB, 0xA8FB, 0xA8FD, 0xA92D, 0xA930, 0xA953,
    0xA960, 0xA97C, 0xA980, 0xA9C0, 0xA9CF, 0xA9D9, 0xA9E0, 0xA9FE, 0xAA00, 0xAA36, 0xAA40, 0xAA4D,
    0xAA50, 0xAA59, 0xAA60, 0xAA76, 0xAA7A, 0xAAC2, 0xAADB, 0xAADD, 0xAAE0, 0xAAEF, 0xAAF2, 0xAAF6,
    0xAB01, 0xAB06, 0xAB09, 0xAB0E, 0xAB11, 0xAB16, 0xAB20, 0xAB26, 0xAB28, 0xAB2E, 0xAB30, 0xAB5A,
    0xAB5C, 0xAB69, 0xAB6C, 0xAB6D, 0xAB70, 0xABEA, 0xABEC, 0xABED, 0xABF0, 0xABF9, 0xAC00, 0xD7A3,
    0xD7B0, 0xD7C6, 0xD7CB, 0xD7FB, 0xF900, 0xFA6D, 0xFA70, 0xFAD9, 0xFB00, 0xFB06, 0xFB13, 0xFB17,
    0xFB1D, 0xFB28, 0xFB2A, 0xFB36, 0xFB38, 0xFB3C, 0xFB3E, 0xFB3E, 0xFB40, 0xFB41, 0xFB43, 0xFB44,
    0xFB46, 0xFBB1, 0xFBD3, 0xFD3D, 0xFD50, 0xFD8F, 0xFD92, 0xFDC7, 0xFDF0, 0xFDFB, 0xFE00, 0xFE0F,
    0xFE20, 0xFE2F, 0xFE33, 0xFE34, 0xFE4D, 0xFE4F, 0xFE70, 0xFE74, 0xFE76, 0xFEFC, 0xFF10, 0xFF19,
    0xFF21, 0xFF3A, 0xFF3F, 0xFF3F, 0xFF41, 0xFF5A, 0xFF65, 0xFFBE, 0xFFC2, 0xFFC7, 0xFFCA, 0xFFCF,
    0xFFD2, 0xFFD7, 0xFFDA, 0xFFDC, 0x10000, 0x1000B, 0x1000D, 0x10026, 0x10028, 0x1003A, 0x1003C, 0x1003D,
    0x1003F, 0x1004D, 0x10050, 0x1005D, 0x10080, 0x100FA, 0x10140, 0x10174, 0x101FD, 0x101FD, 0x10280, 0x1029C,
    0x102A0, 0x102D0, 0x102E0, 0x102E0, 0x10300, 0x1031F, 0x1032D, 0x1034A, 0x10350, 0x1037A, 0x10380, 0x1039D,
    0x103A0, 0x103C3, 0x103C8, 0x103CF, 0x103D1, 0x103D5, 0x10400, 0x1049D, 0x104A0, 0x104A9, 0x104B0, 0x104D3,
    0x104D8, 0x104FB, 0x10500, 0x10527, 0x10530, 0x10563, 0x10570, 0x1057A, 0x1057C, 0x1058A, 0x1058C, 0x10592,
    0x10594, 0x10595, 0x10597, 0x105A1, 0x105A3, 0x105B1, 0x105B3, 0x105B9, 0x105BB, 0x105BC, 0x105C0, 0x105F3,
    0x10600, 0x10736, 0x10740, 0x10755, 0x10760, 0x10767, 0x10780, 0x10785, 0x10787, 0x107B0, 0x107B2, 0x107BF,
    0x10800, 0x10805, 0x10808, 0x10808, 0x1080A, 0x10835, 0x10837, 0x10838, 0x1083C, 0x1083C, 0x1083F, 0x10855,
    0x10860, 0x10876, 0x10880, 0x1089E, 0x108E0, 0x108F2, 0x108F4, 0x108F5, 0x10900, 0x10915, 0x10920, 0x10939,
    0x10940, 0x10959, 0x10980, 0x109B7, 0x109BE, 0x109BF, 0x10A00, 0x10A03, 0x10A05, 0x10A06, 0x10A0C, 0x10A13,
    0x10A15, 0x10A17, 0x10A19, 0x10A35, 0x10A38, 0x10A3A, 0x10A3F, 0x10A3F, 0x10A60, 0x10A7C, 0x10A80, 0x10A9C,
    0x10AC0, 0x10AC7, 0x10AC9, 0x10AE6, 0x10B00, 0x10B35, 0x10B40, 0x10B55, 0x10B60, 0x10B72, 0x10B80, 0x10B91,
    0x10C00, 0x10C48, 0x10C80, 0x10CB2, 0x10CC0, 0x10CF2, 0x10D00, 0x10D27, 0x10D30, 0x10D39, 0x10D40, 0x10D65,
    0x10D69, 0x10D6D, 0x10D6F, 0x10D85, 0x10E80, 0x10EA9, 0x10EAB, 0x10EAC, 0x10EB0, 0x10EB1, 0x10EC2, 0x10EC7,
    0x10ECB, 0x10ECF, 0x10ED9, 0x10EEE, 0x10EF0, 0x10F1C, 0x10F27, 0x10F27, 0x10F30, 0x10F50, 0x10F70, 0x10F85,
    0x10FB0, 0x10FC4, 0x10FE0, 0x10FF6, 0x11000, 0x11046, 0x11066, 0x11075, 0x1107F, 0x110BA, 0x110C2, 0x110C2,
    0x110D0, 0x110E8, 0x110F0, 0x110F9, 0x11100, 0x11134, 0x11136, 0x1113F, 0x11144, 0x11147, 0x11150, 0x11173,
    0x11176, 0x11176, 0x11180, 0x111C4, 0x111C9, 0x111CC, 0x111CE, 0x111DA, 0x111DC, 0x111DC, 0x11200, 0x11211,
    0x11213, 0x11237, 0x1123E, 0x11241, 0x11280, 0x11286, 0x11288, 0x11288, 0x1128A, 0x1128D, 0x1128F, 0x1129D,
    0x1129F, 0x112A8, 0x112B0, 0x112EA, 0x112F0, 0x112F9, 0x11300, 0x11303, 0x11305, 0x1130C, 0x1130F, 0x11310,
    0x11313, 0x11328, 0x1132A, 0x11330, 0x11332, 0x11333, 0x11335, 0x11339, 0x1133B, 0x11344, 0x11347, 0x11348,
    0x1134B, 0x1134D, 0x11350, 0x11350, 0x11357, 0x11357, 0x1135D, 0x11363, 0x11366, 0x1136C, 0x11370, 0x11374,
    0x11380, 0x11389, 0x1138B, 0x1138B, 0x1138E, 0x1138E, 0x11390, 0x113B5, 0x113B7, 0x113C0, 0x113C2, 0x113C2,
    0x113C5, 0x113C5, 0x113C7, 0x113CA, 0x113CC, 0x113D3, 0x113E1, 0x113E2, 0x11400, 0x1144A, 0x11450, 0x11459,
    0x1145E, 0x11461, 0x11480, 0x114C5, 0x114C7, 0x114C7, 0x114D0, 0x114D9, 0x11580, 0x115B5, 0x115B8, 0x115C0,
    0x115D8, 0x115DD, 0x11600, 0x11640, 0x11644, 0x11644, 0x11650, 0x11659, 0x11680, 0x116B8, 0x116C0, 0x116C9,
    0x116D0, 0x116E3, 0x11700, 0x1171A, 0x1171D, 0x1172B, 0x11730, 0x11739, 0x11740, 0x11746, 0x11800, 0x1183A,
    0x118A0, 0x118E9, 0x118FF, 0x11906, 0x11909, 0x11909, 0x1190C, 0x11913, 0x11915, 0x11916, 0x11918, 0x11935,
    0x11937, 0x11938, 0x1193B, 0x11943, 0x11950, 0x11959, 0x119A0, 0x119A7, 0x119AA, 0x119D7, 0x119DA, 0x119E1,
    0x119E3, 0x119E4, 0x11A00, 0x11A3E, 0x11A47, 0x11A47, 0x11A50, 0x11A99, 0x11A9D, 0x11A9D, 0x11AB0, 0x11AF8,
    0x11B0A, 0x11B0A, 0x11B60, 0x11B67, 0x11BC0, 0x11BE0, 0x11BF0, 0x11BF9, 0x11C00, 0x11C08, 0x11C0A, 0x11C36,
    0x11C38, 0x11C40, 0x11C50, 0x11C59, 0x11C72, 0x11C8F, 0x11C92, 0x11CA7, 0x11CA9, 0x11CB6, 0x11D00, 0x11D06,
    0x11D08, 0x11D09, 0x11D0B, 0x11D36, 0x11D3A, 0x11D3A, 0x11D3C, 0x11D3D, 0x11D3F, 0x11D47, 0x11D50, 0x11D59,
    0x11D60, 0x11D65, 0x11D67, 0x11D68, 0x11D6A, 0x11D8E, 0x11D90, 0x11D91, 0x11D93, 0x11D98, 0x11DA0, 0x11DA9,
    0x11DB0, 0x11DDB, 0x11DE0, 0x11DE9, 0x11DF0, 0x11DF1, 0x11EE0, 0x11EF6, 0x11F00, 0x11F10, 0x11F12, 0x11F3A,
    0x11F3E, 0x11F42, 0x11F50, 0x11F5A, 0x11FB0, 0x11FB0, 0x12000, 0x12399, 0x12400, 0x1246F, 0x12475, 0x12543,
    0x12550, 0x12686, 0x12F90, 0x12FF0, 0x13000, 0x1342F, 0x13440, 0x13455, 0x13460, 0x143FA, 0x14400, 0x14646,
    0x16100, 0x16139, 0x16800, 0x16A38, 0x16A40, 0x16A5E, 0x16A60, 0x16A69, 0x16A70, 0x16ABE, 0x16AC0, 0x16AC9,
    0x16AD0, 0x16AED, 0x16AF0, 0x16AF4, 0x16B00, 0x16B36, 0x16B40, 0x16B43, 0x16B50, 0x16B59, 0x16B63, 0x16B77,
    0x16B7D, 0x16B8F, 0x16D40, 0x16D6C, 0x16D70, 0x16D79, 0x16E40, 0x16E7F, 0x16EA0, 0x16EB8, 0x16EBB, 0x16ED3,
    0x16F00, 0x16F4A, 0x16F4F, 0x16F87, 0x16F8F, 0x16F9F, 0x16FE0, 0x16FE1, 0x16FE3, 0x16FE4, 0x16FF0, 0x16FF6,
    0x17000, 0x18CDA, 0x18CFF, 0x18D20, 0x18D80, 0x18DF2, 0x18E00, 0x19191, 0x191A0, 0x191D2, 0x1AFF0, 0x1AFF3,
    0x1AFF5, 0x1AFFB, 0x1AFFD, 0x1AFFE, 0x1B000, 0x1B128, 0x1B132, 0x1B132, 0x1B150, 0x1B152, 0x1B155, 0x1B155,
    0x1B164, 0x1B168, 0x1B170, 0x1B2FB, 0x1BC00, 0x1BC6A, 0x1BC70, 0x1BC7C, 0x1BC80, 0x1BC88, 0x1BC90, 0x1BC99,
    0x1BC9D, 0x1BC9E, 0x1CCF0, 0x1CCF9, 0x1CF00, 0x1CF2D, 0x1CF30, 0x1CF46, 0x1D127, 0x1D128, 0x1D165, 0x1D169,
    0x1D16D, 0x1D172, 0x1D17B, 0x1D182, 0x1D185, 0x1D18B, 0x1D1AA, 0x1D1AD, 0x1D242, 0x1D244, 0x1D250, 0x1D252,
    0x1D25B, 0x1D25C, 0x1D25F, 0x1D25F, 0x1D280, 0x1D281, 0x1D400, 0x1D454, 0x1D456, 0x1D49C, 0x1D49E, 0x1D49F,
    0x1D4A2, 0x1D4A2, 0x1D4A5, 0x1D4A6, 0x1D4A9, 0x1D4AC, 0x1D4AE, 0x1D4B9, 0x1D4BB, 0x1D4BB, 0x1D4BD, 0x1D4C3,
    0x1D4C5, 0x1D505, 0x1D507, 0x1D50A, 0x1D50D, 0x1D514, 0x1D516, 0x1D51C, 0x1D51E, 0x1D539, 0x1D53B, 0x1D53E,
    0x1D540, 0x1D544, 0x1D546, 0x1D546, 0x1D54A, 0x1D550, 0x1D552, 0x1D6A6, 0x1D6A8, 0x1D6C0, 0x1D6C2, 0x1D6DA,
    0x1D6DC, 0x1D6FA, 0x1D6FC, 0x1D714, 0x1D716, 0x1D734, 0x1D736, 0x1D74E, 0x1D750, 0x1D76E, 0x1D770, 0x1D788,
    0x1D78A, 0x1D7A8, 0x1D7AA, 0x1D7C2, 0x1D7C4, 0x1D7CB, 0x1D7CE, 0x1D7FF, 0x1DA00, 0x1DA36, 0x1DA3B, 0x1DA6C,
    0x1DA75, 0x1DA75, 0x1DA84, 0x1DA84, 0x1DA9B, 0x1DA9F, 0x1DAA1, 0x1DAAF, 0x1DF00, 0x1DF81, 0x1DF90, 0x1DF96,
    0x1DFCD, 0x1E006, 0x1E008, 0x1E018, 0x1E01B, 0x1E021, 0x1E023, 0x1E024, 0x1E026, 0x1E02A, 0x1E030, 0x1E06D,
    0x1E08F, 0x1E08F, 0x1E100, 0x1E12C, 0x1E130, 0x1E13D, 0x1E140, 0x1E149, 0x1E14E, 0x1E14E, 0x1E290, 0x1E2AE,
    0x1E2C0, 0x1E2F9, 0x1E4D0, 0x1E4F9, 0x1E5D0, 0x1E5FA, 0x1E6C0, 0x1E6DE, 0x1E6E0, 0x1E6F5, 0x1E6FE, 0x1E6FF,
    0x1E7E0, 0x1E7E6, 0x1E7E8, 0x1E7EB, 0x1E7ED, 0x1E7EE, 0x1E7F0, 0x1E7FE, 0x1E800, 0x1E8C4, 0x1E8D0, 0x1E8D6,
    0x1E900, 0x1E94B, 0x1E950, 0x1E959, 0x1EE00, 0x1EE03, 0x1EE05, 0x1EE1F, 0x1EE21, 0x1EE22, 0x1EE24, 0x1EE24,
    0x1EE27, 0x1EE27, 0x1EE29, 0x1EE32, 0x1EE34, 0x1EE37, 0x1EE39, 0x1EE39, 0x1EE3B, 0x1EE3B, 0x1EE42, 0x1EE42,
    0x1EE47, 0x1EE47, 0x1EE49, 0x1EE49, 0x1EE4B, 0x1EE4B, 0x1EE4D, 0x1EE4F, 0x1EE51, 0x1EE52, 0x1EE54, 0x1EE54,
    0x1EE57, 0x1EE57, 0x1EE59, 0x1EE59, 0x1EE5B, 0x1EE5B, 0x1EE5D, 0x1EE5D, 0x1EE5F, 0x1EE5F, 0x1EE61, 0x1EE62,
    0x1EE64, 0x1EE64, 0x1EE67, 0x1EE6A, 0x1EE6C, 0x1EE72, 0x1EE74, 0x1EE77, 0x1EE79, 0x1EE7C, 0x1EE7E, 0x1EE7E,
    0x1EE80, 0x1EE89, 0x1EE8B, 0x1EE9B, 0x1EEA1, 0x1EEA3, 0x1EEA5, 0x1EEA9, 0x1EEAB, 0x1EEBB, 0x1FBF0, 0x1FBF9,
    0x20000, 0x2A6DF, 0x2A700, 0x2B81E, 0x2B820, 0x2CEAD, 0x2CEB0, 0x2EBE0, 0x2EBF0, 0x2EE5D, 0x2F800, 0x2FA1D,
    0x30000, 0x3134A, 0x31350, 0x33479, 0x3D000, 0x3FC3F, 0xE0100, 0xE01EF,
};
const struct urange_set uni_id_start = { R_ID_START, 695 };
const struct urange_set uni_id_continue = { R_ID_CONTINUE, 814 };

static const uint32_t R_GC_C[] = {
    0x0, 0x1F, 0x7F, 0x9F, 0xAD, 0xAD, 0x600, 0x605, 0x61C, 0x61C, 0x6DD, 0x6DD,
    0x70F, 0x70F, 0x890, 0x891, 0x8E2, 0x8E2, 0x180E, 0x180E, 0x200B, 0x200F, 0x202A, 0x202E,
    0x2060, 0x2064, 0x2066, 0x206F, 0xD800, 0xF8FF, 0xFEFF, 0xFEFF, 0xFFF9, 0xFFFB, 0x110BD, 0x110BD,
    0x110CD, 0x110CD, 0x13430, 0x1343F, 0x1BCA0, 0x1BCA3, 0x1D173, 0x1D17A, 0xE0001, 0xE0001, 0xE0020, 0xE007F,
    0xF0000, 0xFFFFD, 0x100000, 0x10FFFD,
};
static const uint32_t R_GC_Cc[] = {
    0x0, 0x1F, 0x7F, 0x9F,
};
static const uint32_t R_GC_Cf[] = {
    0xAD, 0xAD, 0x600, 0x605, 0x61C, 0x61C, 0x6DD, 0x6DD, 0x70F, 0x70F, 0x890, 0x891,
    0x8E2, 0x8E2, 0x180E, 0x180E, 0x200B, 0x200F, 0x202A, 0x202E, 0x2060, 0x2064, 0x2066, 0x206F,
    0xFEFF, 0xFEFF, 0xFFF9, 0xFFFB, 0x110BD, 0x110BD, 0x110CD, 0x110CD, 0x13430, 0x1343F, 0x1BCA0, 0x1BCA3,
    0x1D173, 0x1D17A, 0xE0001, 0xE0001, 0xE0020, 0xE007F,
};
static const uint32_t R_GC_Cn[] = {
    0
};
static const uint32_t R_GC_Co[] = {
    0xE000, 0xF8FF, 0xF0000, 0xFFFFD, 0x100000, 0x10FFFD,
};
static const uint32_t R_GC_Cs[] = {
    0xD800, 0xDFFF,
};
static const uint32_t R_GC_L[] = {
    0x41, 0x5A, 0x61, 0x7A, 0xAA, 0xAA, 0xB5, 0xB5, 0xBA, 0xBA, 0xC0, 0xD6,
    0xD8, 0xF6, 0xF8, 0x2C1, 0x2C6, 0x2D1, 0x2E0, 0x2E4, 0x2EC, 0x2EC, 0x2EE, 0x2EE,
    0x370, 0x374, 0x376, 0x377, 0x37A, 0x37D, 0x37F, 0x37F, 0x386, 0x386, 0x388, 0x38A,
    0x38C, 0x38C, 0x38E, 0x3A1, 0x3A3, 0x3F5, 0x3F7, 0x481, 0x48A, 0x52F, 0x531, 0x556,
    0x558, 0x559, 0x560, 0x588, 0x58B, 0x58C, 0x5D0, 0x5EA, 0x5EF, 0x5F2, 0x620, 0x64A,
    0x66E, 0x66F, 0x671, 0x6D3, 0x6D5, 0x6D5, 0x6E5, 0x6E6, 0x6EE, 0x6EF, 0x6FA, 0x6FC,
    0x6FF, 0x6FF, 0x710, 0x710, 0x712, 0x72F, 0x74D, 0x7A5, 0x7B1, 0x7B1, 0x7CA, 0x7EA,
    0x7F4, 0x7F5, 0x7FA, 0x7FA, 0x800, 0x815, 0x81A, 0x81A, 0x824, 0x824, 0x828, 0x828,
    0x840, 0x858, 0x860, 0x86A, 0x870, 0x887, 0x889, 0x88F, 0x8A0, 0x8C9, 0x904, 0x939,
    0x93D, 0x93D, 0x950, 0x950, 0x958, 0x961, 0x971, 0x980, 0x985, 0x98C, 0x98F, 0x990,
    0x993, 0x9A8, 0x9AA, 0x9B0, 0x9B2, 0x9B2, 0x9B6, 0x9B9, 0x9BD, 0x9BD, 0x9CE, 0x9CE,
    0x9DC, 0x9DD, 0x9DF, 0x9E1, 0x9F0, 0x9F1, 0x9FC, 0x9FC, 0xA05, 0xA0A, 0xA0F, 0xA10,
    0xA13, 0xA28, 0xA2A, 0xA30, 0xA32, 0xA33, 0xA35, 0xA36, 0xA38, 0xA39, 0xA59, 0xA5C,
    0xA5E, 0xA5E, 0xA72, 0xA74, 0xA85, 0xA8D, 0xA8F, 0xA91, 0xA93, 0xAA8, 0xAAA, 0xAB0,
    0xAB2, 0xAB3, 0xAB5, 0xAB9, 0xABD, 0xABD, 0xAD0, 0xAD0, 0xAE0, 0xAE1, 0xAF9, 0xAF9,
    0xB05, 0xB0C, 0xB0F, 0xB10, 0xB13, 0xB28, 0xB2A, 0xB30, 0xB32, 0xB33, 0xB35, 0xB39,
    0xB3D, 0xB3D, 0xB5C, 0xB5D, 0xB5F, 0xB61, 0xB71, 0xB71, 0xB83, 0xB83, 0xB85, 0xB8A,
    0xB8E, 0xB90, 0xB92, 0xB95, 0xB99, 0xB9A, 0xB9C, 0xB9C, 0xB9E, 0xB9F, 0xBA3, 0xBA4,
    0xBA8, 0xBAA, 0xBAE, 0xBB9, 0xBD0, 0xBD0, 0xC05, 0xC0C, 0xC0E, 0xC10, 0xC12, 0xC28,
    0xC2A, 0xC39, 0xC3D, 0xC3D, 0xC58, 0xC5A, 0xC5C, 0xC5D, 0xC60, 0xC61, 0xC80, 0xC80,
    0xC85, 0xC8C, 0xC8E, 0xC90, 0xC92, 0xCA8, 0xCAA, 0xCB3, 0xCB5, 0xCB9, 0xCBD, 0xCBD,
    0xCDC, 0xCDE, 0xCE0, 0xCE1, 0xCF1, 0xCF2, 0xD04, 0xD0C, 0xD0E, 0xD10, 0xD12, 0xD3A,
    0xD3D, 0xD3D, 0xD4E, 0xD4E, 0xD54, 0xD56, 0xD5F, 0xD61, 0xD7A, 0xD7F, 0xD85, 0xD96,
    0xD9A, 0xDB1, 0xDB3, 0xDBB, 0xDBD, 0xDBD, 0xDC0, 0xDC6, 0xE01, 0xE30, 0xE32, 0xE33,
    0xE40, 0xE46, 0xE81, 0xE82, 0xE84, 0xE84, 0xE86, 0xE8A, 0xE8C, 0xEA3, 0xEA5, 0xEA5,
    0xEA7, 0xEB0, 0xEB2, 0xEB3, 0xEBD, 0xEBD, 0xEC0, 0xEC4, 0xEC6, 0xEC6, 0xEDC, 0xEDF,
    0xF00, 0xF00, 0xF40, 0xF47, 0xF49, 0xF6C, 0xF88, 0xF8C, 0x1000, 0x102A, 0x103F, 0x103F,
    0x1050, 0x1055, 0x105A, 0x105D, 0x1061, 0x1061, 0x1065, 0x1066, 0x106E, 0x1070, 0x1075, 0x1081,
    0x108E, 0x108E, 0x10A0, 0x10C5, 0x10C7, 0x10C7, 0x10CD, 0x10CD, 0x10D0, 0x10FA, 0x10FC, 0x1248,
    0x124A, 0x124D, 0x1250, 0x1256, 0x1258, 0x1258, 0x125A, 0x125D, 0x1260, 0x1288, 0x128A, 0x128D,
    0x1290, 0x12B0, 0x12B2, 0x12B5, 0x12B8, 0x12BE, 0x12C0, 0x12C0, 0x12C2, 0x12C5, 0x12C8, 0x12D6,
    0x12D8, 0x1310, 0x1312, 0x1315, 0x1318, 0x135A, 0x1380, 0x138F, 0x13A0, 0x13F5, 0x13F8, 0x13FD,
    0x1401, 0x166C, 0x166F, 0x167F, 0x1681, 0x169A, 0x16A0, 0x16EA, 0x16F1, 0x16F8, 0x1700, 0x1711,
    0x171F, 0x1731, 0x1740, 0x1751, 0x1760, 0x176C, 0x176E, 0x1770, 0x1780, 0x17B3, 0x17D7, 0x17D7,
    0x17DC, 0x17DC, 0x1820, 0x1878, 0x1880, 0x1884, 0x1887, 0x18A8, 0x18AA, 0x18AA, 0x18B0, 0x18F5,
    0x1900, 0x191E, 0x1950, 0x196D, 0x1970, 0x1974, 0x1980, 0x19AB, 0x19B0, 0x19C9, 0x1A00, 0x1A16,
    0x1A20, 0x1A54, 0x1AA7, 0x1AA7, 0x1B05, 0x1B33, 0x1B45, 0x1B4C, 0x1B83, 0x1BA0, 0x1BAE, 0x1BAF,
    0x1BBA, 0x1BE5, 0x1C00, 0x1C23, 0x1C4D, 0x1C4F, 0x1C5A, 0x1C7D, 0x1C80, 0x1C8A, 0x1C90, 0x1CBA,
    0x1CBD, 0x1CBF, 0x1CE9, 0x1CEC, 0x1CEE, 0x1CF3, 0x1CF5, 0x1CF6, 0x1CFA, 0x1CFA, 0x1D00, 0x1DBF,
    0x1E00, 0x1F15, 0x1F18, 0x1F1D, 0x1F20, 0x1F45, 0x1F48, 0x1F4D, 0x1F50, 0x1F57, 0x1F59, 0x1F59,
    0x1F5B, 0x1F5B, 0x1F5D, 0x1F5D, 0x1F5F, 0x1F7D, 0x1F80, 0x1FB4, 0x1FB6, 0x1FBC, 0x1FBE, 0x1FBE,
    0x1FC2, 0x1FC4, 0x1FC6, 0x1FCC, 0x1FD0, 0x1FD3, 0x1FD6, 0x1FDB, 0x1FE0, 0x1FEC, 0x1FF2, 0x1FF4,
    0x1FF6, 0x1FFC, 0x2071, 0x2071, 0x207F, 0x207F, 0x208F, 0x209F, 0x2102, 0x2102, 0x2107, 0x2107,
    0x210A, 0x2113, 0x2115, 0x2115, 0x2119, 0x211D, 0x2124, 0x2124, 0x2126, 0x2126, 0x2128, 0x2128,
    0x212A, 0x212D, 0x212F, 0x2139, 0x213C, 0x213F, 0x2145, 0x2149, 0x214E, 0x214E, 0x2183, 0x2184,
    0x2C00, 0x2CE4, 0x2CEB, 0x2CEE, 0x2CF2, 0x2CF3, 0x2D00, 0x2D25, 0x2D27, 0x2D27, 0x2D2D, 0x2D2D,
    0x2D30, 0x2D67, 0x2D6F, 0x2D6F, 0x2D80, 0x2D96, 0x2DA0, 0x2DA6, 0x2DA8, 0x2DAE, 0x2DB0, 0x2DB6,
    0x2DB8, 0x2DBE, 0x2DC0, 0x2DC6, 0x2DC8, 0x2DCE, 0x2DD0, 0x2DD6, 0x2DD8, 0x2DDE, 0x2E2F, 0x2E2F,
    0x3005, 0x3006, 0x3031, 0x3035, 0x303B, 0x303C, 0x3041, 0x3096, 0x309D, 0x309F, 0x30A1, 0x30FA,
    0x30FC, 0x30FF, 0x3105, 0x312F, 0x3131, 0x318E, 0x31A0, 0x31BF, 0x31F0, 0x31FF, 0x3400, 0x4DBF,
    0x4E00, 0xA48C, 0xA4D0, 0xA4FD, 0xA500, 0xA60C, 0xA610, 0xA61F, 0xA62A, 0xA62B, 0xA640, 0xA66E,
    0xA67F, 0xA69D, 0xA6A0, 0xA6E5, 0xA717, 0xA71F, 0xA722, 0xA788, 0xA78B, 0xA7DD, 0xA7E2, 0xA7E2,
    0xA7F1, 0xA801, 0xA803, 0xA805, 0xA807, 0xA80A, 0xA80C, 0xA822, 0xA840, 0xA873, 0xA882, 0xA8B3,
    0xA8F2, 0xA8F7, 0xA8FB, 0xA8FB, 0xA8FD, 0xA8FE, 0xA90A, 0xA925, 0xA930, 0xA946, 0xA960, 0xA97C,
    0xA984, 0xA9B2, 0xA9CF, 0xA9CF, 0xA9E0, 0xA9E4, 0xA9E6, 0xA9EF, 0xA9FA, 0xA9FE, 0xAA00, 0xAA28,
    0xAA40, 0xAA42, 0xAA44, 0xAA4B, 0xAA60, 0xAA76, 0xAA7A, 0xAA7A, 0xAA7E, 0xAAAF, 0xAAB1, 0xAAB1,
    0xAAB5, 0xAAB6, 0xAAB9, 0xAABD, 0xAAC0, 0xAAC0, 0xAAC2, 0xAAC2, 0xAADB, 0xAADD, 0xAAE0, 0xAAEA,
    0xAAF2, 0xAAF4, 0xAB01, 0xAB06, 0xAB09, 0xAB0E, 0xAB11, 0xAB16, 0xAB20, 0xAB26, 0xAB28, 0xAB2E,
    0xAB30, 0xAB5A, 0xAB5C, 0xAB69, 0xAB6C, 0xAB6D, 0xAB70, 0xABE2, 0xAC00, 0xD7A3, 0xD7B0, 0xD7C6,
    0xD7CB, 0xD7FB, 0xF900, 0xFA6D, 0xFA70, 0xFAD9, 0xFB00, 0xFB06, 0xFB13, 0xFB17, 0xFB1D, 0xFB1D,
    0xFB1F, 0xFB28, 0xFB2A, 0xFB36, 0xFB38, 0xFB3C, 0xFB3E, 0xFB3E, 0xFB40, 0xFB41, 0xFB43, 0xFB44,
    0xFB46, 0xFBB1, 0xFBD3, 0xFD3D, 0xFD50, 0xFD8F, 0xFD92, 0xFDC7, 0xFDF0, 0xFDFB, 0xFE70, 0xFE74,
    0xFE76, 0xFEFC, 0xFF21, 0xFF3A, 0xFF41, 0xFF5A, 0xFF66, 0xFFBE, 0xFFC2, 0xFFC7, 0xFFCA, 0xFFCF,
    0xFFD2, 0xFFD7, 0xFFDA, 0xFFDC, 0x10000, 0x1000B, 0x1000D, 0x10026, 0x10028, 0x1003A, 0x1003C, 0x1003D,
    0x1003F, 0x1004D, 0x10050, 0x1005D, 0x10080, 0x100FA, 0x10280, 0x1029C, 0x102A0, 0x102D0, 0x10300, 0x1031F,
    0x1032D, 0x10340, 0x10342, 0x10349, 0x10350, 0x10375, 0x10380, 0x1039D, 0x103A0, 0x103C3, 0x103C8, 0x103CF,
    0x10400, 0x1049D, 0x104B0, 0x104D3, 0x104D8, 0x104FB, 0x10500, 0x10527, 0x10530, 0x10563, 0x10570, 0x1057A,
    0x1057C, 0x1058A, 0x1058C, 0x10592, 0x10594, 0x10595, 0x10597, 0x105A1, 0x105A3, 0x105B1, 0x105B3, 0x105B9,
    0x105BB, 0x105BC, 0x105C0, 0x105F3, 0x10600, 0x10736, 0x10740, 0x10755, 0x10760, 0x10767, 0x10780, 0x10785,
    0x10787, 0x107B0, 0x107B2, 0x107BF, 0x10800, 0x10805, 0x10808, 0x10808, 0x1080A, 0x10835, 0x10837, 0x10838,
    0x1083C, 0x1083C, 0x1083F, 0x10855, 0x10860, 0x10876, 0x10880, 0x1089E, 0x108E0, 0x108F2, 0x108F4, 0x108F5,
    0x10900, 0x10915, 0x10920, 0x10939, 0x10940, 0x10959, 0x10980, 0x109B7, 0x109BE, 0x109BF, 0x10A00, 0x10A00,
    0x10A10, 0x10A13, 0x10A15, 0x10A17, 0x10A19, 0x10A35, 0x10A60, 0x10A7C, 0x10A80, 0x10A9C, 0x10AC0, 0x10AC7,
    0x10AC9, 0x10AE4, 0x10B00, 0x10B35, 0x10B40, 0x10B55, 0x10B60, 0x10B72, 0x10B80, 0x10B91, 0x10C00, 0x10C48,
    0x10C80, 0x10CB2, 0x10CC0, 0x10CF2, 0x10D00, 0x10D23, 0x10D4A, 0x10D65, 0x10D6F, 0x10D85, 0x10E80, 0x10EA9,
    0x10EB0, 0x10EB1, 0x10EC2, 0x10EC7, 0x10ED9, 0x10EEE, 0x10F00, 0x10F1C, 0x10F27, 0x10F27, 0x10F30, 0x10F45,
    0x10F70, 0x10F81, 0x10FB0, 0x10FC4, 0x10FE0, 0x10FF6, 0x11003, 0x11037, 0x11071, 0x11072, 0x11075, 0x11075,
    0x11083, 0x110AF, 0x110D0, 0x110E8, 0x11103, 0x11126, 0x11144, 0x11144, 0x11147, 0x11147, 0x11150, 0x11172,
    0x11176, 0x11176, 0x11183, 0x111B2, 0x111C1, 0x111C4, 0x111DA, 0x111DA, 0x111DC, 0x111DC, 0x11200, 0x11211,
    0x11213, 0x1122B, 0x1123F, 0x11240, 0x11280, 0x11286, 0x11288, 0x11288, 0x1128A, 0x1128D, 0x1128F, 0x1129D,
    0x1129F, 0x112A8, 0x112B0, 0x112DE, 0x11305, 0x1130C, 0x1130F, 0x11310, 0x11313, 0x11328, 0x1132A, 0x11330,
    0x11332, 0x11333, 0x11335, 0x11339, 0x1133D, 0x1133D, 0x11350, 0x11350, 0x1135D, 0x11361, 0x11380, 0x11389,
    0x1138B, 0x1138B, 0x1138E, 0x1138E, 0x11390, 0x113B5, 0x113B7, 0x113B7, 0x113D1, 0x113D1, 0x113D3, 0x113D3,
    0x11400, 0x11434, 0x11447, 0x1144A, 0x1145F, 0x11461, 0x11480, 0x114AF, 0x114C4, 0x114C5, 0x114C7, 0x114C7,
    0x11580, 0x115AE, 0x115D8, 0x115DB, 0x11600, 0x1162F, 0x11644, 0x11644, 0x11680, 0x116AA, 0x116B8, 0x116B8,
    0x11700, 0x1171A, 0x11740, 0x11746, 0x11800, 0x1182B, 0x118A0, 0x118DF, 0x118FF, 0x11906, 0x11909, 0x11909,
    0x1190C, 0x11913, 0x11915, 0x11916, 0x11918, 0x1192F, 0x1193F, 0x1193F, 0x11941, 0x11941, 0x119A0, 0x119A7,
    0x119AA, 0x119D0, 0x119E1, 0x119E1, 0x119E3, 0x119E3, 0x11A00, 0x11A00, 0x11A0B, 0x11A32, 0x11A3A, 0x11A3A,
    0x11A50, 0x11A50, 0x11A5C, 0x11A89, 0x11A9D, 0x11A9D, 0x11AB0, 0x11AF8, 0x11B0A, 0x11B0A, 0x11BC0, 0x11BE0,
    0x11C00, 0x11C08, 0x11C0A, 0x11C2E, 0x11C40, 0x11C40, 0x11C72, 0x11C8F, 0x11D00, 0x11D06, 0x11D08, 0x11D09,
    0x11D0B, 0x11D30, 0x11D46, 0x11D46, 0x11D60, 0x11D65, 0x11D67, 0x11D68, 0x11D6A, 0x11D89, 0x11D98, 0x11D98,
    0x11DB0, 0x11DDB, 0x11DF1, 0x11DF1, 0x11EE0, 0x11EF2, 0x11F02, 0x11F02, 0x11F04, 0x11F10, 0x11F12, 0x11F33,
    0x11FB0, 0x11FB0, 0x12000, 0x12399, 0x12480, 0x12543, 0x12F90, 0x12FF0, 0x13000, 0x1342F, 0x13441, 0x13446,
    0x13460, 0x143FA, 0x14400, 0x14646, 0x16100, 0x1611D, 0x16800, 0x16A38, 0x16A40, 0x16A5E, 0x16A70, 0x16ABE,
    0x16AD0, 0x16AED, 0x16B00, 0x16B2F, 0x16B40, 0x16B43, 0x16B63, 0x16B77, 0x16B7D, 0x16B8F, 0x16D40, 0x16D6C,
    0x16E40, 0x16E7F, 0x16EA0, 0x16EB8, 0x16EBB, 0x16ED3, 0x16F00, 0x16F4A, 0x16F50, 0x16F50, 0x16F93, 0x16F9F,
    0x16FE0, 0x16FE1, 0x16FE3, 0x16FE3, 0x16FF2, 0x16FF3, 0x17000, 0x18CDA, 0x18CFF, 0x18D20, 0x18D80, 0x18DF2,
    0x18E00, 0x19191, 0x191A0, 0x191D2, 0x1AFF0, 0x1AFF3, 0x1AFF5, 0x1AFFB, 0x1AFFD, 0x1AFFE, 0x1B000, 0x1B128,
    0x1B132, 0x1B132, 0x1B150, 0x1B152, 0x1B155, 0x1B155, 0x1B164, 0x1B168, 0x1B170, 0x1B2FB, 0x1BC00, 0x1BC6A,
    0x1BC70, 0x1BC7C, 0x1BC80, 0x1BC88, 0x1BC90, 0x1BC99, 0x1D400, 0x1D454, 0x1D456, 0x1D49C, 0x1D49E, 0x1D49F,
    0x1D4A2, 0x1D4A2, 0x1D4A5, 0x1D4A6, 0x1D4A9, 0x1D4AC, 0x1D4AE, 0x1D4B9, 0x1D4BB, 0x1D4BB, 0x1D4BD, 0x1D4C3,
    0x1D4C5, 0x1D505, 0x1D507, 0x1D50A, 0x1D50D, 0x1D514, 0x1D516, 0x1D51C, 0x1D51E, 0x1D539, 0x1D53B, 0x1D53E,
    0x1D540, 0x1D544, 0x1D546, 0x1D546, 0x1D54A, 0x1D550, 0x1D552, 0x1D6A6, 0x1D6A8, 0x1D6C0, 0x1D6C2, 0x1D6DA,
    0x1D6DC, 0x1D6FA, 0x1D6FC, 0x1D714, 0x1D716, 0x1D734, 0x1D736, 0x1D74E, 0x1D750, 0x1D76E, 0x1D770, 0x1D788,
    0x1D78A, 0x1D7A8, 0x1D7AA, 0x1D7C2, 0x1D7C4, 0x1D7CB, 0x1DF00, 0x1DF81, 0x1DF90, 0x1DF96, 0x1DFCD, 0x1DFFF,
    0x1E030, 0x1E06D, 0x1E100, 0x1E12C, 0x1E137, 0x1E13D, 0x1E14E, 0x1E14E, 0x1E290, 0x1E2AD, 0x1E2C0, 0x1E2EB,
    0x1E4D0, 0x1E4EB, 0x1E5D0, 0x1E5ED, 0x1E5F0, 0x1E5F0, 0x1E6C0, 0x1E6DE, 0x1E6E0, 0x1E6E2, 0x1E6E4, 0x1E6E5,
    0x1E6E7, 0x1E6ED, 0x1E6F0, 0x1E6F4, 0x1E6FE, 0x1E6FF, 0x1E7E0, 0x1E7E6, 0x1E7E8, 0x1E7EB, 0x1E7ED, 0x1E7EE,
    0x1E7F0, 0x1E7FE, 0x1E800, 0x1E8C4, 0x1E900, 0x1E943, 0x1E94B, 0x1E94B, 0x1EE00, 0x1EE03, 0x1EE05, 0x1EE1F,
    0x1EE21, 0x1EE22, 0x1EE24, 0x1EE24, 0x1EE27, 0x1EE27, 0x1EE29, 0x1EE32, 0x1EE34, 0x1EE37, 0x1EE39, 0x1EE39,
    0x1EE3B, 0x1EE3B, 0x1EE42, 0x1EE42, 0x1EE47, 0x1EE47, 0x1EE49, 0x1EE49, 0x1EE4B, 0x1EE4B, 0x1EE4D, 0x1EE4F,
    0x1EE51, 0x1EE52, 0x1EE54, 0x1EE54, 0x1EE57, 0x1EE57, 0x1EE59, 0x1EE59, 0x1EE5B, 0x1EE5B, 0x1EE5D, 0x1EE5D,
    0x1EE5F, 0x1EE5F, 0x1EE61, 0x1EE62, 0x1EE64, 0x1EE64, 0x1EE67, 0x1EE6A, 0x1EE6C, 0x1EE72, 0x1EE74, 0x1EE77,
    0x1EE79, 0x1EE7C, 0x1EE7E, 0x1EE7E, 0x1EE80, 0x1EE89, 0x1EE8B, 0x1EE9B, 0x1EEA1, 0x1EEA3, 0x1EEA5, 0x1EEA9,
    0x1EEAB, 0x1EEBB, 0x20000, 0x2A6DF, 0x2A700, 0x2B81E, 0x2B820, 0x2CEAD, 0x2CEB0, 0x2EBE0, 0x2EBF0, 0x2EE5D,
    0x2F800, 0x2FA1D, 0x30000, 0x3134A, 0x31350, 0x33479, 0x3D000, 0x3FC3F,
};
static const uint32_t R_GC_LC[] = {
    0x41, 0x5A, 0x61, 0x7A, 0xB5, 0xB5, 0xC0, 0xD6, 0xD8, 0xF6, 0xF8, 0x1BA,
    0x1BC, 0x1BF, 0x1C4, 0x293, 0x296, 0x2AF, 0x370, 0x373, 0x376, 0x377, 0x37B, 0x37D,
    0x37F, 0x37F, 0x386, 0x386, 0x388, 0x38A, 0x38C, 0x38C, 0x38E, 0x3A1, 0x3A3, 0x3F5,
    0x3F7, 0x481, 0x48A, 0x52F, 0x531, 0x556, 0x560, 0x588, 0x10A0, 0x10C5, 0x10C7, 0x10C7,
    0x10CD, 0x10CD, 0x10D0, 0x10FA, 0x10FD, 0x10FF, 0x13A0, 0x13F5, 0x13F8, 0x13FD, 0x1C80, 0x1C8A,
    0x1C90, 0x1CBA, 0x1CBD, 0x1CBF, 0x1D00, 0x1D2B, 0x1D6B, 0x1D77, 0x1D79, 0x1D9A, 0x1E00, 0x1F15,
    0x1F18, 0x1F1D, 0x1F20, 0x1F45, 0x1F48, 0x1F4D, 0x1F50, 0x1F57, 0x1F59, 0x1F59, 0x1F5B, 0x1F5B,
    0x1F5D, 0x1F5D, 0x1F5F, 0x1F7D, 0x1F80, 0x1FB4, 0x1FB6, 0x1FBC, 0x1FBE, 0x1FBE, 0x1FC2, 0x1FC4,
    0x1FC6, 0x1FCC, 0x1FD0, 0x1FD3, 0x1FD6, 0x1FDB, 0x1FE0, 0x1FEC, 0x1FF2, 0x1FF4, 0x1FF6, 0x1FFC,
    0x2102, 0x2102, 0x2107, 0x2107, 0x210A, 0x2113, 0x2115, 0x2115, 0x2119, 0x211D, 0x2124, 0x2124,
    0x2126, 0x2126, 0x2128, 0x2128, 0x212A, 0x212D, 0x212F, 0x2134, 0x2139, 0x2139, 0x213C, 0x213F,
    0x2145, 0x2149, 0x214E, 0x214E, 0x2183, 0x2184, 0x2C00, 0x2C7B, 0x2C7E, 0x2CE4, 0x2CEB, 0x2CEE,
    0x2CF2, 0x2CF3, 0x2D00, 0x2D25, 0x2D27, 0x2D27, 0x2D2D, 0x2D2D, 0xA640, 0xA66D, 0xA680, 0xA69B,
    0xA722, 0xA76F, 0xA771, 0xA787, 0xA78B, 0xA78E, 0xA790, 0xA7DD, 0xA7E2, 0xA7E2, 0xA7F5, 0xA7F6,
    0xA7FA, 0xA7FA, 0xAB30, 0xAB5A, 0xAB60, 0xAB68, 0xAB6C, 0xAB6D, 0xAB70, 0xABBF, 0xFB00, 0xFB06,
    0xFB13, 0xFB17, 0xFF21, 0xFF3A, 0xFF41, 0xFF5A, 0x10400, 0x1044F, 0x104B0, 0x104D3, 0x104D8, 0x104FB,
    0x10570, 0x1057A, 0x1057C, 0x1058A, 0x1058C, 0x10592, 0x10594, 0x10595, 0x10597, 0x105A1, 0x105A3, 0x105B1,
    0x105B3, 0x105B9, 0x105BB, 0x105BC, 0x10C80, 0x10CB2, 0x10CC0, 0x10CF2, 0x10D50, 0x10D65, 0x10D70, 0x10D85,
    0x118A0, 0x118DF, 0x16E40, 0x16E7F, 0x16EA0, 0x16EB8, 0x16EBB, 0x16ED3, 0x1D400, 0x1D454, 0x1D456, 0x1D49C,
    0x1D49E, 0x1D49F, 0x1D4A2, 0x1D4A2, 0x1D4A5, 0x1D4A6, 0x1D4A9, 0x1D4AC, 0x1D4AE, 0x1D4B9, 0x1D4BB, 0x1D4BB,
    0x1D4BD, 0x1D4C3, 0x1D4C5, 0x1D505, 0x1D507, 0x1D50A, 0x1D50D, 0x1D514, 0x1D516, 0x1D51C, 0x1D51E, 0x1D539,
    0x1D53B, 0x1D53E, 0x1D540, 0x1D544, 0x1D546, 0x1D546, 0x1D54A, 0x1D550, 0x1D552, 0x1D6A6, 0x1D6A8, 0x1D6C0,
    0x1D6C2, 0x1D6DA, 0x1D6DC, 0x1D6FA, 0x1D6FC, 0x1D714, 0x1D716, 0x1D734, 0x1D736, 0x1D74E, 0x1D750, 0x1D76E,
    0x1D770, 0x1D788, 0x1D78A, 0x1D7A8, 0x1D7AA, 0x1D7C2, 0x1D7C4, 0x1D7CB, 0x1DF00, 0x1DF09, 0x1DF0B, 0x1DF7F,
    0x1DF90, 0x1DF96, 0x1E900, 0x1E943,
};
static const uint32_t R_GC_Ll[] = {
    0x61, 0x7A, 0xB5, 0xB5, 0xDF, 0xF6, 0xF8, 0xFF, 0x101, 0x101, 0x103, 0x103,
    0x105, 0x105, 0x107, 0x107, 0x109, 0x109, 0x10B, 0x10B, 0x10D, 0x10D, 0x10F, 0x10F,
    0x111, 0x111, 0x113, 0x113, 0x115, 0x115, 0x117, 0x117, 0x119, 0x119, 0x11B, 0x11B,
    0x11D, 0x11D, 0x11F, 0x11F, 0x121, 0x121, 0x123, 0x123, 0x125, 0x125, 0x127, 0x127,
    0x129, 0x129, 0x12B, 0x12B, 0x12D, 0x12D, 0x12F, 0x12F, 0x131, 0x131, 0x133, 0x133,
    0x135, 0x135, 0x137, 0x138, 0x13A, 0x13A, 0x13C, 0x13C, 0x13E, 0x13E, 0x140, 0x140,
    0x142, 0x142, 0x144, 0x144, 0x146, 0x146, 0x148, 0x149, 0x14B, 0x14B, 0x14D, 0x14D,
    0x14F, 0x14F, 0x151, 0x151, 0x153, 0x153, 0x155, 0x155, 0x157, 0x157, 0x159, 0x159,
    0x15B, 0x15B, 0x15D, 0x15D, 0x15F, 0x15F, 0x161, 0x161, 0x163, 0x163, 0x165, 0x165,
    0x167, 0x167, 0x169, 0x169, 0x16B, 0x16B, 0x16D, 0x16D, 0x16F, 0x16F, 0x171, 0x171,
    0x173, 0x173, 0x175, 0x175, 0x177, 0x177, 0x17A, 0x17A, 0x17C, 0x17C, 0x17E, 0x180,
    0x183, 0x183, 0x185, 0x185, 0x188, 0x188, 0x18C, 0x18D, 0x192, 0x192, 0x195, 0x195,
    0x199, 0x19B, 0x19E, 0x19E, 0x1A1, 0x1A1, 0x1A3, 0x1A3, 0x1A5, 0x1A5, 0x1A8, 0x1A8,
    0x1AA, 0x1AB, 0x1AD, 0x1AD, 0x1B0, 0x1B0, 0x1B4, 0x1B4, 0x1B6, 0x1B6, 0x1B9, 0x1BA,
    0x1BD, 0x1BF, 0x1C6, 0x1C6, 0x1C9, 0x1C9, 0x1CC, 0x1CC, 0x1CE, 0x1CE, 0x1D0, 0x1D0,
    0x1D2, 0x1D2, 0x1D4, 0x1D4, 0x1D6, 0x1D6, 0x1D8, 0x1D8, 0x1DA, 0x1DA, 0x1DC, 0x1DD,
    0x1DF, 0x1DF, 0x1E1, 0x1E1, 0x1E3, 0x1E3, 0x1E5, 0x1E5, 0x1E7, 0x1E7, 0x1E9, 0x1E9,
    0x1EB, 0x1EB, 0x1ED, 0x1ED, 0x1EF, 0x1F0, 0x1F3, 0x1F3, 0x1F5, 0x1F5, 0x1F9, 0x1F9,
    0x1FB, 0x1FB, 0x1FD, 0x1FD, 0x1FF, 0x1FF, 0x201, 0x201, 0x203, 0x203, 0x205, 0x205,
    0x207, 0x207, 0x209, 0x209, 0x20B, 0x20B, 0x20D, 0x20D, 0x20F, 0x20F, 0x211, 0x211,
    0x213, 0x213, 0x215, 0x215, 0x217, 0x217, 0x219, 0x219, 0x21B, 0x21B, 0x21D, 0x21D,
    0x21F, 0x21F, 0x221, 0x221, 0x223, 0x223, 0x225, 0x225, 0x227, 0x227, 0x229, 0x229,
    0x22B, 0x22B, 0x22D, 0x22D, 0x22F, 0x22F, 0x231, 0x231, 0x233, 0x239, 0x23C, 0x23C,
    0x23F, 0x240, 0x242, 0x242, 0x247, 0x247, 0x249, 0x249, 0x24B, 0x24B, 0x24D, 0x24D,
    0x24F, 0x293, 0x296, 0x2AF, 0x371, 0x371, 0x373, 0x373, 0x377, 0x377, 0x37B, 0x37D,
    0x390, 0x390, 0x3AC, 0x3CE, 0x3D0, 0x3D1, 0x3D5, 0x3D7, 0x3D9, 0x3D9, 0x3DB, 0x3DB,
    0x3DD, 0x3DD, 0x3DF, 0x3DF, 0x3E1, 0x3E1, 0x3E3, 0x3E3, 0x3E5, 0x3E5, 0x3E7, 0x3E7,
    0x3E9, 0x3E9, 0x3EB, 0x3EB, 0x3ED, 0x3ED, 0x3EF, 0x3F3, 0x3F5, 0x3F5, 0x3F8, 0x3F8,
    0x3FB, 0x3FC, 0x430, 0x45F, 0x461, 0x461, 0x463, 0x463, 0x465, 0x465, 0x467, 0x467,
    0x469, 0x469, 0x46B, 0x46B, 0x46D, 0x46D, 0x46F, 0x46F, 0x471, 0x471, 0x473, 0x473,
    0x475, 0x475, 0x477, 0x477, 0x479, 0x479, 0x47B, 0x47B, 0x47D, 0x47D, 0x47F, 0x47F,
    0x481, 0x481, 0x48B, 0x48B, 0x48D, 0x48D, 0x48F, 0x48F, 0x491, 0x491, 0x493, 0x493,
    0x495, 0x495, 0x497, 0x497, 0x499, 0x499, 0x49B, 0x49B, 0x49D, 0x49D, 0x49F, 0x49F,
    0x4A1, 0x4A1, 0x4A3, 0x4A3, 0x4A5, 0x4A5, 0x4A7, 0x4A7, 0x4A9, 0x4A9, 0x4AB, 0x4AB,
    0x4AD, 0x4AD, 0x4AF, 0x4AF, 0x4B1, 0x4B1, 0x4B3, 0x4B3, 0x4B5, 0x4B5, 0x4B7, 0x4B7,
    0x4B9, 0x4B9, 0x4BB, 0x4BB, 0x4BD, 0x4BD, 0x4BF, 0x4BF, 0x4C2, 0x4C2, 0x4C4, 0x4C4,
    0x4C6, 0x4C6, 0x4C8, 0x4C8, 0x4CA, 0x4CA, 0x4CC, 0x4CC, 0x4CE, 0x4CF, 0x4D1, 0x4D1,
    0x4D3, 0x4D3, 0x4D5, 0x4D5, 0x4D7, 0x4D7, 0x4D9, 0x4D9, 0x4DB, 0x4DB, 0x4DD, 0x4DD,
    0x4DF, 0x4DF, 0x4E1, 0x4E1, 0x4E3, 0x4E3, 0x4E5, 0x4E5, 0x4E7, 0x4E7, 0x4E9, 0x4E9,
    0x4EB, 0x4EB, 0x4ED, 0x4ED, 0x4EF, 0x4EF, 0x4F1, 0x4F1, 0x4F3, 0x4F3, 0x4F5, 0x4F5,
    0x4F7, 0x4F7, 0x4F9, 0x4F9, 0x4FB, 0x4FB, 0x4FD, 0x4FD, 0x4FF, 0x4FF, 0x501, 0x501,
    0x503, 0x503, 0x505, 0x505, 0x507, 0x507, 0x509, 0x509, 0x50B, 0x50B, 0x50D, 0x50D,
    0x50F, 0x50F, 0x511, 0x511, 0x513, 0x513, 0x515, 0x515, 0x517, 0x517, 0x519, 0x519,
    0x51B, 0x51B, 0x51D, 0x51D, 0x51F, 0x51F, 0x521, 0x521, 0x523, 0x523, 0x525, 0x525,
    0x527, 0x527, 0x529, 0x529, 0x52B, 0x52B, 0x52D, 0x52D, 0x52F, 0x52F, 0x560, 0x588,
    0x10D0, 0x10FA, 0x10FD, 0x10FF, 0x13F8, 0x13FD, 0x1C80, 0x1C88, 0x1C8A, 0x1C8A, 0x1D00, 0x1D2B,
    0x1D6B, 0x1D77, 0x1D79, 0x1D9A, 0x1E01, 0x1E01, 0x1E03, 0x1E03, 0x1E05, 0x1E05, 0x1E07, 0x1E07,
    0x1E09, 0x1E09, 0x1E0B, 0x1E0B, 0x1E0D, 0x1E0D, 0x1E0F, 0x1E0F, 0x1E11, 0x1E11, 0x1E13, 0x1E13,
    0x1E15, 0x1E15, 0x1E17, 0x1E17, 0x1E19, 0x1E19, 0x1E1B, 0x1E1B, 0x1E1D, 0x1E1D, 0x1E1F, 0x1E1F,
    0x1E21, 0x1E21, 0x1E23, 0x1E23, 0x1E25, 0x1E25, 0x1E27, 0x1E27, 0x1E29, 0x1E29, 0x1E2B, 0x1E2B,
    0x1E2D, 0x1E2D, 0x1E2F, 0x1E2F, 0x1E31, 0x1E31, 0x1E33, 0x1E33, 0x1E35, 0x1E35, 0x1E37, 0x1E37,
    0x1E39, 0x1E39, 0x1E3B, 0x1E3B, 0x1E3D, 0x1E3D, 0x1E3F, 0x1E3F, 0x1E41, 0x1E41, 0x1E43, 0x1E43,
    0x1E45, 0x1E45, 0x1E47, 0x1E47, 0x1E49, 0x1E49, 0x1E4B, 0x1E4B, 0x1E4D, 0x1E4D, 0x1E4F, 0x1E4F,
    0x1E51, 0x1E51, 0x1E53, 0x1E53, 0x1E55, 0x1E55, 0x1E57, 0x1E57, 0x1E59, 0x1E59, 0x1E5B, 0x1E5B,
    0x1E5D, 0x1E5D, 0x1E5F, 0x1E5F, 0x1E61, 0x1E61, 0x1E63, 0x1E63, 0x1E65, 0x1E65, 0x1E67, 0x1E67,
    0x1E69, 0x1E69, 0x1E6B, 0x1E6B, 0x1E6D, 0x1E6D, 0x1E6F, 0x1E6F, 0x1E71, 0x1E71, 0x1E73, 0x1E73,
    0x1E75, 0x1E75, 0x1E77, 0x1E77, 0x1E79, 0x1E79, 0x1E7B, 0x1E7B, 0x1E7D, 0x1E7D, 0x1E7F, 0x1E7F,
    0x1E81, 0x1E81, 0x1E83, 0x1E83, 0x1E85, 0x1E85, 0x1E87, 0x1E87, 0x1E89, 0x1E89, 0x1E8B, 0x1E8B,
    0x1E8D, 0x1E8D, 0x1E8F, 0x1E8F, 0x1E91, 0x1E91, 0x1E93, 0x1E93, 0x1E95, 0x1E9D, 0x1E9F, 0x1E9F,
    0x1EA1, 0x1EA1, 0x1EA3, 0x1EA3, 0x1EA5, 0x1EA5, 0x1EA7, 0x1EA7, 0x1EA9, 0x1EA9, 0x1EAB, 0x1EAB,
    0x1EAD, 0x1EAD, 0x1EAF, 0x1EAF, 0x1EB1, 0x1EB1, 0x1EB3, 0x1EB3, 0x1EB5, 0x1EB5, 0x1EB7, 0x1EB7,
    0x1EB9, 0x1EB9, 0x1EBB, 0x1EBB, 0x1EBD, 0x1EBD, 0x1EBF, 0x1EBF, 0x1EC1, 0x1EC1, 0x1EC3, 0x1EC3,
    0x1EC5, 0x1EC5, 0x1EC7, 0x1EC7, 0x1EC9, 0x1EC9, 0x1ECB, 0x1ECB, 0x1ECD, 0x1ECD, 0x1ECF, 0x1ECF,
    0x1ED1, 0x1ED1, 0x1ED3, 0x1ED3, 0x1ED5, 0x1ED5, 0x1ED7, 0x1ED7, 0x1ED9, 0x1ED9, 0x1EDB, 0x1EDB,
    0x1EDD, 0x1EDD, 0x1EDF, 0x1EDF, 0x1EE1, 0x1EE1, 0x1EE3, 0x1EE3, 0x1EE5, 0x1EE5, 0x1EE7, 0x1EE7,
    0x1EE9, 0x1EE9, 0x1EEB, 0x1EEB, 0x1EED, 0x1EED, 0x1EEF, 0x1EEF, 0x1EF1, 0x1EF1, 0x1EF3, 0x1EF3,
    0x1EF5, 0x1EF5, 0x1EF7, 0x1EF7, 0x1EF9, 0x1EF9, 0x1EFB, 0x1EFB, 0x1EFD, 0x1EFD, 0x1EFF, 0x1F07,
    0x1F10, 0x1F15, 0x1F20, 0x1F27, 0x1F30, 0x1F37, 0x1F40, 0x1F45, 0x1F50, 0x1F57, 0x1F60, 0x1F67,
    0x1F70, 0x1F7D, 0x1F80, 0x1F87, 0x1F90, 0x1F97, 0x1FA0, 0x1FA7, 0x1FB0, 0x1FB4, 0x1FB6, 0x1FB7,
    0x1FBE, 0x1FBE, 0x1FC2, 0x1FC4, 0x1FC6, 0x1FC7, 0x1FD0, 0x1FD3, 0x1FD6, 0x1FD7, 0x1FE0, 0x1FE7,
    0x1FF2, 0x1FF4, 0x1FF6, 0x1FF7, 0x210A, 0x210A, 0x210E, 0x210F, 0x2113, 0x2113, 0x212F, 0x212F,
    0x2134, 0x2134, 0x2139, 0x2139, 0x213C, 0x213D, 0x2146, 0x2149, 0x214E, 0x214E, 0x2184, 0x2184,
    0x2C30, 0x2C5F, 0x2C61, 0x2C61, 0x2C65, 0x2C66, 0x2C68, 0x2C68, 0x2C6A, 0x2C6A, 0x2C6C, 0x2C6C,
    0x2C71, 0x2C71, 0x2C73, 0x2C74, 0x2C76, 0x2C7B, 0x2C81, 0x2C81, 0x2C83, 0x2C83, 0x2C85, 0x2C85,
    0x2C87, 0x2C87, 0x2C89, 0x2C89, 0x2C8B, 0x2C8B, 0x2C8D, 0x2C8D, 0x2C8F, 0x2C8F, 0x2C91, 0x2C91,
    0x2C93, 0x2C93, 0x2C95, 0x2C95, 0x2C97, 0x2C97, 0x2C99, 0x2C99, 0x2C9B, 0x2C9B, 0x2C9D, 0x2C9D,
    0x2C9F, 0x2C9F, 0x2CA1, 0x2CA1, 0x2CA3, 0x2CA3, 0x2CA5, 0x2CA5, 0x2CA7, 0x2CA7, 0x2CA9, 0x2CA9,
    0x2CAB, 0x2CAB, 0x2CAD, 0x2CAD, 0x2CAF, 0x2CAF, 0x2CB1, 0x2CB1, 0x2CB3, 0x2CB3, 0x2CB5, 0x2CB5,
    0x2CB7, 0x2CB7, 0x2CB9, 0x2CB9, 0x2CBB, 0x2CBB, 0x2CBD, 0x2CBD, 0x2CBF, 0x2CBF, 0x2CC1, 0x2CC1,
    0x2CC3, 0x2CC3, 0x2CC5, 0x2CC5, 0x2CC7, 0x2CC7, 0x2CC9, 0x2CC9, 0x2CCB, 0x2CCB, 0x2CCD, 0x2CCD,
    0x2CCF, 0x2CCF, 0x2CD1, 0x2CD1, 0x2CD3, 0x2CD3, 0x2CD5, 0x2CD5, 0x2CD7, 0x2CD7, 0x2CD9, 0x2CD9,
    0x2CDB, 0x2CDB, 0x2CDD, 0x2CDD, 0x2CDF, 0x2CDF, 0x2CE1, 0x2CE1, 0x2CE3, 0x2CE4, 0x2CEC, 0x2CEC,
    0x2CEE, 0x2CEE, 0x2CF3, 0x2CF3, 0x2D00, 0x2D25, 0x2D27, 0x2D27, 0x2D2D, 0x2D2D, 0xA641, 0xA641,
    0xA643, 0xA643, 0xA645, 0xA645, 0xA647, 0xA647, 0xA649, 0xA649, 0xA64B, 0xA64B, 0xA64D, 0xA64D,
    0xA64F, 0xA64F, 0xA651, 0xA651, 0xA653, 0xA653, 0xA655, 0xA655, 0xA657, 0xA657, 0xA659, 0xA659,
    0xA65B, 0xA65B, 0xA65D, 0xA65D, 0xA65F, 0xA65F, 0xA661, 0xA661, 0xA663, 0xA663, 0xA665, 0xA665,
    0xA667, 0xA667, 0xA669, 0xA669, 0xA66B, 0xA66B, 0xA66D, 0xA66D, 0xA681, 0xA681, 0xA683, 0xA683,
    0xA685, 0xA685, 0xA687, 0xA687, 0xA689, 0xA689, 0xA68B, 0xA68B, 0xA68D, 0xA68D, 0xA68F, 0xA68F,
    0xA691, 0xA691, 0xA693, 0xA693, 0xA695, 0xA695, 0xA697, 0xA697, 0xA699, 0xA699, 0xA69B, 0xA69B,
    0xA723, 0xA723, 0xA725, 0xA725, 0xA727, 0xA727, 0xA729, 0xA729, 0xA72B, 0xA72B, 0xA72D, 0xA72D,
    0xA72F, 0xA731, 0xA733, 0xA733, 0xA735, 0xA735, 0xA737, 0xA737, 0xA739, 0xA739, 0xA73B, 0xA73B,
    0xA73D, 0xA73D, 0xA73F, 0xA73F, 0xA741, 0xA741, 0xA743, 0xA743, 0xA745, 0xA745, 0xA747, 0xA747,
    0xA749, 0xA749, 0xA74B, 0xA74B, 0xA74D, 0xA74D, 0xA74F, 0xA74F, 0xA751, 0xA751, 0xA753, 0xA753,
    0xA755, 0xA755, 0xA757, 0xA757, 0xA759, 0xA759, 0xA75B, 0xA75B, 0xA75D, 0xA75D, 0xA75F, 0xA75F,
    0xA761, 0xA761, 0xA763, 0xA763, 0xA765, 0xA765, 0xA767, 0xA767, 0xA769, 0xA769, 0xA76B, 0xA76B,
    0xA76D, 0xA76D, 0xA76F, 0xA76F, 0xA771, 0xA778, 0xA77A, 0xA77A, 0xA77C, 0xA77C, 0xA77F, 0xA77F,
    0xA781, 0xA781, 0xA783, 0xA783, 0xA785, 0xA785, 0xA787, 0xA787, 0xA78C, 0xA78C, 0xA78E, 0xA78E,
    0xA791, 0xA791, 0xA793, 0xA795, 0xA797, 0xA797, 0xA799, 0xA799, 0xA79B, 0xA79B, 0xA79D, 0xA79D,
    0xA79F, 0xA79F, 0xA7A1, 0xA7A1, 0xA7A3, 0xA7A3, 0xA7A5, 0xA7A5, 0xA7A7, 0xA7A7, 0xA7A9, 0xA7A9,
    0xA7AF, 0xA7AF, 0xA7B5, 0xA7B5, 0xA7B7, 0xA7B7, 0xA7B9, 0xA7B9, 0xA7BB, 0xA7BB, 0xA7BD, 0xA7BD,
    0xA7BF, 0xA7BF, 0xA7C1, 0xA7C1, 0xA7C3, 0xA7C3, 0xA7C8, 0xA7C8, 0xA7CA, 0xA7CA, 0xA7CD, 0xA7CD,
    0xA7CF, 0xA7CF, 0xA7D1, 0xA7D1, 0xA7D3, 0xA7D3, 0xA7D5, 0xA7D5, 0xA7D7, 0xA7D7, 0xA7D9, 0xA7D9,
    0xA7DB, 0xA7DB, 0xA7F6, 0xA7F6, 0xA7FA, 0xA7FA, 0xAB30, 0xAB5A, 0xAB60, 0xAB68, 0xAB70, 0xABBF,
    0xFB00, 0xFB06, 0xFB13, 0xFB17, 0xFF41, 0xFF5A, 0x10428, 0x1044F, 0x104D8, 0x104FB, 0x10597, 0x105A1,
    0x105A3, 0x105B1, 0x105B3, 0x105B9, 0x105BB, 0x105BC, 0x10CC0, 0x10CF2, 0x10D70, 0x10D85, 0x118C0, 0x118DF,
    0x16E60, 0x16E7F, 0x16EBB, 0x16ED3, 0x1D41A, 0x1D433, 0x1D44E, 0x1D454, 0x1D456, 0x1D467, 0x1D482, 0x1D49B,
    0x1D4B6, 0x1D4B9, 0x1D4BB, 0x1D4BB, 0x1D4BD, 0x1D4C3, 0x1D4C5, 0x1D4CF, 0x1D4EA, 0x1D503, 0x1D51E, 0x1D537,
    0x1D552, 0x1D56B, 0x1D586, 0x1D59F, 0x1D5BA, 0x1D5D3, 0x1D5EE, 0x1D607, 0x1D622, 0x1D63B, 0x1D656, 0x1D66F,
    0x1D68A, 0x1D6A6, 0x1D6C2, 0x1D6DA, 0x1D6DC, 0x1D6E1, 0x1D6FC, 0x1D714, 0x1D716, 0x1D71B, 0x1D736, 0x1D74E,
    0x1D750, 0x1D755, 0x1D770, 0x1D788, 0x1D78A, 0x1D78F, 0x1D7AA, 0x1D7C2, 0x1D7C4, 0x1D7C9, 0x1D7CB, 0x1D7CB,
    0x1DF00, 0x1DF09, 0x1DF0B, 0x1DF3F, 0x1DF41, 0x1DF47, 0x1DF49, 0x1DF49, 0x1DF4B, 0x1DF4C, 0x1DF4E, 0x1DF50,
    0x1DF52, 0x1DF67, 0x1DF69, 0x1DF69, 0x1DF6B, 0x1DF6B, 0x1DF6D, 0x1DF6D, 0x1DF6F, 0x1DF71, 0x1DF73, 0x1DF73,
    0x1DF75, 0x1DF75, 0x1DF77, 0x1DF77, 0x1DF79, 0x1DF79, 0x1DF7B, 0x1DF7B, 0x1DF7D, 0x1DF7D, 0x1DF7F, 0x1DF7F,
    0x1DF90, 0x1DF96, 0x1E922, 0x1E943,
};
static const uint32_t R_GC_Lm[] = {
    0x2B0, 0x2C1, 0x2C6, 0x2D1, 0x2E0, 0x2E4, 0x2EC, 0x2EC, 0x2EE, 0x2EE, 0x374, 0x374,
    0x37A, 0x37A, 0x558, 0x559, 0x58B, 0x58C, 0x640, 0x640, 0x6E5, 0x6E6, 0x7F4, 0x7F5,
    0x7FA, 0x7FA, 0x81A, 0x81A, 0x824, 0x824, 0x828, 0x828, 0x8C9, 0x8C9, 0x971, 0x971,
    0xE46, 0xE46, 0xEC6, 0xEC6, 0x10FC, 0x10FC, 0x17D7, 0x17D7, 0x1843, 0x1843, 0x1AA7, 0x1AA7,
    0x1C78, 0x1C7D, 0x1D2C, 0x1D6A, 0x1D78, 0x1D78, 0x1D9B, 0x1DBF, 0x2071, 0x2071, 0x207F, 0x207F,
    0x208F, 0x209F, 0x2C7C, 0x2C7D, 0x2D6F, 0x2D6F, 0x2E2F, 0x2E2F, 0x3005, 0x3005, 0x3031, 0x3035,
    0x303B, 0x303B, 0x309D, 0x309E, 0x30FC, 0x30FE, 0xA015, 0xA015, 0xA4F8, 0xA4FD, 0xA60C, 0xA60C,
    0xA67F, 0xA67F, 0xA69C, 0xA69D, 0xA717, 0xA71F, 0xA770, 0xA770, 0xA788, 0xA788, 0xA7F1, 0xA7F4,
    0xA7F8, 0xA7F9, 0xA9CF, 0xA9CF, 0xA9E6, 0xA9E6, 0xAA70, 0xAA70, 0xAADD, 0xAADD, 0xAAF3, 0xAAF4,
    0xAB5C, 0xAB5F, 0xAB69, 0xAB69, 0xFF70, 0xFF70, 0xFF9E, 0xFF9F, 0x10780, 0x10785, 0x10787, 0x107B0,
    0x107B2, 0x107BF, 0x10D4E, 0x10D4E, 0x10D6F, 0x10D6F, 0x10EC5, 0x10EC5, 0x11DD9, 0x11DD9, 0x16B40, 0x16B43,
    0x16D40, 0x16D42, 0x16D6B, 0x16D6C, 0x16F93, 0x16F9F, 0x16FE0, 0x16FE1, 0x16FE3, 0x16FE3, 0x16FF2, 0x16FF3,
    0x1AFF0, 0x1AFF3, 0x1AFF5, 0x1AFFB, 0x1AFFD, 0x1AFFE, 0x1DFCD, 0x1DFFF, 0x1E030, 0x1E06D, 0x1E137, 0x1E13D,
    0x1E4EB, 0x1E4EB, 0x1E6FF, 0x1E6FF, 0x1E94B, 0x1E94B,
};
static const uint32_t R_GC_Lo[] = {
    0xAA, 0xAA, 0xBA, 0xBA, 0x1BB, 0x1BB, 0x1C0, 0x1C3, 0x294, 0x295, 0x5D0, 0x5EA,
    0x5EF, 0x5F2, 0x620, 0x63F, 0x641, 0x64A, 0x66E, 0x66F, 0x671, 0x6D3, 0x6D5, 0x6D5,
    0x6EE, 0x6EF, 0x6FA, 0x6FC, 0x6FF, 0x6FF, 0x710, 0x710, 0x712, 0x72F, 0x74D, 0x7A5,
    0x7B1, 0x7B1, 0x7CA, 0x7EA, 0x800, 0x815, 0x840, 0x858, 0x860, 0x86A, 0x870, 0x887,
    0x889, 0x88F, 0x8A0, 0x8C8, 0x904, 0x939, 0x93D, 0x93D, 0x950, 0x950, 0x958, 0x961,
    0x972, 0x980, 0x985, 0x98C, 0x98F, 0x990, 0x993, 0x9A8, 0x9AA, 0x9B0, 0x9B2, 0x9B2,
    0x9B6, 0x9B9, 0x9BD, 0x9BD, 0x9CE, 0x9CE, 0x9DC, 0x9DD, 0x9DF, 0x9E1, 0x9F0, 0x9F1,
    0x9FC, 0x9FC, 0xA05, 0xA0A, 0xA0F, 0xA10, 0xA13, 0xA28, 0xA2A, 0xA30, 0xA32, 0xA33,
    0xA35, 0xA36, 0xA38, 0xA39, 0xA59, 0xA5C, 0xA5E, 0xA5E, 0xA72, 0xA74, 0xA85, 0xA8D,
    0xA8F, 0xA91, 0xA93, 0xAA8, 0xAAA, 0xAB0, 0xAB2, 0xAB3, 0xAB5, 0xAB9, 0xABD, 0xABD,
    0xAD0, 0xAD0, 0xAE0, 0xAE1, 0xAF9, 0xAF9, 0xB05, 0xB0C, 0xB0F, 0xB10, 0xB13, 0xB28,
    0xB2A, 0xB30, 0xB32, 0xB33, 0xB35, 0xB39, 0xB3D, 0xB3D, 0xB5C, 0xB5D, 0xB5F, 0xB61,
    0xB71, 0xB71, 0xB83, 0xB83, 0xB85, 0xB8A, 0xB8E, 0xB90, 0xB92, 0xB95, 0xB99, 0xB9A,
    0xB9C, 0xB9C, 0xB9E, 0xB9F, 0xBA3, 0xBA4, 0xBA8, 0xBAA, 0xBAE, 0xBB9, 0xBD0, 0xBD0,
    0xC05, 0xC0C, 0xC0E, 0xC10, 0xC12, 0xC28, 0xC2A, 0xC39, 0xC3D, 0xC3D, 0xC58, 0xC5A,
    0xC5C, 0xC5D, 0xC60, 0xC61, 0xC80, 0xC80, 0xC85, 0xC8C, 0xC8E, 0xC90, 0xC92, 0xCA8,
    0xCAA, 0xCB3, 0xCB5, 0xCB9, 0xCBD, 0xCBD, 0xCDC, 0xCDE, 0xCE0, 0xCE1, 0xCF1, 0xCF2,
    0xD04, 0xD0C, 0xD0E, 0xD10, 0xD12, 0xD3A, 0xD3D, 0xD3D, 0xD4E, 0xD4E, 0xD54, 0xD56,
    0xD5F, 0xD61, 0xD7A, 0xD7F, 0xD85, 0xD96, 0xD9A, 0xDB1, 0xDB3, 0xDBB, 0xDBD, 0xDBD,
    0xDC0, 0xDC6, 0xE01, 0xE30, 0xE32, 0xE33, 0xE40, 0xE45, 0xE81, 0xE82, 0xE84, 0xE84,
    0xE86, 0xE8A, 0xE8C, 0xEA3, 0xEA5, 0xEA5, 0xEA7, 0xEB0, 0xEB2, 0xEB3, 0xEBD, 0xEBD,
    0xEC0, 0xEC4, 0xEDC, 0xEDF, 0xF00, 0xF00, 0xF40, 0xF47, 0xF49, 0xF6C, 0xF88, 0xF8C,
    0x1000, 0x102A, 0x103F, 0x103F, 0x1050, 0x1055, 0x105A, 0x105D, 0x1061, 0x1061, 0x1065, 0x1066,
    0x106E, 0x1070, 0x1075, 0x1081, 0x108E, 0x108E, 0x1100, 0x1248, 0x124A, 0x124D, 0x1250, 0x1256,
    0x1258, 0x1258, 0x125A, 0x125D, 0x1260, 0x1288, 0x128A, 0x128D, 0x1290, 0x12B0, 0x12B2, 0x12B5,
    0x12B8, 0x12BE, 0x12C0, 0x12C0, 0x12C2, 0x12C5, 0x12C8, 0x12D6, 0x12D8, 0x1310, 0x1312, 0x1315,
    0x1318, 0x135A, 0x1380, 0x138F, 0x1401, 0x166C, 0x166F, 0x167F, 0x1681, 0x169A, 0x16A0, 0x16EA,
    0x16F1, 0x16F8, 0x1700, 0x1711, 0x171F, 0x1731, 0x1740, 0x1751, 0x1760, 0x176C, 0x176E, 0x1770,
    0x1780, 0x17B3, 0x17DC, 0x17DC, 0x1820, 0x1842, 0x1844, 0x1878, 0x1880, 0x1884, 0x1887, 0x18A8,
    0x18AA, 0x18AA, 0x18B0, 0x18F5, 0x1900, 0x191E, 0x1950, 0x196D, 0x1970, 0x1974, 0x1980, 0x19AB,
    0x19B0, 0x19C9, 0x1A00, 0x1A16, 0x1A20, 0x1A54, 0x1B05, 0x1B33, 0x1B45, 0x1B4C, 0x1B83, 0x1BA0,
    0x1BAE, 0x1BAF, 0x1BBA, 0x1BE5, 0x1C00, 0x1C23, 0x1C4D, 0x1C4F, 0x1C5A, 0x1C77, 0x1CE9, 0x1CEC,
    0x1CEE, 0x1CF3, 0x1CF5, 0x1CF6, 0x1CFA, 0x1CFA, 0x2135, 0x2138, 0x2D30, 0x2D67, 0x2D80, 0x2D96,
    0x2DA0, 0x2DA6, 0x2DA8, 0x2DAE, 0x2DB0, 0x2DB6, 0x2DB8, 0x2DBE, 0x2DC0, 0x2DC6, 0x2DC8, 0x2DCE,
    0x2DD0, 0x2DD6, 0x2DD8, 0x2DDE, 0x3006, 0x3006, 0x303C, 0x303C, 0x3041, 0x3096, 0x309F, 0x309F,
    0x30A1, 0x30FA, 0x30FF, 0x30FF, 0x3105, 0x312F, 0x3131, 0x318E, 0x31A0, 0x31BF, 0x31F0, 0x31FF,
    0x3400, 0x4DBF, 0x4E00, 0xA014, 0xA016, 0xA48C, 0xA4D0, 0xA4F7, 0xA500, 0xA60B, 0xA610, 0xA61F,
    0xA62A, 0xA62B, 0xA66E, 0xA66E, 0xA6A0, 0xA6E5, 0xA78F, 0xA78F, 0xA7F7, 0xA7F7, 0xA7FB, 0xA801,
    0xA803, 0xA805, 0xA807, 0xA80A, 0xA80C, 0xA822, 0xA840, 0xA873, 0xA882, 0xA8B3, 0xA8F2, 0xA8F7,
    0xA8FB, 0xA8FB, 0xA8FD, 0xA8FE, 0xA90A, 0xA925, 0xA930, 0xA946, 0xA960, 0xA97C, 0xA984, 0xA9B2,
    0xA9E0, 0xA9E4, 0xA9E7, 0xA9EF, 0xA9FA, 0xA9FE, 0xAA00, 0xAA28, 0xAA40, 0xAA42, 0xAA44, 0xAA4B,
    0xAA60, 0xAA6F, 0xAA71, 0xAA76, 0xAA7A, 0xAA7A, 0xAA7E, 0xAAAF, 0xAAB1, 0xAAB1, 0xAAB5, 0xAAB6,
    0xAAB9, 0xAABD, 0xAAC0, 0xAAC0, 0xAAC2, 0xAAC2, 0xAADB, 0xAADC, 0xAAE0, 0xAAEA, 0xAAF2, 0xAAF2,
    0xAB01, 0xAB06, 0xAB09, 0xAB0E, 0xAB11, 0xAB16, 0xAB20, 0xAB26, 0xAB28, 0xAB2E, 0xABC0, 0xABE2,
    0xAC00, 0xD7A3, 0xD7B0, 0xD7C6, 0xD7CB, 0xD7FB, 0xF900, 0xFA6D, 0xFA70, 0xFAD9, 0xFB1D, 0xFB1D,
    0xFB1F, 0xFB28, 0xFB2A, 0xFB36, 0xFB38, 0xFB3C, 0xFB3E, 0xFB3E, 0xFB40, 0xFB41, 0xFB43, 0xFB44,
    0xFB46, 0xFBB1, 0xFBD3, 0xFD3D, 0xFD50, 0xFD8F, 0xFD92, 0xFDC7, 0xFDF0, 0xFDFB, 0xFE70, 0xFE74,
    0xFE76, 0xFEFC, 0xFF66, 0xFF6F, 0xFF71, 0xFF9D, 0xFFA0, 0xFFBE, 0xFFC2, 0xFFC7, 0xFFCA, 0xFFCF,
    0xFFD2, 0xFFD7, 0xFFDA, 0xFFDC, 0x10000, 0x1000B, 0x1000D, 0x10026, 0x10028, 0x1003A, 0x1003C, 0x1003D,
    0x1003F, 0x1004D, 0x10050, 0x1005D, 0x10080, 0x100FA, 0x10280, 0x1029C, 0x102A0, 0x102D0, 0x10300, 0x1031F,
    0x1032D, 0x10340, 0x10342, 0x10349, 0x10350, 0x10375, 0x10380, 0x1039D, 0x103A0, 0x103C3, 0x103C8, 0x103CF,
    0x10450, 0x1049D, 0x10500, 0x10527, 0x10530, 0x10563, 0x105C0, 0x105F3, 0x10600, 0x10736, 0x10740, 0x10755,
    0x10760, 0x10767, 0x10800, 0x10805, 0x10808, 0x10808, 0x1080A, 0x10835, 0x10837, 0x10838, 0x1083C, 0x1083C,
    0x1083F, 0x10855, 0x10860, 0x10876, 0x10880, 0x1089E, 0x108E0, 0x108F2, 0x108F4, 0x108F5, 0x10900, 0x10915,
    0x10920, 0x10939, 0x10940, 0x10959, 0x10980, 0x109B7, 0x109BE, 0x109BF, 0x10A00, 0x10A00, 0x10A10, 0x10A13,
    0x10A15, 0x10A17, 0x10A19, 0x10A35, 0x10A60, 0x10A7C, 0x10A80, 0x10A9C, 0x10AC0, 0x10AC7, 0x10AC9, 0x10AE4,
    0x10B00, 0x10B35, 0x10B40, 0x10B55, 0x10B60, 0x10B72, 0x10B80, 0x10B91, 0x10C00, 0x10C48, 0x10D00, 0x10D23,
    0x10D4A, 0x10D4D, 0x10D4F, 0x10D4F, 0x10E80, 0x10EA9, 0x10EB0, 0x10EB1, 0x10EC2, 0x10EC4, 0x10EC6, 0x10EC7,
    0x10ED9, 0x10EEE, 0x10F00, 0x10F1C, 0x10F27, 0x10F27, 0x10F30, 0x10F45, 0x10F70, 0x10F81, 0x10FB0, 0x10FC4,
    0x10FE0, 0x10FF6, 0x11003, 0x11037, 0x11071, 0x11072, 0x11075, 0x11075, 0x11083, 0x110AF, 0x110D0, 0x110E8,
    0x11103, 0x11126, 0x11144, 0x11144, 0x11147, 0x11147, 0x11150, 0x11172, 0x11176, 0x11176, 0x11183, 0x111B2,
    0x111C1, 0x111C4, 0x111DA, 0x111DA, 0x111DC, 0x111DC, 0x11200, 0x11211, 0x11213, 0x1122B, 0x1123F, 0x11240,
    0x11280, 0x11286, 0x11288, 0x11288, 0x1128A, 0x1128D, 0x1128F, 0x1129D, 0x1129F, 0x112A8, 0x112B0, 0x112DE,
    0x11305, 0x1130C, 0x1130F, 0x11310, 0x11313, 0x11328, 0x1132A, 0x11330, 0x11332, 0x11333, 0x11335, 0x11339,
    0x1133D, 0x1133D, 0x11350, 0x11350, 0x1135D, 0x11361, 0x11380, 0x11389, 0x1138B, 0x1138B, 0x1138E, 0x1138E,
    0x11390, 0x113B5, 0x113B7, 0x113B7, 0x113D1, 0x113D1, 0x113D3, 0x113D3, 0x11400, 0x11434, 0x11447, 0x1144A,
    0x1145F, 0x11461, 0x11480, 0x114AF, 0x114C4, 0x114C5, 0x114C7, 0x114C7, 0x11580, 0x115AE, 0x115D8, 0x115DB,
    0x11600, 0x1162F, 0x11644, 0x11644, 0x11680, 0x116AA, 0x116B8, 0x116B8, 0x11700, 0x1171A, 0x11740, 0x11746,
    0x11800, 0x1182B, 0x118FF, 0x11906, 0x11909, 0x11909, 0x1190C, 0x11913, 0x11915, 0x11916, 0x11918, 0x1192F,
    0x1193F, 0x1193F, 0x11941, 0x11941, 0x119A0, 0x119A7, 0x119AA, 0x119D0, 0x119E1, 0x119E1, 0x119E3, 0x119E3,
    0x11A00, 0x11A00, 0x11A0B, 0x11A32, 0x11A3A, 0x11A3A, 0x11A50, 0x11A50, 0x11A5C, 0x11A89, 0x11A9D, 0x11A9D,
    0x11AB0, 0x11AF8, 0x11B0A, 0x11B0A, 0x11BC0, 0x11BE0, 0x11C00, 0x11C08, 0x11C0A, 0x11C2E, 0x11C40, 0x11C40,
    0x11C72, 0x11C8F, 0x11D00, 0x11D06, 0x11D08, 0x11D09, 0x11D0B, 0x11D30, 0x11D46, 0x11D46, 0x11D60, 0x11D65,
    0x11D67, 0x11D68, 0x11D6A, 0x11D89, 0x11D98, 0x11D98, 0x11DB0, 0x11DD8, 0x11DDA, 0x11DDB, 0x11DF1, 0x11DF1,
    0x11EE0, 0x11EF2, 0x11F02, 0x11F02, 0x11F04, 0x11F10, 0x11F12, 0x11F33, 0x11FB0, 0x11FB0, 0x12000, 0x12399,
    0x12480, 0x12543, 0x12F90, 0x12FF0, 0x13000, 0x1342F, 0x13441, 0x13446, 0x13460, 0x143FA, 0x14400, 0x14646,
    0x16100, 0x1611D, 0x16800, 0x16A38, 0x16A40, 0x16A5E, 0x16A70, 0x16ABE, 0x16AD0, 0x16AED, 0x16B00, 0x16B2F,
    0x16B63, 0x16B77, 0x16B7D, 0x16B8F, 0x16D43, 0x16D6A, 0x16F00, 0x16F4A, 0x16F50, 0x16F50, 0x17000, 0x18CDA,
    0x18CFF, 0x18D20, 0x18D80, 0x18DF2, 0x18E00, 0x19191, 0x191A0, 0x191D2, 0x1B000, 0x1B128, 0x1B132, 0x1B132,
    0x1B150, 0x1B152, 0x1B155, 0x1B155, 0x1B164, 0x1B168, 0x1B170, 0x1B2FB, 0x1BC00, 0x1BC6A, 0x1BC70, 0x1BC7C,
    0x1BC80, 0x1BC88, 0x1BC90, 0x1BC99, 0x1DF0A, 0x1DF0A, 0x1DF80, 0x1DF81, 0x1E100, 0x1E12C, 0x1E14E, 0x1E14E,
    0x1E290, 0x1E2AD, 0x1E2C0, 0x1E2EB, 0x1E4D0, 0x1E4EA, 0x1E5D0, 0x1E5ED, 0x1E5F0, 0x1E5F0, 0x1E6C0, 0x1E6DE,
    0x1E6E0, 0x1E6E2, 0x1E6E4, 0x1E6E5, 0x1E6E7, 0x1E6ED, 0x1E6F0, 0x1E6F4, 0x1E6FE, 0x1E6FE, 0x1E7E0, 0x1E7E6,
    0x1E7E8, 0x1E7EB, 0x1E7ED, 0x1E7EE, 0x1E7F0, 0x1E7FE, 0x1E800, 0x1E8C4, 0x1EE00, 0x1EE03, 0x1EE05, 0x1EE1F,
    0x1EE21, 0x1EE22, 0x1EE24, 0x1EE24, 0x1EE27, 0x1EE27, 0x1EE29, 0x1EE32, 0x1EE34, 0x1EE37, 0x1EE39, 0x1EE39,
    0x1EE3B, 0x1EE3B, 0x1EE42, 0x1EE42, 0x1EE47, 0x1EE47, 0x1EE49, 0x1EE49, 0x1EE4B, 0x1EE4B, 0x1EE4D, 0x1EE4F,
    0x1EE51, 0x1EE52, 0x1EE54, 0x1EE54, 0x1EE57, 0x1EE57, 0x1EE59, 0x1EE59, 0x1EE5B, 0x1EE5B, 0x1EE5D, 0x1EE5D,
    0x1EE5F, 0x1EE5F, 0x1EE61, 0x1EE62, 0x1EE64, 0x1EE64, 0x1EE67, 0x1EE6A, 0x1EE6C, 0x1EE72, 0x1EE74, 0x1EE77,
    0x1EE79, 0x1EE7C, 0x1EE7E, 0x1EE7E, 0x1EE80, 0x1EE89, 0x1EE8B, 0x1EE9B, 0x1EEA1, 0x1EEA3, 0x1EEA5, 0x1EEA9,
    0x1EEAB, 0x1EEBB, 0x20000, 0x2A6DF, 0x2A700, 0x2B81E, 0x2B820, 0x2CEAD, 0x2CEB0, 0x2EBE0, 0x2EBF0, 0x2EE5D,
    0x2F800, 0x2FA1D, 0x30000, 0x3134A, 0x31350, 0x33479, 0x3D000, 0x3FC3F,
};
static const uint32_t R_GC_Lt[] = {
    0x1C5, 0x1C5, 0x1C8, 0x1C8, 0x1CB, 0x1CB, 0x1F2, 0x1F2, 0x1F88, 0x1F8F, 0x1F98, 0x1F9F,
    0x1FA8, 0x1FAF, 0x1FBC, 0x1FBC, 0x1FCC, 0x1FCC, 0x1FFC, 0x1FFC,
};
static const uint32_t R_GC_Lu[] = {
    0x41, 0x5A, 0xC0, 0xD6, 0xD8, 0xDE, 0x100, 0x100, 0x102, 0x102, 0x104, 0x104,
    0x106, 0x106, 0x108, 0x108, 0x10A, 0x10A, 0x10C, 0x10C, 0x10E, 0x10E, 0x110, 0x110,
    0x112, 0x112, 0x114, 0x114, 0x116, 0x116, 0x118, 0x118, 0x11A, 0x11A, 0x11C, 0x11C,
    0x11E, 0x11E, 0x120, 0x120, 0x122, 0x122, 0x124, 0x124, 0x126, 0x126, 0x128, 0x128,
    0x12A, 0x12A, 0x12C, 0x12C, 0x12E, 0x12E, 0x130, 0x130, 0x132, 0x132, 0x134, 0x134,
    0x136, 0x136, 0x139, 0x139, 0x13B, 0x13B, 0x13D, 0x13D, 0x13F, 0x13F, 0x141, 0x141,
    0x143, 0x143, 0x145, 0x145, 0x147, 0x147, 0x14A, 0x14A, 0x14C, 0x14C, 0x14E, 0x14E,
    0x150, 0x150, 0x152, 0x152, 0x154, 0x154, 0x156, 0x156, 0x158, 0x158, 0x15A, 0x15A,
    0x15C, 0x15C, 0x15E, 0x15E, 0x160, 0x160, 0x162, 0x162, 0x164, 0x164, 0x166, 0x166,
    0x168, 0x168, 0x16A, 0x16A, 0x16C, 0x16C, 0x16E, 0x16E, 0x170, 0x170, 0x172, 0x172,
    0x174, 0x174, 0x176, 0x176, 0x178, 0x179, 0x17B, 0x17B, 0x17D, 0x17D, 0x181, 0x182,
    0x184, 0x184, 0x186, 0x187, 0x189, 0x18B, 0x18E, 0x191, 0x193, 0x194, 0x196, 0x198,
    0x19C, 0x19D, 0x19F, 0x1A0, 0x1A2, 0x1A2, 0x1A4, 0x1A4, 0x1A6, 0x1A7, 0x1A9, 0x1A9,
    0x1AC, 0x1AC, 0x1AE, 0x1AF, 0x1B1, 0x1B3, 0x1B5, 0x1B5, 0x1B7, 0x1B8, 0x1BC, 0x1BC,
    0x1C4, 0x1C4, 0x1C7, 0x1C7, 0x1CA, 0x1CA, 0x1CD, 0x1CD, 0x1CF, 0x1CF, 0x1D1, 0x1D1,
    0x1D3, 0x1D3, 0x1D5, 0x1D5, 0x1D7, 0x1D7, 0x1D9, 0x1D9, 0x1DB, 0x1DB, 0x1DE, 0x1DE,
    0x1E0, 0x1E0, 0x1E2, 0x1E2, 0x1E4, 0x1E4, 0x1E6, 0x1E6, 0x1E8, 0x1E8, 0x1EA, 0x1EA,
    0x1EC, 0x1EC, 0x1EE, 0x1EE, 0x1F1, 0x1F1, 0x1F4, 0x1F4, 0x1F6, 0x1F8, 0x1FA, 0x1FA,
    0x1FC, 0x1FC, 0x1FE, 0x1FE, 0x200, 0x200, 0x202, 0x202, 0x204, 0x204, 0x206, 0x206,
    0x208, 0x208, 0x20A, 0x20A, 0x20C, 0x20C, 0x20E, 0x20E, 0x210, 0x210, 0x212, 0x212,
    0x214, 0x214, 0x216, 0x216, 0x218, 0x218, 0x21A, 0x21A, 0x21C, 0x21C, 0x21E, 0x21E,
    0x220, 0x220, 0x222, 0x222, 0x224, 0x224, 0x226, 0x226, 0x228, 0x228, 0x22A, 0x22A,
    0x22C, 0x22C, 0x22E, 0x22E, 0x230, 0x230, 0x232, 0x232, 0x23A, 0x23B, 0x23D, 0x23E,
    0x241, 0x241, 0x243, 0x246, 0x248, 0x248, 0x24A, 0x24A, 0x24C, 0x24C, 0x24E, 0x24E,
    0x370, 0x370, 0x372, 0x372, 0x376, 0x376, 0x37F, 0x37F, 0x386, 0x386, 0x388, 0x38A,
    0x38C, 0x38C, 0x38E, 0x38F, 0x391, 0x3A1, 0x3A3, 0x3AB, 0x3CF, 0x3CF, 0x3D2, 0x3D4,
    0x3D8, 0x3D8, 0x3DA, 0x3DA, 0x3DC, 0x3DC, 0x3DE, 0x3DE, 0x3E0, 0x3E0, 0x3E2, 0x3E2,
    0x3E4, 0x3E4, 0x3E6, 0x3E6, 0x3E8, 0x3E8, 0x3EA, 0x3EA, 0x3EC, 0x3EC, 0x3EE, 0x3EE,
    0x3F4, 0x3F4, 0x3F7, 0x3F7, 0x3F9, 0x3FA, 0x3FD, 0x42F, 0x460, 0x460, 0x462, 0x462,
    0x464, 0x464, 0x466, 0x466, 0x468, 0x468, 0x46A, 0x46A, 0x46C, 0x46C, 0x46E, 0x46E,
    0x470, 0x470, 0x472, 0x472, 0x474, 0x474, 0x476, 0x476, 0x478, 0x478, 0x47A, 0x47A,
    0x47C, 0x47C, 0x47E, 0x47E, 0x480, 0x480, 0x48A, 0x48A, 0x48C, 0x48C, 0x48E, 0x48E,
    0x490, 0x490, 0x492, 0x492, 0x494, 0x494, 0x496, 0x496, 0x498, 0x498, 0x49A, 0x49A,
    0x49C, 0x49C, 0x49E, 0x49E, 0x4A0, 0x4A0, 0x4A2, 0x4A2, 0x4A4, 0x4A4, 0x4A6, 0x4A6,
    0x4A8, 0x4A8, 0x4AA, 0x4AA, 0x4AC, 0x4AC, 0x4AE, 0x4AE, 0x4B0, 0x4B0, 0x4B2, 0x4B2,
    0x4B4, 0x4B4, 0x4B6, 0x4B6, 0x4B8, 0x4B8, 0x4BA, 0x4BA, 0x4BC, 0x4BC, 0x4BE, 0x4BE,
    0x4C0, 0x4C1, 0x4C3, 0x4C3, 0x4C5, 0x4C5, 0x4C7, 0x4C7, 0x4C9, 0x4C9, 0x4CB, 0x4CB,
    0x4CD, 0x4CD, 0x4D0, 0x4D0, 0x4D2, 0x4D2, 0x4D4, 0x4D4, 0x4D6, 0x4D6, 0x4D8, 0x4D8,
    0x4DA, 0x4DA, 0x4DC, 0x4DC, 0x4DE, 0x4DE, 0x4E0, 0x4E0, 0x4E2, 0x4E2, 0x4E4, 0x4E4,
    0x4E6, 0x4E6, 0x4E8, 0x4E8, 0x4EA, 0x4EA, 0x4EC, 0x4EC, 0x4EE, 0x4EE, 0x4F0, 0x4F0,
    0x4F2, 0x4F2, 0x4F4, 0x4F4, 0x4F6, 0x4F6, 0x4F8, 0x4F8, 0x4FA, 0x4FA, 0x4FC, 0x4FC,
    0x4FE, 0x4FE, 0x500, 0x500, 0x502, 0x502, 0x504, 0x504, 0x506, 0x506, 0x508, 0x508,
    0x50A, 0x50A, 0x50C, 0x50C, 0x50E, 0x50E, 0x510, 0x510, 0x512, 0x512, 0x514, 0x514,
    0x516, 0x516, 0x518, 0x518, 0x51A, 0x51A, 0x51C, 0x51C, 0x51E, 0x51E, 0x520, 0x520,
    0x522, 0x522, 0x524, 0x524, 0x526, 0x526, 0x528, 0x528, 0x52A, 0x52A, 0x52C, 0x52C,
    0x52E, 0x52E, 0x531, 0x556, 0x10A0, 0x10C5, 0x10C7, 0x10C7, 0x10CD, 0x10CD, 0x13A0, 0x13F5,
    0x1C89, 0x1C89, 0x1C90, 0x1CBA, 0x1CBD, 0x1CBF, 0x1E00, 0x1E00, 0x1E02, 0x1E02, 0x1E04, 0x1E04,
    0x1E06, 0x1E06, 0x1E08, 0x1E08, 0x1E0A, 0x1E0A, 0x1E0C, 0x1E0C, 0x1E0E, 0x1E0E, 0x1E10, 0x1E10,
    0x1E12, 0x1E12, 0x1E14, 0x1E14, 0x1E16, 0x1E16, 0x1E18, 0x1E18, 0x1E1A, 0x1E1A, 0x1E1C, 0x1E1C,
    0x1E1E, 0x1E1E, 0x1E20, 0x1E20, 0x1E22, 0x1E22, 0x1E24, 0x1E24, 0x1E26, 0x1E26, 0x1E28, 0x1E28,
    0x1E2A, 0x1E2A, 0x1E2C, 0x1E2C, 0x1E2E, 0x1E2E, 0x1E30, 0x1E30, 0x1E32, 0x1E32, 0x1E34, 0x1E34,
    0x1E36, 0x1E36, 0x1E38, 0x1E38, 0x1E3A, 0x1E3A, 0x1E3C, 0x1E3C, 0x1E3E, 0x1E3E, 0x1E40, 0x1E40,
    0x1E42, 0x1E42, 0x1E44, 0x1E44, 0x1E46, 0x1E46, 0x1E48, 0x1E48, 0x1E4A, 0x1E4A, 0x1E4C, 0x1E4C,
    0x1E4E, 0x1E4E, 0x1E50, 0x1E50, 0x1E52, 0x1E52, 0x1E54, 0x1E54, 0x1E56, 0x1E56, 0x1E58, 0x1E58,
    0x1E5A, 0x1E5A, 0x1E5C, 0x1E5C, 0x1E5E, 0x1E5E, 0x1E60, 0x1E60, 0x1E62, 0x1E62, 0x1E64, 0x1E64,
    0x1E66, 0x1E66, 0x1E68, 0x1E68, 0x1E6A, 0x1E6A, 0x1E6C, 0x1E6C, 0x1E6E, 0x1E6E, 0x1E70, 0x1E70,
    0x1E72, 0x1E72, 0x1E74, 0x1E74, 0x1E76, 0x1E76, 0x1E78, 0x1E78, 0x1E7A, 0x1E7A, 0x1E7C, 0x1E7C,
    0x1E7E, 0x1E7E, 0x1E80, 0x1E80, 0x1E82, 0x1E82, 0x1E84, 0x1E84, 0x1E86, 0x1E86, 0x1E88, 0x1E88,
    0x1E8A, 0x1E8A, 0x1E8C, 0x1E8C, 0x1E8E, 0x1E8E, 0x1E90, 0x1E90, 0x1E92, 0x1E92, 0x1E94, 0x1E94,
    0x1E9E, 0x1E9E, 0x1EA0, 0x1EA0, 0x1EA2, 0x1EA2, 0x1EA4, 0x1EA4, 0x1EA6, 0x1EA6, 0x1EA8, 0x1EA8,
    0x1EAA, 0x1EAA, 0x1EAC, 0x1EAC, 0x1EAE, 0x1EAE, 0x1EB0, 0x1EB0, 0x1EB2, 0x1EB2, 0x1EB4, 0x1EB4,
    0x1EB6, 0x1EB6, 0x1EB8, 0x1EB8, 0x1EBA, 0x1EBA, 0x1EBC, 0x1EBC, 0x1EBE, 0x1EBE, 0x1EC0, 0x1EC0,
    0x1EC2, 0x1EC2, 0x1EC4, 0x1EC4, 0x1EC6, 0x1EC6, 0x1EC8, 0x1EC8, 0x1ECA, 0x1ECA, 0x1ECC, 0x1ECC,
    0x1ECE, 0x1ECE, 0x1ED0, 0x1ED0, 0x1ED2, 0x1ED2, 0x1ED4, 0x1ED4, 0x1ED6, 0x1ED6, 0x1ED8, 0x1ED8,
    0x1EDA, 0x1EDA, 0x1EDC, 0x1EDC, 0x1EDE, 0x1EDE, 0x1EE0, 0x1EE0, 0x1EE2, 0x1EE2, 0x1EE4, 0x1EE4,
    0x1EE6, 0x1EE6, 0x1EE8, 0x1EE8, 0x1EEA, 0x1EEA, 0x1EEC, 0x1EEC, 0x1EEE, 0x1EEE, 0x1EF0, 0x1EF0,
    0x1EF2, 0x1EF2, 0x1EF4, 0x1EF4, 0x1EF6, 0x1EF6, 0x1EF8, 0x1EF8, 0x1EFA, 0x1EFA, 0x1EFC, 0x1EFC,
    0x1EFE, 0x1EFE, 0x1F08, 0x1F0F, 0x1F18, 0x1F1D, 0x1F28, 0x1F2F, 0x1F38, 0x1F3F, 0x1F48, 0x1F4D,
    0x1F59, 0x1F59, 0x1F5B, 0x1F5B, 0x1F5D, 0x1F5D, 0x1F5F, 0x1F5F, 0x1F68, 0x1F6F, 0x1FB8, 0x1FBB,
    0x1FC8, 0x1FCB, 0x1FD8, 0x1FDB, 0x1FE8, 0x1FEC, 0x1FF8, 0x1FFB, 0x2102, 0x2102, 0x2107, 0x2107,
    0x210B, 0x210D, 0x2110, 0x2112, 0x2115, 0x2115, 0x2119, 0x211D, 0x2124, 0x2124, 0x2126, 0x2126,
    0x2128, 0x2128, 0x212A, 0x212D, 0x2130, 0x2133, 0x213E, 0x213F, 0x2145, 0x2145, 0x2183, 0x2183,
    0x2C00, 0x2C2F, 0x2C60, 0x2C60, 0x2C62, 0x2C64, 0x2C67, 0x2C67, 0x2C69, 0x2C69, 0x2C6B, 0x2C6B,
    0x2C6D, 0x2C70, 0x2C72, 0x2C72, 0x2C75, 0x2C75, 0x2C7E, 0x2C80, 0x2C82, 0x2C82, 0x2C84, 0x2C84,
    0x2C86, 0x2C86, 0x2C88, 0x2C88, 0x2C8A, 0x2C8A, 0x2C8C, 0x2C8C, 0x2C8E, 0x2C8E, 0x2C90, 0x2C90,
    0x2C92, 0x2C92, 0x2C94, 0x2C94, 0x2C96, 0x2C96, 0x2C98, 0x2C98, 0x2C9A, 0x2C9A, 0x2C9C, 0x2C9C,
    0x2C9E, 0x2C9E, 0x2CA0, 0x2CA0, 0x2CA2, 0x2CA2, 0x2CA4, 0x2CA4, 0x2CA6, 0x2CA6, 0x2CA8, 0x2CA8,
    0x2CAA, 0x2CAA, 0x2CAC, 0x2CAC, 0x2CAE, 0x2CAE, 0x2CB0, 0x2CB0, 0x2CB2, 0x2CB2, 0x2CB4, 0x2CB4,
    0x2CB6, 0x2CB6, 0x2CB8, 0x2CB8, 0x2CBA, 0x2CBA, 0x2CBC, 0x2CBC, 0x2CBE, 0x2CBE, 0x2CC0, 0x2CC0,
    0x2CC2, 0x2CC2, 0x2CC4, 0x2CC4, 0x2CC6, 0x2CC6, 0x2CC8, 0x2CC8, 0x2CCA, 0x2CCA, 0x2CCC, 0x2CCC,
    0x2CCE, 0x2CCE, 0x2CD0, 0x2CD0, 0x2CD2, 0x2CD2, 0x2CD4, 0x2CD4, 0x2CD6, 0x2CD6, 0x2CD8, 0x2CD8,
    0x2CDA, 0x2CDA, 0x2CDC, 0x2CDC, 0x2CDE, 0x2CDE, 0x2CE0, 0x2CE0, 0x2CE2, 0x2CE2, 0x2CEB, 0x2CEB,
    0x2CED, 0x2CED, 0x2CF2, 0x2CF2, 0xA640, 0xA640, 0xA642, 0xA642, 0xA644, 0xA644, 0xA646, 0xA646,
    0xA648, 0xA648, 0xA64A, 0xA64A, 0xA64C, 0xA64C, 0xA64E, 0xA64E, 0xA650, 0xA650, 0xA652, 0xA652,
    0xA654, 0xA654, 0xA656, 0xA656, 0xA658, 0xA658, 0xA65A, 0xA65A, 0xA65C, 0xA65C, 0xA65E, 0xA65E,
    0xA660, 0xA660, 0xA662, 0xA662, 0xA664, 0xA664, 0xA666, 0xA666, 0xA668, 0xA668, 0xA66A, 0xA66A,
    0xA66C, 0xA66C, 0xA680, 0xA680, 0xA682, 0xA682, 0xA684, 0xA684, 0xA686, 0xA686, 0xA688, 0xA688,
    0xA68A, 0xA68A, 0xA68C, 0xA68C, 0xA68E, 0xA68E, 0xA690, 0xA690, 0xA692, 0xA692, 0xA694, 0xA694,
    0xA696, 0xA696, 0xA698, 0xA698, 0xA69A, 0xA69A, 0xA722, 0xA722, 0xA724, 0xA724, 0xA726, 0xA726,
    0xA728, 0xA728, 0xA72A, 0xA72A, 0xA72C, 0xA72C, 0xA72E, 0xA72E, 0xA732, 0xA732, 0xA734, 0xA734,
    0xA736, 0xA736, 0xA738, 0xA738, 0xA73A, 0xA73A, 0xA73C, 0xA73C, 0xA73E, 0xA73E, 0xA740, 0xA740,
    0xA742, 0xA742, 0xA744, 0xA744, 0xA746, 0xA746, 0xA748, 0xA748, 0xA74A, 0xA74A, 0xA74C, 0xA74C,
    0xA74E, 0xA74E, 0xA750, 0xA750, 0xA752, 0xA752, 0xA754, 0xA754, 0xA756, 0xA756, 0xA758, 0xA758,
    0xA75A, 0xA75A, 0xA75C, 0xA75C, 0xA75E, 0xA75E, 0xA760, 0xA760, 0xA762, 0xA762, 0xA764, 0xA764,
    0xA766, 0xA766, 0xA768, 0xA768, 0xA76A, 0xA76A, 0xA76C, 0xA76C, 0xA76E, 0xA76E, 0xA779, 0xA779,
    0xA77B, 0xA77B, 0xA77D, 0xA77E, 0xA780, 0xA780, 0xA782, 0xA782, 0xA784, 0xA784, 0xA786, 0xA786,
    0xA78B, 0xA78B, 0xA78D, 0xA78D, 0xA790, 0xA790, 0xA792, 0xA792, 0xA796, 0xA796, 0xA798, 0xA798,
    0xA79A, 0xA79A, 0xA79C, 0xA79C, 0xA79E, 0xA79E, 0xA7A0, 0xA7A0, 0xA7A2, 0xA7A2, 0xA7A4, 0xA7A4,
    0xA7A6, 0xA7A6, 0xA7A8, 0xA7A8, 0xA7AA, 0xA7AE, 0xA7B0, 0xA7B4, 0xA7B6, 0xA7B6, 0xA7B8, 0xA7B8,
    0xA7BA, 0xA7BA, 0xA7BC, 0xA7BC, 0xA7BE, 0xA7BE, 0xA7C0, 0xA7C0, 0xA7C2, 0xA7C2, 0xA7C4, 0xA7C7,
    0xA7C9, 0xA7C9, 0xA7CB, 0xA7CC, 0xA7CE, 0xA7CE, 0xA7D0, 0xA7D0, 0xA7D2, 0xA7D2, 0xA7D4, 0xA7D4,
    0xA7D6, 0xA7D6, 0xA7D8, 0xA7D8, 0xA7DA, 0xA7DA, 0xA7DC, 0xA7DD, 0xA7E2, 0xA7E2, 0xA7F5, 0xA7F5,
    0xAB6C, 0xAB6D, 0xFF21, 0xFF3A, 0x10400, 0x10427, 0x104B0, 0x104D3, 0x10570, 0x1057A, 0x1057C, 0x1058A,
    0x1058C, 0x10592, 0x10594, 0x10595, 0x10C80, 0x10CB2, 0x10D50, 0x10D65, 0x118A0, 0x118BF, 0x16E40, 0x16E5F,
    0x16EA0, 0x16EB8, 0x1D400, 0x1D419, 0x1D434, 0x1D44D, 0x1D468, 0x1D481, 0x1D49C, 0x1D49C, 0x1D49E, 0x1D49F,
    0x1D4A2, 0x1D4A2, 0x1D4A5, 0x1D4A6, 0x1D4A9, 0x1D4AC, 0x1D4AE, 0x1D4B5, 0x1D4D0, 0x1D4E9, 0x1D504, 0x1D505,
    0x1D507, 0x1D50A, 0x1D50D, 0x1D514, 0x1D516, 0x1D51C, 0x1D538, 0x1D539, 0x1D53B, 0x1D53E, 0x1D540, 0x1D544,
    0x1D546, 0x1D546, 0x1D54A, 0x1D550, 0x1D56C, 0x1D585, 0x1D5A0, 0x1D5B9, 0x1D5D4, 0x1D5ED, 0x1D608, 0x1D621,
    0x1D63C, 0x1D655, 0x1D670, 0x1D689, 0x1D6A8, 0x1D6C0, 0x1D6E2, 0x1D6FA, 0x1D71C, 0x1D734, 0x1D756, 0x1D76E,
    0x1D790, 0x1D7A8, 0x1D7CA, 0x1D7CA, 0x1DF40, 0x1DF40, 0x1DF48, 0x1DF48, 0x1DF4A, 0x1DF4A, 0x1DF4D, 0x1DF4D,
    0x1DF51, 0x1DF51, 0x1DF68, 0x1DF68, 0x1DF6A, 0x1DF6A, 0x1DF6C, 0x1DF6C, 0x1DF6E, 0x1DF6E, 0x1DF72, 0x1DF72,
    0x1DF74, 0x1DF74, 0x1DF76, 0x1DF76, 0x1DF78, 0x1DF78, 0x1DF7A, 0x1DF7A, 0x1DF7C, 0x1DF7C, 0x1DF7E, 0x1DF7E,
    0x1E900, 0x1E921,
};
static const uint32_t R_GC_M[] = {
    0x300, 0x36F, 0x483, 0x489, 0x591, 0x5BD, 0x5BF, 0x5BF, 0x5C1, 0x5C2, 0x5C4, 0x5C5,
    0x5C7, 0x5C9, 0x610, 0x61A, 0x64B, 0x65F, 0x670, 0x670, 0x6D6, 0x6DC, 0x6DF, 0x6E4,
    0x6E7, 0x6E8, 0x6EA, 0x6ED, 0x711, 0x711, 0x730, 0x74A, 0x7A6, 0x7B0, 0x7EB, 0x7F3,
    0x7FD, 0x7FD, 0x816, 0x819, 0x81B, 0x823, 0x825, 0x827, 0x829, 0x82D, 0x859, 0x85B,
    0x897, 0x89F, 0x8CA, 0x8E1, 0x8E3, 0x903, 0x93A, 0x93C, 0x93E, 0x94F, 0x951, 0x957,
    0x962, 0x963, 0x981, 0x983, 0x9BC, 0x9BC, 0x9BE, 0x9C4, 0x9C7, 0x9C8, 0x9CB, 0x9CD,
    0x9D7, 0x9D7, 0x9E2, 0x9E3, 0x9FE, 0x9FE, 0xA01, 0xA03, 0xA3C, 0xA3C, 0xA3E, 0xA42,
    0xA47, 0xA48, 0xA4B, 0xA4D, 0xA51, 0xA51, 0xA70, 0xA71, 0xA75, 0xA75, 0xA81, 0xA83,
    0xABC, 0xABC, 0xABE, 0xAC5, 0xAC7, 0xAC9, 0xACB, 0xACD, 0xAE2, 0xAE3, 0xAFA, 0xAFF,
    0xB01, 0xB03, 0xB3C, 0xB3C, 0xB3E, 0xB44, 0xB47, 0xB48, 0xB4B, 0xB4D, 0xB53, 0xB57,
    0xB62, 0xB63, 0xB82, 0xB82, 0xBBE, 0xBC2, 0xBC6, 0xBC8, 0xBCA, 0xBCD, 0xBD7, 0xBD7,
    0xC00, 0xC04, 0xC3C, 0xC3C, 0xC3E, 0xC44, 0xC46, 0xC48, 0xC4A, 0xC4D, 0xC55, 0xC56,
    0xC62, 0xC63, 0xC81, 0xC83, 0xCBC, 0xCBC, 0xCBE, 0xCC4, 0xCC6, 0xCC8, 0xCCA, 0xCCD,
    0xCD5, 0xCD6, 0xCE2, 0xCE3, 0xCF3, 0xCF3, 0xD00, 0xD03, 0xD3B, 0xD3C, 0xD3E, 0xD44,
    0xD46, 0xD48, 0xD4A, 0xD4D, 0xD57, 0xD57, 0xD62, 0xD63, 0xD81, 0xD83, 0xDCA, 0xDCA,
    0xDCF, 0xDD4, 0xDD6, 0xDD6, 0xDD8, 0xDDF, 0xDF2, 0xDF3, 0xE31, 0xE31, 0xE34, 0xE3A,
    0xE47, 0xE4E, 0xEB1, 0xEB1, 0xEB4, 0xEBC, 0xEC8, 0xECE, 0xF18, 0xF19, 0xF35, 0xF35,
    0xF37, 0xF37, 0xF39, 0xF39, 0xF3E, 0xF3F, 0xF71, 0xF84, 0xF86, 0xF87, 0xF8D, 0xF97,
    0xF99, 0xFBC, 0xFC6, 0xFC6, 0x102B, 0x103E, 0x1056, 0x1059, 0x105E, 0x1060, 0x1062, 0x1064,
    0x1067, 0x106D, 0x1071, 0x1074, 0x1082, 0x108D, 0x108F, 0x108F, 0x109A, 0x109D, 0x135D, 0x135F,
    0x1712, 0x1715, 0x1732, 0x1734, 0x1752, 0x1753, 0x1772, 0x1773, 0x17B4, 0x17D3, 0x17DD, 0x17DD,
    0x180B, 0x180D, 0x180F, 0x180F, 0x1885, 0x1886, 0x18A9, 0x18A9, 0x1920, 0x192B, 0x1930, 0x193B,
    0x1A17, 0x1A1B, 0x1A55, 0x1A5E, 0x1A60, 0x1A7C, 0x1A7F, 0x1A7F, 0x1AB0, 0x1AF0, 0x1B00, 0x1B04,
    0x1B34, 0x1B44, 0x1B6B, 0x1B73, 0x1B80, 0x1B82, 0x1BA1, 0x1BAD, 0x1BE6, 0x1BF3, 0x1C24, 0x1C37,
    0x1CD0, 0x1CD2, 0x1CD4, 0x1CE8, 0x1CED, 0x1CED, 0x1CF4, 0x1CF4, 0x1CF7, 0x1CF9, 0x1DC0, 0x1DFF,
    0x20D0, 0x20F0, 0x2CEF, 0x2CF1, 0x2D7F, 0x2D7F, 0x2DE0, 0x2DFF, 0x302A, 0x302F, 0x3099, 0x309A,
    0xA66F, 0xA672, 0xA674, 0xA67D, 0xA69E, 0xA69F, 0xA6F0, 0xA6F1, 0xA802, 0xA802, 0xA806, 0xA806,
    0xA80B, 0xA80B, 0xA823, 0xA827, 0xA82C, 0xA82C, 0xA880, 0xA881, 0xA8B4, 0xA8C5, 0xA8E0, 0xA8F1,
    0xA8FF, 0xA8FF, 0xA926, 0xA92D, 0xA947, 0xA953, 0xA980, 0xA983, 0xA9B3, 0xA9C0, 0xA9E5, 0xA9E5,
    0xAA29, 0xAA36, 0xAA43, 0xAA43, 0xAA4C, 0xAA4D, 0xAA7B, 0xAA7D, 0xAAB0, 0xAAB0, 0xAAB2, 0xAAB4,
    0xAAB7, 0xAAB8, 0xAABE, 0xAABF, 0xAAC1, 0xAAC1, 0xAAEB, 0xAAEF, 0xAAF5, 0xAAF6, 0xABE3, 0xABEA,
    0xABEC, 0xABED, 0xFB1E, 0xFB1E, 0xFE00, 0xFE0F, 0xFE20, 0xFE2F, 0x101FD, 0x101FD, 0x102E0, 0x102E0,
    0x10376, 0x1037A, 0x10A01, 0x10A03, 0x10A05, 0x10A06, 0x10A0C, 0x10A0F, 0x10A38, 0x10A3A, 0x10A3F, 0x10A3F,
    0x10AE5, 0x10AE6, 0x10D24, 0x10D27, 0x10D69, 0x10D6D, 0x10EAB, 0x10EAC, 0x10ECB, 0x10ECF, 0x10EF0, 0x10EFF,
    0x10F46, 0x10F50, 0x10F82, 0x10F85, 0x11000, 0x11002, 0x11038, 0x11046, 0x11070, 0x11070, 0x11073, 0x11074,
    0x1107F, 0x11082, 0x110B0, 0x110BA, 0x110C2, 0x110C2, 0x11100, 0x11102, 0x11127, 0x11134, 0x11145, 0x11146,
    0x11173, 0x11173, 0x11180, 0x11182, 0x111B3, 0x111C0, 0x111C9, 0x111CC, 0x111CE, 0x111CF, 0x1122C, 0x11237,
    0x1123E, 0x1123E, 0x11241, 0x11241, 0x112DF, 0x112EA, 0x11300, 0x11303, 0x1133B, 0x1133C, 0x1133E, 0x11344,
    0x11347, 0x11348, 0x1134B, 0x1134D, 0x11357, 0x11357, 0x11362, 0x11363, 0x11366, 0x1136C, 0x11370, 0x11374,
    0x113B8, 0x113C0, 0x113C2, 0x113C2, 0x113C5, 0x113C5, 0x113C7, 0x113CA, 0x113CC, 0x113D0, 0x113D2, 0x113D2,
    0x113E1, 0x113E2, 0x11435, 0x11446, 0x1145E, 0x1145E, 0x114B0, 0x114C3, 0x115AF, 0x115B5, 0x115B8, 0x115C0,
    0x115DC, 0x115DD, 0x11630, 0x11640, 0x116AB, 0x116B7, 0x1171D, 0x1172B, 0x1182C, 0x1183A, 0x11930, 0x11935,
    0x11937, 0x11938, 0x1193B, 0x1193E, 0x11940, 0x11940, 0x11942, 0x11943, 0x119D1, 0x119D7, 0x119DA, 0x119E0,
    0x119E4, 0x119E4, 0x11A01, 0x11A0A, 0x11A33, 0x11A39, 0x11A3B, 0x11A3E, 0x11A47, 0x11A47, 0x11A51, 0x11A5B,
    0x11A8A, 0x11A99, 0x11B60, 0x11B67, 0x11C2F, 0x11C36, 0x11C38, 0x11C3F, 0x11C92, 0x11CA7, 0x11CA9, 0x11CB6,
    0x11D31, 0x11D36, 0x11D3A, 0x11D3A, 0x11D3C, 0x11D3D, 0x11D3F, 0x11D45, 0x11D47, 0x11D47, 0x11D8A, 0x11D8E,
    0x11D90, 0x11D91, 0x11D93, 0x11D97, 0x11DF0, 0x11DF0, 0x11EF3, 0x11EF6, 0x11F00, 0x11F01, 0x11F03, 0x11F03,
    0x11F34, 0x11F3A, 0x11F3E, 0x11F42, 0x11F5A, 0x11F5A, 0x13440, 0x13440, 0x13447, 0x13455, 0x1611E, 0x1612F,
    0x16AF0, 0x16AF4, 0x16B30, 0x16B36, 0x16F4F, 0x16F4F, 0x16F51, 0x16F87, 0x16F8F, 0x16F92, 0x16FE4, 0x16FE4,
    0x16FF0, 0x16FF1, 0x1BC9D, 0x1BC9E, 0x1CF00, 0x1CF2D, 0x1CF30, 0x1CF46, 0x1D127, 0x1D128, 0x1D165, 0x1D169,
    0x1D16D, 0x1D172, 0x1D17B, 0x1D182, 0x1D185, 0x1D18B, 0x1D1AA, 0x1D1AD, 0x1D242, 0x1D244, 0x1D250, 0x1D252,
    0x1D25B, 0x1D25C, 0x1D25F, 0x1D25F, 0x1D280, 0x1D281, 0x1DA00, 0x1DA36, 0x1DA3B, 0x1DA6C, 0x1DA75, 0x1DA75,
    0x1DA84, 0x1DA84, 0x1DA9B, 0x1DA9F, 0x1DAA1, 0x1DAAF, 0x1E000, 0x1E006, 0x1E008, 0x1E018, 0x1E01B, 0x1E021,
    0x1E023, 0x1E024, 0x1E026, 0x1E02A, 0x1E08F, 0x1E08F, 0x1E130, 0x1E136, 0x1E2AE, 0x1E2AE, 0x1E2EC, 0x1E2EF,
    0x1E4EC, 0x1E4EF, 0x1E5EE, 0x1E5EF, 0x1E6E3, 0x1E6E3, 0x1E6E6, 0x1E6E6, 0x1E6EE, 0x1E6EF, 0x1E6F5, 0x1E6F5,
    0x1E8D0, 0x1E8D6, 0x1E944, 0x1E94A, 0xE0100, 0xE01EF,
};
static const uint32_t R_GC_Mc[] = {
    0x903, 0x903, 0x93B, 0x93B, 0x93E, 0x940, 0x949, 0x94C, 0x94E, 0x94F, 0x982, 0x983,
    0x9BE, 0x9C0, 0x9C7, 0x9C8, 0x9CB, 0x9CC, 0x9D7, 0x9D7, 0xA03, 0xA03, 0xA3E, 0xA40,
    0xA83, 0xA83, 0xABE, 0xAC0, 0xAC9, 0xAC9, 0xACB, 0xACC, 0xB02, 0xB03, 0xB3E, 0xB3E,
    0xB40, 0xB40, 0xB47, 0xB48, 0xB4B, 0xB4C, 0xB57, 0xB57, 0xBBE, 0xBBF, 0xBC1, 0xBC2,
    0xBC6, 0xBC8, 0xBCA, 0xBCC, 0xBD7, 0xBD7, 0xC01, 0xC03, 0xC41, 0xC44, 0xC82, 0xC83,
    0xCBE, 0xCBE, 0xCC0, 0xCC4, 0xCC7, 0xCC8, 0xCCA, 0xCCB, 0xCD5, 0xCD6, 0xCF3, 0xCF3,
    0xD02, 0xD03, 0xD3E, 0xD40, 0xD46, 0xD48, 0xD4A, 0xD4C, 0xD57, 0xD57, 0xD82, 0xD83,
    0xDCF, 0xDD1, 0xDD8, 0xDDF, 0xDF2, 0xDF3, 0xF3E, 0xF3F, 0xF7F, 0xF7F, 0x102B, 0x102C,
    0x1031, 0x1031, 0x1038, 0x1038, 0x103B, 0x103C, 0x1056, 0x1057, 0x1062, 0x1064, 0x1067, 0x106D,
    0x1083, 0x1084, 0x1087, 0x108C, 0x108F, 0x108F, 0x109A, 0x109C, 0x1715, 0x1715, 0x1734, 0x1734,
    0x17B6, 0x17B6, 0x17BE, 0x17C5, 0x17C7, 0x17C8, 0x1923, 0x1926, 0x1929, 0x192B, 0x1930, 0x1931,
    0x1933, 0x1938, 0x1A19, 0x1A1A, 0x1A55, 0x1A55, 0x1A57, 0x1A57, 0x1A61, 0x1A61, 0x1A63, 0x1A64,
    0x1A6D, 0x1A72, 0x1B04, 0x1B04, 0x1B35, 0x1B35, 0x1B3B, 0x1B3B, 0x1B3D, 0x1B41, 0x1B43, 0x1B44,
    0x1B82, 0x1B82, 0x1BA1, 0x1BA1, 0x1BA6, 0x1BA7, 0x1BAA, 0x1BAA, 0x1BE7, 0x1BE7, 0x1BEA, 0x1BEC,
    0x1BEE, 0x1BEE, 0x1BF2, 0x1BF3, 0x1C24, 0x1C2B, 0x1C34, 0x1C35, 0x1CE1, 0x1CE1, 0x1CF7, 0x1CF7,
    0x302E, 0x302F, 0xA823, 0xA824, 0xA827, 0xA827, 0xA880, 0xA881, 0xA8B4, 0xA8C3, 0xA952, 0xA953,
    0xA983, 0xA983, 0xA9B4, 0xA9B5, 0xA9BA, 0xA9BB, 0xA9BE, 0xA9C0, 0xAA2F, 0xAA30, 0xAA33, 0xAA34,
    0xAA4D, 0xAA4D, 0xAA7B, 0xAA7B, 0xAA7D, 0xAA7D, 0xAAEB, 0xAAEB, 0xAAEE, 0xAAEF, 0xAAF5, 0xAAF5,
    0xABE3, 0xABE4, 0xABE6, 0xABE7, 0xABE9, 0xABEA, 0xABEC, 0xABEC, 0x11000, 0x11000, 0x11002, 0x11002,
    0x11082, 0x11082, 0x110B0, 0x110B2, 0x110B7, 0x110B8, 0x1112C, 0x1112C, 0x11145, 0x11146, 0x11182, 0x11182,
    0x111B3, 0x111B5, 0x111BF, 0x111C0, 0x111CE, 0x111CE, 0x1122C, 0x1122E, 0x11232, 0x11233, 0x11235, 0x11235,
    0x112E0, 0x112E2, 0x11302, 0x11303, 0x1133E, 0x1133F, 0x11341, 0x11344, 0x11347, 0x11348, 0x1134B, 0x1134D,
    0x11357, 0x11357, 0x11362, 0x11363, 0x113B8, 0x113BA, 0x113C2, 0x113C2, 0x113C5, 0x113C5, 0x113C7, 0x113CA,
    0x113CC, 0x113CD, 0x113CF, 0x113CF, 0x11435, 0x11437, 0x11440, 0x11441, 0x11445, 0x11445, 0x114B0, 0x114B2,
    0x114B9, 0x114B9, 0x114BB, 0x114BE, 0x114C1, 0x114C1, 0x115AF, 0x115B1, 0x115B8, 0x115BB, 0x115BE, 0x115BE,
    0x11630, 0x11632, 0x1163B, 0x1163C, 0x1163E, 0x1163E, 0x116AC, 0x116AC, 0x116AE, 0x116AF, 0x116B6, 0x116B6,
    0x1171E, 0x1171E, 0x11720, 0x11721, 0x11726, 0x11726, 0x1182C, 0x1182E, 0x11838, 0x11838, 0x11930, 0x11935,
    0x11937, 0x11938, 0x1193D, 0x1193D, 0x11940, 0x11940, 0x11942, 0x11942, 0x119D1, 0x119D3, 0x119DC, 0x119DF,
    0x119E4, 0x119E4, 0x11A39, 0x11A39, 0x11A57, 0x11A58, 0x11A97, 0x11A97, 0x11B61, 0x11B61, 0x11B65, 0x11B65,
    0x11B67, 0x11B67, 0x11C2F, 0x11C2F, 0x11C3E, 0x11C3E, 0x11CA9, 0x11CA9, 0x11CB1, 0x11CB1, 0x11CB4, 0x11CB4,
    0x11D8A, 0x11D8E, 0x11D93, 0x11D94, 0x11D96, 0x11D96, 0x11EF5, 0x11EF6, 0x11F03, 0x11F03, 0x11F34, 0x11F35,
    0x11F3E, 0x11F3F, 0x11F41, 0x11F41, 0x1612A, 0x1612C, 0x16F51, 0x16F87, 0x16FF0, 0x16FF1, 0x1D165, 0x1D166,
    0x1D16D, 0x1D172, 0x1D250, 0x1D252, 0x1D25F, 0x1D25F, 0x1D280, 0x1D281,
};
static const uint32_t R_GC_Me[] = {
    0x488, 0x489, 0x1ABE, 0x1ABE, 0x20DD, 0x20E0, 0x20E2, 0x20E4, 0xA670, 0xA672,
};
static const uint32_t R_GC_Mn[] = {
    0x300, 0x36F, 0x483, 0x487, 0x591, 0x5BD, 0x5BF, 0x5BF, 0x5C1, 0x5C2, 0x5C4, 0x5C5,
    0x5C7, 0x5C9, 0x610, 0x61A, 0x64B, 0x65F, 0x670, 0x670, 0x6D6, 0x6DC, 0x6DF, 0x6E4,
    0x6E7, 0x6E8, 0x6EA, 0x6ED, 0x711, 0x711, 0x730, 0x74A, 0x7A6, 0x7B0, 0x7EB, 0x7F3,
    0x7FD, 0x7FD, 0x816, 0x819, 0x81B, 0x823, 0x825, 0x827, 0x829, 0x82D, 0x859, 0x85B,
    0x897, 0x89F, 0x8CA, 0x8E1, 0x8E3, 0x902, 0x93A, 0x93A, 0x93C, 0x93C, 0x941, 0x948,
    0x94D, 0x94D, 0x951, 0x957, 0x962, 0x963, 0x981, 0x981, 0x9BC, 0x9BC, 0x9C1, 0x9C4,
    0x9CD, 0x9CD, 0x9E2, 0x9E3, 0x9FE, 0x9FE, 0xA01, 0xA02, 0xA3C, 0xA3C, 0xA41, 0xA42,
    0xA47, 0xA48, 0xA4B, 0xA4D, 0xA51, 0xA51, 0xA70, 0xA71, 0xA75, 0xA75, 0xA81, 0xA82,
    0xABC, 0xABC, 0xAC1, 0xAC5, 0xAC7, 0xAC8, 0xACD, 0xACD, 0xAE2, 0xAE3, 0xAFA, 0xAFF,
    0xB01, 0xB01, 0xB3C, 0xB3C, 0xB3F, 0xB3F, 0xB41, 0xB44, 0xB4D, 0xB4D, 0xB53, 0xB56,
    0xB62, 0xB63, 0xB82, 0xB82, 0xBC0, 0xBC0, 0xBCD, 0xBCD, 0xC00, 0xC00, 0xC04, 0xC04,
    0xC3C, 0xC3C, 0xC3E, 0xC40, 0xC46, 0xC48, 0xC4A, 0xC4D, 0xC55, 0xC56, 0xC62, 0xC63,
    0xC81, 0xC81, 0xCBC, 0xCBC, 0xCBF, 0xCBF, 0xCC6, 0xCC6, 0xCCC, 0xCCD, 0xCE2, 0xCE3,
    0xD00, 0xD01, 0xD3B, 0xD3C, 0xD41, 0xD44, 0xD4D, 0xD4D, 0xD62, 0xD63, 0xD81, 0xD81,
    0xDCA, 0xDCA, 0xDD2, 0xDD4, 0xDD6, 0xDD6, 0xE31, 0xE31, 0xE34, 0xE3A, 0xE47, 0xE4E,
    0xEB1, 0xEB1, 0xEB4, 0xEBC, 0xEC8, 0xECE, 0xF18, 0xF19, 0xF35, 0xF35, 0xF37, 0xF37,
    0xF39, 0xF39, 0xF71, 0xF7E, 0xF80, 0xF84, 0xF86, 0xF87, 0xF8D, 0xF97, 0xF99, 0xFBC,
    0xFC6, 0xFC6, 0x102D, 0x1030, 0x1032, 0x1037, 0x1039, 0x103A, 0x103D, 0x103E, 0x1058, 0x1059,
    0x105E, 0x1060, 0x1071, 0x1074, 0x1082, 0x1082, 0x1085, 0x1086, 0x108D, 0x108D, 0x109D, 0x109D,
    0x135D, 0x135F, 0x1712, 0x1714, 0x1732, 0x1733, 0x1752, 0x1753, 0x1772, 0x1773, 0x17B4, 0x17B5,
    0x17B7, 0x17BD, 0x17C6, 0x17C6, 0x17C9, 0x17D3, 0x17DD, 0x17DD, 0x180B, 0x180D, 0x180F, 0x180F,
    0x1885, 0x1886, 0x18A9, 0x18A9, 0x1920, 0x1922, 0x1927, 0x1928, 0x1932, 0x1932, 0x1939, 0x193B,
    0x1A17, 0x1A18, 0x1A1B, 0x1A1B, 0x1A56, 0x1A56, 0x1A58, 0x1A5E, 0x1A60, 0x1A60, 0x1A62, 0x1A62,
    0x1A65, 0x1A6C, 0x1A73, 0x1A7C, 0x1A7F, 0x1A7F, 0x1AB0, 0x1ABD, 0x1ABF, 0x1AF0, 0x1B00, 0x1B03,
    0x1B34, 0x1B34, 0x1B36, 0x1B3A, 0x1B3C, 0x1B3C, 0x1B42, 0x1B42, 0x1B6B, 0x1B73, 0x1B80, 0x1B81,
    0x1BA2, 0x1BA5, 0x1BA8, 0x1BA9, 0x1BAB, 0x1BAD, 0x1BE6, 0x1BE6, 0x1BE8, 0x1BE9, 0x1BED, 0x1BED,
    0x1BEF, 0x1BF1, 0x1C2C, 0x1C33, 0x1C36, 0x1C37, 0x1CD0, 0x1CD2, 0x1CD4, 0x1CE0, 0x1CE2, 0x1CE8,
    0x1CED, 0x1CED, 0x1CF4, 0x1CF4, 0x1CF8, 0x1CF9, 0x1DC0, 0x1DFF, 0x20D0, 0x20DC, 0x20E1, 0x20E1,
    0x20E5, 0x20F0, 0x2CEF, 0x2CF1, 0x2D7F, 0x2D7F, 0x2DE0, 0x2DFF, 0x302A, 0x302D, 0x3099, 0x309A,
    0xA66F, 0xA66F, 0xA674, 0xA67D, 0xA69E, 0xA69F, 0xA6F0, 0xA6F1, 0xA802, 0xA802, 0xA806, 0xA806,
    0xA80B, 0xA80B, 0xA825, 0xA826, 0xA82C, 0xA82C, 0xA8C4, 0xA8C5, 0xA8E0, 0xA8F1, 0xA8FF, 0xA8FF,
    0xA926, 0xA92D, 0xA947, 0xA951, 0xA980, 0xA982, 0xA9B3, 0xA9B3, 0xA9B6, 0xA9B9, 0xA9BC, 0xA9BD,
    0xA9E5, 0xA9E5, 0xAA29, 0xAA2E, 0xAA31, 0xAA32, 0xAA35, 0xAA36, 0xAA43, 0xAA43, 0xAA4C, 0xAA4C,
    0xAA7C, 0xAA7C, 0xAAB0, 0xAAB0, 0xAAB2, 0xAAB4, 0xAAB7, 0xAAB8, 0xAABE, 0xAABF, 0xAAC1, 0xAAC1,
    0xAAEC, 0xAAED, 0xAAF6, 0xAAF6, 0xABE5, 0xABE5, 0xABE8, 0xABE8, 0xABED, 0xABED, 0xFB1E, 0xFB1E,
    0xFE00, 0xFE0F, 0xFE20, 0xFE2F, 0x101FD, 0x101FD, 0x102E0, 0x102E0, 0x10376, 0x1037A, 0x10A01, 0x10A03,
    0x10A05, 0x10A06, 0x10A0C, 0x10A0F, 0x10A38, 0x10A3A, 0x10A3F, 0x10A3F, 0x10AE5, 0x10AE6, 0x10D24, 0x10D27,
    0x10D69, 0x10D6D, 0x10EAB, 0x10EAC, 0x10ECB, 0x10ECF, 0x10EF0, 0x10EFF, 0x10F46, 0x10F50, 0x10F82, 0x10F85,
    0x11001, 0x11001, 0x11038, 0x11046, 0x11070, 0x11070, 0x11073, 0x11074, 0x1107F, 0x11081, 0x110B3, 0x110B6,
    0x110B9, 0x110BA, 0x110C2, 0x110C2, 0x11100, 0x11102, 0x11127, 0x1112B, 0x1112D, 0x11134, 0x11173, 0x11173,
    0x11180, 0x11181, 0x111B6, 0x111BE, 0x111C9, 0x111CC, 0x111CF, 0x111CF, 0x1122F, 0x11231, 0x11234, 0x11234,
    0x11236, 0x11237, 0x1123E, 0x1123E, 0x11241, 0x11241, 0x112DF, 0x112DF, 0x112E3, 0x112EA, 0x11300, 0x11301,
    0x1133B, 0x1133C, 0x11340, 0x11340, 0x11366, 0x1136C, 0x11370, 0x11374, 0x113BB, 0x113C0, 0x113CE, 0x113CE,
    0x113D0, 0x113D0, 0x113D2, 0x113D2, 0x113E1, 0x113E2, 0x11438, 0x1143F, 0x11442, 0x11444, 0x11446, 0x11446,
    0x1145E, 0x1145E, 0x114B3, 0x114B8, 0x114BA, 0x114BA, 0x114BF, 0x114C0, 0x114C2, 0x114C3, 0x115B2, 0x115B5,
    0x115BC, 0x115BD, 0x115BF, 0x115C0, 0x115DC, 0x115DD, 0x11633, 0x1163A, 0x1163D, 0x1163D, 0x1163F, 0x11640,
    0x116AB, 0x116AB, 0x116AD, 0x116AD, 0x116B0, 0x116B5, 0x116B7, 0x116B7, 0x1171D, 0x1171D, 0x1171F, 0x1171F,
    0x11722, 0x11725, 0x11727, 0x1172B, 0x1182F, 0x11837, 0x11839, 0x1183A, 0x1193B, 0x1193C, 0x1193E, 0x1193E,
    0x11943, 0x11943, 0x119D4, 0x119D7, 0x119DA, 0x119DB, 0x119E0, 0x119E0, 0x11A01, 0x11A0A, 0x11A33, 0x11A38,
    0x11A3B, 0x11A3E, 0x11A47, 0x11A47, 0x11A51, 0x11A56, 0x11A59, 0x11A5B, 0x11A8A, 0x11A96, 0x11A98, 0x11A99,
    0x11B60, 0x11B60, 0x11B62, 0x11B64, 0x11B66, 0x11B66, 0x11C30, 0x11C36, 0x11C38, 0x11C3D, 0x11C3F, 0x11C3F,
    0x11C92, 0x11CA7, 0x11CAA, 0x11CB0, 0x11CB2, 0x11CB3, 0x11CB5, 0x11CB6, 0x11D31, 0x11D36, 0x11D3A, 0x11D3A,
    0x11D3C, 0x11D3D, 0x11D3F, 0x11D45, 0x11D47, 0x11D47, 0x11D90, 0x11D91, 0x11D95, 0x11D95, 0x11D97, 0x11D97,
    0x11DF0, 0x11DF0, 0x11EF3, 0x11EF4, 0x11F00, 0x11F01, 0x11F36, 0x11F3A, 0x11F40, 0x11F40, 0x11F42, 0x11F42,
    0x11F5A, 0x11F5A, 0x13440, 0x13440, 0x13447, 0x13455, 0x1611E, 0x16129, 0x1612D, 0x1612F, 0x16AF0, 0x16AF4,
    0x16B30, 0x16B36, 0x16F4F, 0x16F4F, 0x16F8F, 0x16F92, 0x16FE4, 0x16FE4, 0x1BC9D, 0x1BC9E, 0x1CF00, 0x1CF2D,
    0x1CF30, 0x1CF46, 0x1D127, 0x1D128, 0x1D167, 0x1D169, 0x1D17B, 0x1D182, 0x1D185, 0x1D18B, 0x1D1AA, 0x1D1AD,
    0x1D242, 0x1D244, 0x1D25B, 0x1D25C, 0x1DA00, 0x1DA36, 0x1DA3B, 0x1DA6C, 0x1DA75, 0x1DA75, 0x1DA84, 0x1DA84,
    0x1DA9B, 0x1DA9F, 0x1DAA1, 0x1DAAF, 0x1E000, 0x1E006, 0x1E008, 0x1E018, 0x1E01B, 0x1E021, 0x1E023, 0x1E024,
    0x1E026, 0x1E02A, 0x1E08F, 0x1E08F, 0x1E130, 0x1E136, 0x1E2AE, 0x1E2AE, 0x1E2EC, 0x1E2EF, 0x1E4EC, 0x1E4EF,
    0x1E5EE, 0x1E5EF, 0x1E6E3, 0x1E6E3, 0x1E6E6, 0x1E6E6, 0x1E6EE, 0x1E6EF, 0x1E6F5, 0x1E6F5, 0x1E8D0, 0x1E8D6,
    0x1E944, 0x1E94A, 0xE0100, 0xE01EF,
};
static const uint32_t R_GC_N[] = {
    0x30, 0x39, 0xB2, 0xB3, 0xB9, 0xB9, 0xBC, 0xBE, 0x660, 0x669, 0x6F0, 0x6F9,
    0x7C0, 0x7C9, 0x966, 0x96F, 0x9E6, 0x9EF, 0x9F4, 0x9F9, 0xA66, 0xA6F, 0xAE6, 0xAEF,
    0xB66, 0xB6F, 0xB72, 0xB77, 0xBE6, 0xBF2, 0xC66, 0xC6F, 0xC78, 0xC7E, 0xCE6, 0xCEF,
    0xD58, 0xD5E, 0xD66, 0xD78, 0xDE6, 0xDEF, 0xE50, 0xE59, 0xED0, 0xED9, 0xF20, 0xF33,
    0x1040, 0x1049, 0x1090, 0x1099, 0x1369, 0x137C, 0x16EE, 0x16F0, 0x17E0, 0x17E9, 0x17F0, 0x17F9,
    0x1810, 0x1819, 0x1946, 0x194F, 0x19D0, 0x19DA, 0x1A80, 0x1A89, 0x1A90, 0x1A99, 0x1B50, 0x1B59,
    0x1BB0, 0x1BB9, 0x1C40, 0x1C49, 0x1C50, 0x1C59, 0x2070, 0x2070, 0x2074, 0x2079, 0x2080, 0x2089,
    0x2150, 0x2182, 0x2185, 0x2189, 0x2460, 0x249B, 0x24EA, 0x24FF, 0x2776, 0x2793, 0x2CFD, 0x2CFD,
    0x3007, 0x3007, 0x3021, 0x3029, 0x3038, 0x303A, 0x3192, 0x3195, 0x3220, 0x3229, 0x3248, 0x324F,
    0x3251, 0x325F, 0x3280, 0x3289, 0x32B1, 0x32BF, 0xA620, 0xA629, 0xA6E6, 0xA6EF, 0xA830, 0xA835,
    0xA8D0, 0xA8D9, 0xA900, 0xA909, 0xA9D0, 0xA9D9, 0xA9F0, 0xA9F9, 0xAA50, 0xAA59, 0xABF0, 0xABF9,
    0xFF10, 0xFF19, 0x10107, 0x10133, 0x10140, 0x10178, 0x1018A, 0x1018B, 0x102E1, 0x102FB, 0x10320, 0x10323,
    0x10341, 0x10341, 0x1034A, 0x1034A, 0x103D1, 0x103D5, 0x104A0, 0x104A9, 0x10858, 0x1085F, 0x10879, 0x1087F,
    0x108A7, 0x108AF, 0x108FB, 0x108FF, 0x10916, 0x1091B, 0x109BC, 0x109BD, 0x109C0, 0x109CF, 0x109D2, 0x109FF,
    0x10A40, 0x10A48, 0x10A7D, 0x10A7E, 0x10A9D, 0x10A9F, 0x10AEB, 0x10AEF, 0x10B58, 0x10B5F, 0x10B78, 0x10B7F,
    0x10BA9, 0x10BAF, 0x10CFA, 0x10CFF, 0x10D30, 0x10D39, 0x10D40, 0x10D49, 0x10E60, 0x10E7E, 0x10F1D, 0x10F26,
    0x10F51, 0x10F54, 0x10FC5, 0x10FCB, 0x11052, 0x1106F, 0x110F0, 0x110F9, 0x11136, 0x1113F, 0x111D0, 0x111D9,
    0x111E1, 0x111F4, 0x112F0, 0x112F9, 0x11450, 0x11459, 0x114D0, 0x114D9, 0x11650, 0x11659, 0x116C0, 0x116C9,
    0x116D0, 0x116E3, 0x11730, 0x1173B, 0x118E0, 0x118F2, 0x11950, 0x11959, 0x11BF0, 0x11BF9, 0x11C50, 0x11C6C,
    0x11D50, 0x11D59, 0x11DA0, 0x11DA9, 0x11DE0, 0x11DE9, 0x11F50, 0x11F59, 0x11FC0, 0x11FD4, 0x12400, 0x1246F,
    0x12475, 0x1247F, 0x12550, 0x12686, 0x16130, 0x16139, 0x16A60, 0x16A69, 0x16AC0, 0x16AC9, 0x16B50, 0x16B59,
    0x16B5B, 0x16B61, 0x16D70, 0x16D79, 0x16E80, 0x16E96, 0x16FF4, 0x16FF6, 0x1CCF0, 0x1CCF9, 0x1D2C0, 0x1D2D3,
    0x1D2E0, 0x1D2F3, 0x1D360, 0x1D378, 0x1D7CE, 0x1D7FF, 0x1E140, 0x1E149, 0x1E2F0, 0x1E2F9, 0x1E4F0, 0x1E4F9,
    0x1E5F1, 0x1E5FA, 0x1E8C7, 0x1E8CF, 0x1E950, 0x1E959, 0x1EC71, 0x1ECAB, 0x1ECAD, 0x1ECAF, 0x1ECB1, 0x1ECB4,
    0x1ED01, 0x1ED2D, 0x1ED2F, 0x1ED3D, 0x1F100, 0x1F10C, 0x1FBF0, 0x1FBF9,
};
static const uint32_t R_GC_Nd[] = {
    0x30, 0x39, 0x660, 0x669, 0x6F0, 0x6F9, 0x7C0, 0x7C9, 0x966, 0x96F, 0x9E6, 0x9EF,
    0xA66, 0xA6F, 0xAE6, 0xAEF, 0xB66, 0xB6F, 0xBE6, 0xBEF, 0xC66, 0xC6F, 0xCE6, 0xCEF,
    0xD66, 0xD6F, 0xDE6, 0xDEF, 0xE50, 0xE59, 0xED0, 0xED9, 0xF20, 0xF29, 0x1040, 0x1049,
    0x1090, 0x1099, 0x17E0, 0x17E9, 0x1810, 0x1819, 0x1946, 0x194F, 0x19D0, 0x19D9, 0x1A80, 0x1A89,
    0x1A90, 0x1A99, 0x1B50, 0x1B59, 0x1BB0, 0x1BB9, 0x1C40, 0x1C49, 0x1C50, 0x1C59, 0xA620, 0xA629,
    0xA8D0, 0xA8D9, 0xA900, 0xA909, 0xA9D0, 0xA9D9, 0xA9F0, 0xA9F9, 0xAA50, 0xAA59, 0xABF0, 0xABF9,
    0xFF10, 0xFF19, 0x104A0, 0x104A9, 0x10D30, 0x10D39, 0x10D40, 0x10D49, 0x11066, 0x1106F, 0x110F0, 0x110F9,
    0x11136, 0x1113F, 0x111D0, 0x111D9, 0x112F0, 0x112F9, 0x11450, 0x11459, 0x114D0, 0x114D9, 0x11650, 0x11659,
    0x116C0, 0x116C9, 0x116D0, 0x116E3, 0x11730, 0x11739, 0x118E0, 0x118E9, 0x11950, 0x11959, 0x11BF0, 0x11BF9,
    0x11C50, 0x11C59, 0x11D50, 0x11D59, 0x11DA0, 0x11DA9, 0x11DE0, 0x11DE9, 0x11F50, 0x11F59, 0x16130, 0x16139,
    0x16A60, 0x16A69, 0x16AC0, 0x16AC9, 0x16B50, 0x16B59, 0x16D70, 0x16D79, 0x1CCF0, 0x1CCF9, 0x1D7CE, 0x1D7FF,
    0x1E140, 0x1E149, 0x1E2F0, 0x1E2F9, 0x1E4F0, 0x1E4F9, 0x1E5F1, 0x1E5FA, 0x1E950, 0x1E959, 0x1FBF0, 0x1FBF9,
};
static const uint32_t R_GC_Nl[] = {
    0x16EE, 0x16F0, 0x2160, 0x2182, 0x2185, 0x2188, 0x3007, 0x3007, 0x3021, 0x3029, 0x3038, 0x303A,
    0xA6E6, 0xA6EF, 0x10140, 0x10174, 0x10341, 0x10341, 0x1034A, 0x1034A, 0x103D1, 0x103D5, 0x12400, 0x1246F,
    0x12475, 0x1247F, 0x12550, 0x12686, 0x16FF4, 0x16FF6,
};
static const uint32_t R_GC_No[] = {
    0xB2, 0xB3, 0xB9, 0xB9, 0xBC, 0xBE, 0x9F4, 0x9F9, 0xB72, 0xB77, 0xBF0, 0xBF2,
    0xC78, 0xC7E, 0xD58, 0xD5E, 0xD70, 0xD78, 0xF2A, 0xF33, 0x1369, 0x137C, 0x17F0, 0x17F9,
    0x19DA, 0x19DA, 0x2070, 0x2070, 0x2074, 0x2079, 0x2080, 0x2089, 0x2150, 0x215F, 0x2189, 0x2189,
    0x2460, 0x249B, 0x24EA, 0x24FF, 0x2776, 0x2793, 0x2CFD, 0x2CFD, 0x3192, 0x3195, 0x3220, 0x3229,
    0x3248, 0x324F, 0x3251, 0x325F, 0x3280, 0x3289, 0x32B1, 0x32BF, 0xA830, 0xA835, 0x10107, 0x10133,
    0x10175, 0x10178, 0x1018A, 0x1018B, 0x102E1, 0x102FB, 0x10320, 0x10323, 0x10858, 0x1085F, 0x10879, 0x1087F,
    0x108A7, 0x108AF, 0x108FB, 0x108FF, 0x10916, 0x1091B, 0x109BC, 0x109BD, 0x109C0, 0x109CF, 0x109D2, 0x109FF,
    0x10A40, 0x10A48, 0x10A7D, 0x10A7E, 0x10A9D, 0x10A9F, 0x10AEB, 0x10AEF, 0x10B58, 0x10B5F, 0x10B78, 0x10B7F,
    0x10BA9, 0x10BAF, 0x10CFA, 0x10CFF, 0x10E60, 0x10E7E, 0x10F1D, 0x10F26, 0x10F51, 0x10F54, 0x10FC5, 0x10FCB,
    0x11052, 0x11065, 0x111E1, 0x111F4, 0x1173A, 0x1173B, 0x118EA, 0x118F2, 0x11C5A, 0x11C6C, 0x11FC0, 0x11FD4,
    0x16B5B, 0x16B61, 0x16E80, 0x16E96, 0x1D2C0, 0x1D2D3, 0x1D2E0, 0x1D2F3, 0x1D360, 0x1D378, 0x1E8C7, 0x1E8CF,
    0x1EC71, 0x1ECAB, 0x1ECAD, 0x1ECAF, 0x1ECB1, 0x1ECB4, 0x1ED01, 0x1ED2D, 0x1ED2F, 0x1ED3D, 0x1F100, 0x1F10C,
};
static const uint32_t R_GC_P[] = {
    0x21, 0x23, 0x25, 0x2A, 0x2C, 0x2F, 0x3A, 0x3B, 0x3F, 0x40, 0x5B, 0x5D,
    0x5F, 0x5F, 0x7B, 0x7B, 0x7D, 0x7D, 0xA1, 0xA1, 0xA7, 0xA7, 0xAB, 0xAB,
    0xB6, 0xB7, 0xBB, 0xBB, 0xBF, 0xBF, 0x37E, 0x37E, 0x387, 0x387, 0x55A, 0x55F,
    0x589, 0x58A, 0x5BE, 0x5BE, 0x5C0, 0x5C0, 0x5C3, 0x5C3, 0x5C6, 0x5C6, 0x5F3, 0x5F4,
    0x609, 0x60A, 0x60C, 0x60D, 0x61B, 0x61B, 0x61D, 0x61F, 0x66A, 0x66D, 0x6D4, 0x6D4,
    0x700, 0x70D, 0x7F7, 0x7F9, 0x830, 0x83E, 0x85E, 0x85E, 0x964, 0x965, 0x970, 0x970,
    0x9FD, 0x9FD, 0xA76, 0xA76, 0xAF0, 0xAF0, 0xC77, 0xC77, 0xC84, 0xC84, 0xDF4, 0xDF4,
    0xE4F, 0xE4F, 0xE5A, 0xE5B, 0xF04, 0xF12, 0xF14, 0xF14, 0xF3A, 0xF3D, 0xF85, 0xF85,
    0xFD0, 0xFD4, 0xFD9, 0xFDA, 0x104A, 0x104F, 0x10FB, 0x10FB, 0x1360, 0x1368, 0x1400, 0x1400,
    0x166E, 0x166E, 0x169B, 0x169C, 0x16EB, 0x16ED, 0x1735, 0x1736, 0x17D4, 0x17D6, 0x17D8, 0x17DA,
    0x1800, 0x180A, 0x1944, 0x1945, 0x1A1E, 0x1A1F, 0x1AA0, 0x1AA6, 0x1AA8, 0x1AAD, 0x1B4E, 0x1B4F,
    0x1B5A, 0x1B60, 0x1B7D, 0x1B7F, 0x1BFC, 0x1BFF, 0x1C3B, 0x1C3F, 0x1C7E, 0x1C7F, 0x1CC0, 0x1CC7,
    0x1CD3, 0x1CD3, 0x2010, 0x2027, 0x2030, 0x2043, 0x2045, 0x2051, 0x2053, 0x205E, 0x207D, 0x207E,
    0x208D, 0x208E, 0x2308, 0x230B, 0x2329, 0x232A, 0x2768, 0x2775, 0x27C5, 0x27C6, 0x27E6, 0x27EF,
    0x2983, 0x2998, 0x29D8, 0x29DB, 0x29FC, 0x29FD, 0x2CF9, 0x2CFC, 0x2CFE, 0x2CFF, 0x2D70, 0x2D70,
    0x2E00, 0x2E2E, 0x2E30, 0x2E4F, 0x2E52, 0x2E5D, 0x2E60, 0x2E63, 0x3001, 0x3003, 0x3008, 0x3011,
    0x3014, 0x301F, 0x3030, 0x3030, 0x303D, 0x303D, 0x30A0, 0x30A0, 0x30FB, 0x30FB, 0xA4FE, 0xA4FF,
    0xA60D, 0xA60F, 0xA673, 0xA673, 0xA67E, 0xA67E, 0xA6F2, 0xA6F7, 0xA874, 0xA877, 0xA8CE, 0xA8CF,
    0xA8F8, 0xA8FA, 0xA8FC, 0xA8FC, 0xA92E, 0xA92F, 0xA95F, 0xA95F, 0xA9C1, 0xA9CD, 0xA9DE, 0xA9DF,
    0xAA5C, 0xAA5F, 0xAADE, 0xAADF, 0xAAF0, 0xAAF1, 0xABEB, 0xABEB, 0xFD3E, 0xFD3F, 0xFE10, 0xFE19,
    0xFE30, 0xFE52, 0xFE54, 0xFE61, 0xFE63, 0xFE63, 0xFE68, 0xFE68, 0xFE6A, 0xFE6B, 0xFF01, 0xFF03,
    0xFF05, 0xFF0A, 0xFF0C, 0xFF0F, 0xFF1A, 0xFF1B, 0xFF1F, 0xFF20, 0xFF3B, 0xFF3D, 0xFF3F, 0xFF3F,
    0xFF5B, 0xFF5B, 0xFF5D, 0xFF5D, 0xFF5F, 0xFF65, 0x10100, 0x10102, 0x1039F, 0x1039F, 0x103D0, 0x103D0,
    0x1056F, 0x1056F, 0x10857, 0x10857, 0x1091F, 0x1091F, 0x1093F, 0x1093F, 0x10A50, 0x10A58, 0x10A7F, 0x10A7F,
    0x10AF0, 0x10AF6, 0x10B39, 0x10B3F, 0x10B99, 0x10B9C, 0x10D6E, 0x10D6E, 0x10EAD, 0x10EAD, 0x10ED0, 0x10ED0,
    0x10F55, 0x10F59, 0x10F86, 0x10F89, 0x11047, 0x1104D, 0x110BB, 0x110BC, 0x110BE, 0x110C1, 0x11140, 0x11143,
    0x11174, 0x11175, 0x111C5, 0x111C8, 0x111CD, 0x111CD, 0x111DB, 0x111DB, 0x111DD, 0x111DF, 0x11238, 0x1123D,
    0x112A9, 0x112A9, 0x113D4, 0x113D5, 0x113D7, 0x113D8, 0x1144B, 0x1144F, 0x1145A, 0x1145B, 0x1145D, 0x1145D,
    0x114C6, 0x114C6, 0x115C1, 0x115D7, 0x11641, 0x11643, 0x11660, 0x1166C, 0x116B9, 0x116B9, 0x1173C, 0x1173E,
    0x1183B, 0x1183B, 0x11944, 0x11946, 0x119E2, 0x119E2, 0x11A3F, 0x11A46, 0x11A9A, 0x11A9C, 0x11A9E, 0x11AA2,
    0x11B00, 0x11B09, 0x11BE1, 0x11BE1, 0x11C41, 0x11C45, 0x11C70, 0x11C71, 0x11EF7, 0x11EF8, 0x11F43, 0x11F4F,
    0x11FFF, 0x11FFF, 0x12470, 0x12474, 0x12FF1, 0x12FF2, 0x16A6E, 0x16A6F, 0x16AF5, 0x16AF5, 0x16B37, 0x16B3B,
    0x16B44, 0x16B44, 0x16D6D, 0x16D6F, 0x16E97, 0x16E9A, 0x16FE2, 0x16FE2, 0x1BC9F, 0x1BC9F, 0x1DA87, 0x1DA8B,
    0x1E5FF, 0x1E5FF, 0x1E95E, 0x1E95F,
};
static const uint32_t R_GC_Pc[] = {
    0x5F, 0x5F, 0x203F, 0x2040, 0x2054, 0x2054, 0xFE33, 0xFE34, 0xFE4D, 0xFE4F, 0xFF3F, 0xFF3F,
};
static const uint32_t R_GC_Pd[] = {
    0x2D, 0x2D, 0x58A, 0x58A, 0x5BE, 0x5BE, 0x1400, 0x1400, 0x1806, 0x1806, 0x2010, 0x2015,
    0x2E17, 0x2E17, 0x2E1A, 0x2E1A, 0x2E3A, 0x2E3B, 0x2E40, 0x2E40, 0x2E5D, 0x2E5D, 0x301C, 0x301C,
    0x3030, 0x3030, 0x30A0, 0x30A0, 0xFE31, 0xFE32, 0xFE58, 0xFE58, 0xFE63, 0xFE63, 0xFF0D, 0xFF0D,
    0x10D6E, 0x10D6E, 0x10EAD, 0x10EAD,
};
static const uint32_t R_GC_Pe[] = {
    0x29, 0x29, 0x5D, 0x5D, 0x7D, 0x7D, 0xF3B, 0xF3B, 0xF3D, 0xF3D, 0x169C, 0x169C,
    0x2046, 0x2046, 0x207E, 0x207E, 0x208E, 0x208E, 0x2309, 0x2309, 0x230B, 0x230B, 0x232A, 0x232A,
    0x2769, 0x2769, 0x276B, 0x276B, 0x276D, 0x276D, 0x276F, 0x276F, 0x2771, 0x2771, 0x2773, 0x2773,
    0x2775, 0x2775, 0x27C6, 0x27C6, 0x27E7, 0x27E7, 0x27E9, 0x27E9, 0x27EB, 0x27EB, 0x27ED, 0x27ED,
    0x27EF, 0x27EF, 0x2984, 0x2984, 0x2986, 0x2986, 0x2988, 0x2988, 0x298A, 0x298A, 0x298C, 0x298C,
    0x298E, 0x298E, 0x2990, 0x2990, 0x2992, 0x2992, 0x2994, 0x2994, 0x2996, 0x2996, 0x2998, 0x2998,
    0x29D9, 0x29D9, 0x29DB, 0x29DB, 0x29FD, 0x29FD, 0x2E23, 0x2E23, 0x2E25, 0x2E25, 0x2E27, 0x2E27,
    0x2E29, 0x2E29, 0x2E56, 0x2E56, 0x2E58, 0x2E58, 0x2E5A, 0x2E5A, 0x2E5C, 0x2E5C, 0x2E63, 0x2E63,
    0x3009, 0x3009, 0x300B, 0x300B, 0x300D, 0x300D, 0x300F, 0x300F, 0x3011, 0x3011, 0x3015, 0x3015,
    0x3017, 0x3017, 0x3019, 0x3019, 0x301B, 0x301B, 0x301E, 0x301F, 0xFD3E, 0xFD3E, 0xFE18, 0xFE18,
    0xFE36, 0xFE36, 0xFE38, 0xFE38, 0xFE3A, 0xFE3A, 0xFE3C, 0xFE3C, 0xFE3E, 0xFE3E, 0xFE40, 0xFE40,
    0xFE42, 0xFE42, 0xFE44, 0xFE44, 0xFE48, 0xFE48, 0xFE5A, 0xFE5A, 0xFE5C, 0xFE5C, 0xFE5E, 0xFE5E,
    0xFF09, 0xFF09, 0xFF3D, 0xFF3D, 0xFF5D, 0xFF5D, 0xFF60, 0xFF60, 0xFF63, 0xFF63,
};
static const uint32_t R_GC_Pf[] = {
    0xBB, 0xBB, 0x2019, 0x2019, 0x201D, 0x201D, 0x203A, 0x203A, 0x2E03, 0x2E03, 0x2E05, 0x2E05,
    0x2E0A, 0x2E0A, 0x2E0D, 0x2E0D, 0x2E1D, 0x2E1D, 0x2E21, 0x2E21,
};
static const uint32_t R_GC_Pi[] = {
    0xAB, 0xAB, 0x2018, 0x2018, 0x201B, 0x201C, 0x201F, 0x201F, 0x2039, 0x2039, 0x2E02, 0x2E02,
    0x2E04, 0x2E04, 0x2E09, 0x2E09, 0x2E0C, 0x2E0C, 0x2E1C, 0x2E1C, 0x2E20, 0x2E20,
};
static const uint32_t R_GC_Po[] = {
    0x21, 0x23, 0x25, 0x27, 0x2A, 0x2A, 0x2C, 0x2C, 0x2E, 0x2F, 0x3A, 0x3B,
    0x3F, 0x40, 0x5C, 0x5C, 0xA1, 0xA1, 0xA7, 0xA7, 0xB6, 0xB7, 0xBF, 0xBF,
    0x37E, 0x37E, 0x387, 0x387, 0x55A, 0x55F, 0x589, 0x589, 0x5C0, 0x5C0, 0x5C3, 0x5C3,
    0x5C6, 0x5C6, 0x5F3, 0x5F4, 0x609, 0x60A, 0x60C, 0x60D, 0x61B, 0x61B, 0x61D, 0x61F,
    0x66A, 0x66D, 0x6D4, 0x6D4, 0x700, 0x70D, 0x7F7, 0x7F9, 0x830, 0x83E, 0x85E, 0x85E,
    0x964, 0x965, 0x970, 0x970, 0x9FD, 0x9FD, 0xA76, 0xA76, 0xAF0, 0xAF0, 0xC77, 0xC77,
    0xC84, 0xC84, 0xDF4, 0xDF4, 0xE4F, 0xE4F, 0xE5A, 0xE5B, 0xF04, 0xF12, 0xF14, 0xF14,
    0xF85, 0xF85, 0xFD0, 0xFD4, 0xFD9, 0xFDA, 0x104A, 0x104F, 0x10FB, 0x10FB, 0x1360, 0x1368,
    0x166E, 0x166E, 0x16EB, 0x16ED, 0x1735, 0x1736, 0x17D4, 0x17D6, 0x17D8, 0x17DA, 0x1800, 0x1805,
    0x1807, 0x180A, 0x1944, 0x1945, 0x1A1E, 0x1A1F, 0x1AA0, 0x1AA6, 0x1AA8, 0x1AAD, 0x1B4E, 0x1B4F,
    0x1B5A, 0x1B60, 0x1B7D, 0x1B7F, 0x1BFC, 0x1BFF, 0x1C3B, 0x1C3F, 0x1C7E, 0x1C7F, 0x1CC0, 0x1CC7,
    0x1CD3, 0x1CD3, 0x2016, 0x2017, 0x2020, 0x2027, 0x2030, 0x2038, 0x203B, 0x203E, 0x2041, 0x2043,
    0x2047, 0x2051, 0x2053, 0x2053, 0x2055, 0x205E, 0x2CF9, 0x2CFC, 0x2CFE, 0x2CFF, 0x2D70, 0x2D70,
    0x2E00, 0x2E01, 0x2E06, 0x2E08, 0x2E0B, 0x2E0B, 0x2E0E, 0x2E16, 0x2E18, 0x2E19, 0x2E1B, 0x2E1B,
    0x2E1E, 0x2E1F, 0x2E2A, 0x2E2E, 0x2E30, 0x2E39, 0x2E3C, 0x2E3F, 0x2E41, 0x2E41, 0x2E43, 0x2E4F,
    0x2E52, 0x2E54, 0x2E60, 0x2E61, 0x3001, 0x3003, 0x303D, 0x303D, 0x30FB, 0x30FB, 0xA4FE, 0xA4FF,
    0xA60D, 0xA60F, 0xA673, 0xA673, 0xA67E, 0xA67E, 0xA6F2, 0xA6F7, 0xA874, 0xA877, 0xA8CE, 0xA8CF,
    0xA8F8, 0xA8FA, 0xA8FC, 0xA8FC, 0xA92E, 0xA92F, 0xA95F, 0xA95F, 0xA9C1, 0xA9CD, 0xA9DE, 0xA9DF,
    0xAA5C, 0xAA5F, 0xAADE, 0xAADF, 0xAAF0, 0xAAF1, 0xABEB, 0xABEB, 0xFE10, 0xFE16, 0xFE19, 0xFE19,
    0xFE30, 0xFE30, 0xFE45, 0xFE46, 0xFE49, 0xFE4C, 0xFE50, 0xFE52, 0xFE54, 0xFE57, 0xFE5F, 0xFE61,
    0xFE68, 0xFE68, 0xFE6A, 0xFE6B, 0xFF01, 0xFF03, 0xFF05, 0xFF07, 0xFF0A, 0xFF0A, 0xFF0C, 0xFF0C,
    0xFF0E, 0xFF0F, 0xFF1A, 0xFF1B, 0xFF1F, 0xFF20, 0xFF3C, 0xFF3C, 0xFF61, 0xFF61, 0xFF64, 0xFF65,
    0x10100, 0x10102, 0x1039F, 0x1039F, 0x103D0, 0x103D0, 0x1056F, 0x1056F, 0x10857, 0x10857, 0x1091F, 0x1091F,
    0x1093F, 0x1093F, 0x10A50, 0x10A58, 0x10A7F, 0x10A7F, 0x10AF0, 0x10AF6, 0x10B39, 0x10B3F, 0x10B99, 0x10B9C,
    0x10ED0, 0x10ED0, 0x10F55, 0x10F59, 0x10F86, 0x10F89, 0x11047, 0x1104D, 0x110BB, 0x110BC, 0x110BE, 0x110C1,
    0x11140, 0x11143, 0x11174, 0x11175, 0x111C5, 0x111C8, 0x111CD, 0x111CD, 0x111DB, 0x111DB, 0x111DD, 0x111DF,
    0x11238, 0x1123D, 0x112A9, 0x112A9, 0x113D4, 0x113D5, 0x113D7, 0x113D8, 0x1144B, 0x1144F, 0x1145A, 0x1145B,
    0x1145D, 0x1145D, 0x114C6, 0x114C6, 0x115C1, 0x115D7, 0x11641, 0x11643, 0x11660, 0x1166C, 0x116B9, 0x116B9,
    0x1173C, 0x1173E, 0x1183B, 0x1183B, 0x11944, 0x11946, 0x119E2, 0x119E2, 0x11A3F, 0x11A46, 0x11A9A, 0x11A9C,
    0x11A9E, 0x11AA2, 0x11B00, 0x11B09, 0x11BE1, 0x11BE1, 0x11C41, 0x11C45, 0x11C70, 0x11C71, 0x11EF7, 0x11EF8,
    0x11F43, 0x11F4F, 0x11FFF, 0x11FFF, 0x12470, 0x12474, 0x12FF1, 0x12FF2, 0x16A6E, 0x16A6F, 0x16AF5, 0x16AF5,
    0x16B37, 0x16B3B, 0x16B44, 0x16B44, 0x16D6D, 0x16D6F, 0x16E97, 0x16E9A, 0x16FE2, 0x16FE2, 0x1BC9F, 0x1BC9F,
    0x1DA87, 0x1DA8B, 0x1E5FF, 0x1E5FF, 0x1E95E, 0x1E95F,
};
static const uint32_t R_GC_Ps[] = {
    0x28, 0x28, 0x5B, 0x5B, 0x7B, 0x7B, 0xF3A, 0xF3A, 0xF3C, 0xF3C, 0x169B, 0x169B,
    0x201A, 0x201A, 0x201E, 0x201E, 0x2045, 0x2045, 0x207D, 0x207D, 0x208D, 0x208D, 0x2308, 0x2308,
    0x230A, 0x230A, 0x2329, 0x2329, 0x2768, 0x2768, 0x276A, 0x276A, 0x276C, 0x276C, 0x276E, 0x276E,
    0x2770, 0x2770, 0x2772, 0x2772, 0x2774, 0x2774, 0x27C5, 0x27C5, 0x27E6, 0x27E6, 0x27E8, 0x27E8,
    0x27EA, 0x27EA, 0x27EC, 0x27EC, 0x27EE, 0x27EE, 0x2983, 0x2983, 0x2985, 0x2985, 0x2987, 0x2987,
    0x2989, 0x2989, 0x298B, 0x298B, 0x298D, 0x298D, 0x298F, 0x298F, 0x2991, 0x2991, 0x2993, 0x2993,
    0x2995, 0x2995, 0x2997, 0x2997, 0x29D8, 0x29D8, 0x29DA, 0x29DA, 0x29FC, 0x29FC, 0x2E22, 0x2E22,
    0x2E24, 0x2E24, 0x2E26, 0x2E26, 0x2E28, 0x2E28, 0x2E42, 0x2E42, 0x2E55, 0x2E55, 0x2E57, 0x2E57,
    0x2E59, 0x2E59, 0x2E5B, 0x2E5B, 0x2E62, 0x2E62, 0x3008, 0x3008, 0x300A, 0x300A, 0x300C, 0x300C,
    0x300E, 0x300E, 0x3010, 0x3010, 0x3014, 0x3014, 0x3016, 0x3016, 0x3018, 0x3018, 0x301A, 0x301A,
    0x301D, 0x301D, 0xFD3F, 0xFD3F, 0xFE17, 0xFE17, 0xFE35, 0xFE35, 0xFE37, 0xFE37, 0xFE39, 0xFE39,
    0xFE3B, 0xFE3B, 0xFE3D, 0xFE3D, 0xFE3F, 0xFE3F, 0xFE41, 0xFE41, 0xFE43, 0xFE43, 0xFE47, 0xFE47,
    0xFE59, 0xFE59, 0xFE5B, 0xFE5B, 0xFE5D, 0xFE5D, 0xFF08, 0xFF08, 0xFF3B, 0xFF3B, 0xFF5B, 0xFF5B,
    0xFF5F, 0xFF5F, 0xFF62, 0xFF62,
};
static const uint32_t R_GC_S[] = {
    0x24, 0x24, 0x2B, 0x2B, 0x3C, 0x3E, 0x5E, 0x5E, 0x60, 0x60, 0x7C, 0x7C,
    0x7E, 0x7E, 0xA2, 0xA6, 0xA8, 0xA9, 0xAC, 0xAC, 0xAE, 0xB1, 0xB4, 0xB4,
    0xB8, 0xB8, 0xD7, 0xD7, 0xF7, 0xF7, 0x2C2, 0x2C5, 0x2D2, 0x2DF, 0x2E5, 0x2EB,
    0x2ED, 0x2ED, 0x2EF, 0x2FF, 0x375, 0x375, 0x384, 0x385, 0x3F6, 0x3F6, 0x482, 0x482,
    0x58D, 0x58F, 0x606, 0x608, 0x60B, 0x60B, 0x60E, 0x60F, 0x6DE, 0x6DE, 0x6E9, 0x6E9,
    0x6FD, 0x6FE, 0x7F6, 0x7F6, 0x7FE, 0x7FF, 0x888, 0x888, 0x9F2, 0x9F3, 0x9FA, 0x9FB,
    0xAF1, 0xAF1, 0xB70, 0xB70, 0xBF3, 0xBFA, 0xC7F, 0xC7F, 0xD4F, 0xD4F, 0xD79, 0xD79,
    0xE3F, 0xE3F, 0xF01, 0xF03, 0xF13, 0xF13, 0xF15, 0xF17, 0xF1A, 0xF1F, 0xF34, 0xF34,
    0xF36, 0xF36, 0xF38, 0xF38, 0xFBE, 0xFC5, 0xFC7, 0xFCC, 0xFCE, 0xFCF, 0xFD5, 0xFD8,
    0x109E, 0x109F, 0x1390, 0x1399, 0x166D, 0x166D, 0x17DB, 0x17DB, 0x1940, 0x1940, 0x19DE, 0x19FF,
    0x1B61, 0x1B6A, 0x1B74, 0x1B7C, 0x1FBD, 0x1FBD, 0x1FBF, 0x1FC1, 0x1FCD, 0x1FCF, 0x1FDD, 0x1FDF,
    0x1FED, 0x1FEF, 0x1FFD, 0x1FFE, 0x2044, 0x2044, 0x2052, 0x2052, 0x207A, 0x207C, 0x208A, 0x208C,
    0x20A0, 0x20C4, 0x2100, 0x2101, 0x2103, 0x2106, 0x2108, 0x2109, 0x2114, 0x2114, 0x2116, 0x2118,
    0x211E, 0x2123, 0x2125, 0x2125, 0x2127, 0x2127, 0x2129, 0x2129, 0x212E, 0x212E, 0x213A, 0x213B,
    0x2140, 0x2144, 0x214A, 0x214D, 0x214F, 0x214F, 0x218A, 0x218B, 0x2190, 0x2307, 0x230C, 0x2328,
    0x232B, 0x2429, 0x2440, 0x244A, 0x249C, 0x24E9, 0x2500, 0x2767, 0x2794, 0x27C4, 0x27C7, 0x27E5,
    0x27F0, 0x2982, 0x2999, 0x29D7, 0x29DC, 0x29FB, 0x29FE, 0x2B73, 0x2B76, 0x2BFF, 0x2CE5, 0x2CEA,
    0x2E50, 0x2E51, 0x2E80, 0x2E99, 0x2E9B, 0x2EF3, 0x2F00, 0x2FD5, 0x2FF0, 0x2FFF, 0x3004, 0x3004,
    0x3012, 0x3013, 0x3020, 0x3020, 0x3036, 0x3037, 0x303E, 0x303F, 0x309B, 0x309C, 0x3190, 0x3191,
    0x3196, 0x319F, 0x31C0, 0x31E5, 0x31EF, 0x31EF, 0x3200, 0x321E, 0x322A, 0x3247, 0x3250, 0x3250,
    0x3260, 0x327F, 0x328A, 0x32B0, 0x32C0, 0x33FF, 0x4DC0, 0x4DFF, 0xA490, 0xA4C6, 0xA700, 0xA716,
    0xA720, 0xA721, 0xA789, 0xA78A, 0xA828, 0xA82B, 0xA836, 0xA839, 0xAA77, 0xAA79, 0xAB5B, 0xAB5B,
    0xAB6A, 0xAB6B, 0xFB29, 0xFB29, 0xFBB2, 0xFBD2, 0xFD40, 0xFD4F, 0xFD90, 0xFD91, 0xFDC8, 0xFDCF,
    0xFDFC, 0xFDFF, 0xFE62, 0xFE62, 0xFE64, 0xFE66, 0xFE69, 0xFE69, 0xFF04, 0xFF04, 0xFF0B, 0xFF0B,
    0xFF1C, 0xFF1E, 0xFF3E, 0xFF3E, 0xFF40, 0xFF40, 0xFF5C, 0xFF5C, 0xFF5E, 0xFF5E, 0xFFE0, 0xFFE6,
    0xFFE8, 0xFFEE, 0xFFFC, 0xFFFD, 0x10137, 0x1013F, 0x10179, 0x10189, 0x1018C, 0x1018E, 0x10190, 0x1019C,
    0x101A0, 0x101A0, 0x101D0, 0x101FC, 0x10877, 0x10878, 0x10AC8, 0x10AC8, 0x10D8E, 0x10D8F, 0x10EC9, 0x10ECA,
    0x10ED1, 0x10ED8, 0x1173F, 0x1173F, 0x11FD5, 0x11FF1, 0x16B3C, 0x16B3F, 0x16B45, 0x16B45, 0x1BC9C, 0x1BC9C,
    0x1CC00, 0x1CCEF, 0x1CCFA, 0x1CCFC, 0x1CD00, 0x1CEB3, 0x1CEBA, 0x1CED0, 0x1CED2, 0x1CED4, 0x1CEDD, 0x1CEFD,
    0x1CF50, 0x1CFC3, 0x1D000, 0x1D0F5, 0x1D100, 0x1D126, 0x1D129, 0x1D164, 0x1D16A, 0x1D16C, 0x1D183, 0x1D184,
    0x1D18C, 0x1D1A9, 0x1D1AE, 0x1D241, 0x1D245, 0x1D245, 0x1D253, 0x1D25A, 0x1D25D, 0x1D25E, 0x1D260, 0x1D27F,
    0x1D300, 0x1D356, 0x1D6C1, 0x1D6C1, 0x1D6DB, 0x1D6DB, 0x1D6FB, 0x1D6FB, 0x1D715, 0x1D715, 0x1D735, 0x1D735,
    0x1D74F, 0x1D74F, 0x1D76F, 0x1D76F, 0x1D789, 0x1D789, 0x1D7A9, 0x1D7A9, 0x1D7C3, 0x1D7C3, 0x1D800, 0x1D9FF,
    0x1DA37, 0x1DA3A, 0x1DA6D, 0x1DA74, 0x1DA76, 0x1DA83, 0x1DA85, 0x1DA86, 0x1DB00, 0x1DB1C, 0x1E14F, 0x1E14F,
    0x1E2FF, 0x1E2FF, 0x1ECAC, 0x1ECAC, 0x1ECB0, 0x1ECB0, 0x1ED2E, 0x1ED2E, 0x1EEF0, 0x1EEF1, 0x1F000, 0x1F02B,
    0x1F030, 0x1F093, 0x1F0A0, 0x1F0AE, 0x1F0B1, 0x1F0BF, 0x1F0C1, 0x1F0CF, 0x1F0D1, 0x1F0F5, 0x1F10D, 0x1F1AE,
    0x1F1E6, 0x1F202, 0x1F210, 0x1F23B, 0x1F240, 0x1F248, 0x1F250, 0x1F251, 0x1F260, 0x1F265, 0x1F300, 0x1F6D9,
    0x1F6DC, 0x1F6EC, 0x1F6F0, 0x1F6FC, 0x1F700, 0x1F7DB, 0x1F7E0, 0x1F7EB, 0x1F7F0, 0x1F80B, 0x1F810, 0x1F847,
    0x1F850, 0x1F859, 0x1F860, 0x1F887, 0x1F890, 0x1F8AD, 0x1F8B0, 0x1F8BB, 0x1F8C0, 0x1F8C1, 0x1F8D0, 0x1F8D8,
    0x1F900, 0x1FA57, 0x1FA60, 0x1FA6D, 0x1FA70, 0x1FA7C, 0x1FA80, 0x1FAC6, 0x1FAC8, 0x1FAC8, 0x1FACC, 0x1FADD,
    0x1FADF, 0x1FAEB, 0x1FAEF, 0x1FAFA, 0x1FB00, 0x1FB92, 0x1FB94, 0x1FBEF, 0x1FBFA, 0x1FBFA,
};
static const uint32_t R_GC_Sc[] = {
    0x24, 0x24, 0xA2, 0xA5, 0x58F, 0x58F, 0x60B, 0x60B, 0x7FE, 0x7FF, 0x9F2, 0x9F3,
    0x9FB, 0x9FB, 0xAF1, 0xAF1, 0xBF9, 0xBF9, 0xE3F, 0xE3F, 0x17DB, 0x17DB, 0x20A0, 0x20C4,
    0xA838, 0xA838, 0xFDFC, 0xFDFC, 0xFE69, 0xFE69, 0xFF04, 0xFF04, 0xFFE0, 0xFFE1, 0xFFE5, 0xFFE6,
    0x11FDD, 0x11FE0, 0x1E2FF, 0x1E2FF, 0x1ECB0, 0x1ECB0,
};
static const uint32_t R_GC_Sk[] = {
    0x5E, 0x5E, 0x60, 0x60, 0xA8, 0xA8, 0xAF, 0xAF, 0xB4, 0xB4, 0xB8, 0xB8,
    0x2C2, 0x2C5, 0x2D2, 0x2DF, 0x2E5, 0x2EB, 0x2ED, 0x2ED, 0x2EF, 0x2FF, 0x375, 0x375,
    0x384, 0x385, 0x888, 0x888, 0x1FBD, 0x1FBD, 0x1FBF, 0x1FC1, 0x1FCD, 0x1FCF, 0x1FDD, 0x1FDF,
    0x1FED, 0x1FEF, 0x1FFD, 0x1FFE, 0x309B, 0x309C, 0xA700, 0xA716, 0xA720, 0xA721, 0xA789, 0xA78A,
    0xAB5B, 0xAB5B, 0xAB6A, 0xAB6B, 0xFBB2, 0xFBC2, 0xFF3E, 0xFF3E, 0xFF40, 0xFF40, 0xFFE3, 0xFFE3,
    0x10EC9, 0x10ECA, 0x1F3FB, 0x1F3FF,
};
static const uint32_t R_GC_Sm[] = {
    0x2B, 0x2B, 0x3C, 0x3E, 0x7C, 0x7C, 0x7E, 0x7E, 0xAC, 0xAC, 0xB1, 0xB1,
    0xD7, 0xD7, 0xF7, 0xF7, 0x3F6, 0x3F6, 0x606, 0x608, 0x2044, 0x2044, 0x2052, 0x2052,
    0x207A, 0x207C, 0x208A, 0x208C, 0x2118, 0x2118, 0x2140, 0x2144, 0x214B, 0x214B, 0x2190, 0x2194,
    0x219A, 0x219B, 0x21A0, 0x21A0, 0x21A3, 0x21A3, 0x21A6, 0x21A6, 0x21AE, 0x21AE, 0x21CE, 0x21CF,
    0x21D2, 0x21D2, 0x21D4, 0x21D4, 0x21F4, 0x22FF, 0x2320, 0x2321, 0x237C, 0x237C, 0x239B, 0x23B3,
    0x23DC, 0x23E1, 0x25B7, 0x25B7, 0x25C1, 0x25C1, 0x25F8, 0x25FF, 0x266F, 0x266F, 0x27C0, 0x27C4,
    0x27C7, 0x27E5, 0x27F0, 0x27FF, 0x2900, 0x2982, 0x2999, 0x29D7, 0x29DC, 0x29FB, 0x29FE, 0x2AFF,
    0x2B30, 0x2B44, 0x2B47, 0x2B4C, 0xFB29, 0xFB29, 0xFE62, 0xFE62, 0xFE64, 0xFE66, 0xFF0B, 0xFF0B,
    0xFF1C, 0xFF1E, 0xFF5C, 0xFF5C, 0xFF5E, 0xFF5E, 0xFFE2, 0xFFE2, 0xFFE9, 0xFFEC, 0x10D8E, 0x10D8F,
    0x1CEDD, 0x1CEDF, 0x1CEF0, 0x1CEFD, 0x1D6C1, 0x1D6C1, 0x1D6DB, 0x1D6DB, 0x1D6FB, 0x1D6FB, 0x1D715, 0x1D715,
    0x1D735, 0x1D735, 0x1D74F, 0x1D74F, 0x1D76F, 0x1D76F, 0x1D789, 0x1D789, 0x1D7A9, 0x1D7A9, 0x1D7C3, 0x1D7C3,
    0x1DB00, 0x1DB1C, 0x1EEF0, 0x1EEF1, 0x1F8D0, 0x1F8D8,
};
static const uint32_t R_GC_So[] = {
    0xA6, 0xA6, 0xA9, 0xA9, 0xAE, 0xAE, 0xB0, 0xB0, 0x482, 0x482, 0x58D, 0x58E,
    0x60E, 0x60F, 0x6DE, 0x6DE, 0x6E9, 0x6E9, 0x6FD, 0x6FE, 0x7F6, 0x7F6, 0x9FA, 0x9FA,
    0xB70, 0xB70, 0xBF3, 0xBF8, 0xBFA, 0xBFA, 0xC7F, 0xC7F, 0xD4F, 0xD4F, 0xD79, 0xD79,
    0xF01, 0xF03, 0xF13, 0xF13, 0xF15, 0xF17, 0xF1A, 0xF1F, 0xF34, 0xF34, 0xF36, 0xF36,
    0xF38, 0xF38, 0xFBE, 0xFC5, 0xFC7, 0xFCC, 0xFCE, 0xFCF, 0xFD5, 0xFD8, 0x109E, 0x109F,
    0x1390, 0x1399, 0x166D, 0x166D, 0x1940, 0x1940, 0x19DE, 0x19FF, 0x1B61, 0x1B6A, 0x1B74, 0x1B7C,
    0x2100, 0x2101, 0x2103, 0x2106, 0x2108, 0x2109, 0x2114, 0x2114, 0x2116, 0x2117, 0x211E, 0x2123,
    0x2125, 0x2125, 0x2127, 0x2127, 0x2129, 0x2129, 0x212E, 0x212E, 0x213A, 0x213B, 0x214A, 0x214A,
    0x214C, 0x214D, 0x214F, 0x214F, 0x218A, 0x218B, 0x2195, 0x2199, 0x219C, 0x219F, 0x21A1, 0x21A2,
    0x21A4, 0x21A5, 0x21A7, 0x21AD, 0x21AF, 0x21CD, 0x21D0, 0x21D1, 0x21D3, 0x21D3, 0x21D5, 0x21F3,
    0x2300, 0x2307, 0x230C, 0x231F, 0x2322, 0x2328, 0x232B, 0x237B, 0x237D, 0x239A, 0x23B4, 0x23DB,
    0x23E2, 0x2429, 0x2440, 0x244A, 0x249C, 0x24E9, 0x2500, 0x25B6, 0x25B8, 0x25C0, 0x25C2, 0x25F7,
    0x2600, 0x266E, 0x2670, 0x2767, 0x2794, 0x27BF, 0x2800, 0x28FF, 0x2B00, 0x2B2F, 0x2B45, 0x2B46,
    0x2B4D, 0x2B73, 0x2B76, 0x2BFF, 0x2CE5, 0x2CEA, 0x2E50, 0x2E51, 0x2E80, 0x2E99, 0x2E9B, 0x2EF3,
    0x2F00, 0x2FD5, 0x2FF0, 0x2FFF, 0x3004, 0x3004, 0x3012, 0x3013, 0x3020, 0x3020, 0x3036, 0x3037,
    0x303E, 0x303F, 0x3190, 0x3191, 0x3196, 0x319F, 0x31C0, 0x31E5, 0x31EF, 0x31EF, 0x3200, 0x321E,
    0x322A, 0x3247, 0x3250, 0x3250, 0x3260, 0x327F, 0x328A, 0x32B0, 0x32C0, 0x33FF, 0x4DC0, 0x4DFF,
    0xA490, 0xA4C6, 0xA828, 0xA82B, 0xA836, 0xA837, 0xA839, 0xA839, 0xAA77, 0xAA79, 0xFBC3, 0xFBD2,
    0xFD40, 0xFD4F, 0xFD90, 0xFD91, 0xFDC8, 0xFDCF, 0xFDFD, 0xFDFF, 0xFFE4, 0xFFE4, 0xFFE8, 0xFFE8,
    0xFFED, 0xFFEE, 0xFFFC, 0xFFFD, 0x10137, 0x1013F, 0x10179, 0x10189, 0x1018C, 0x1018E, 0x10190, 0x1019C,
    0x101A0, 0x101A0, 0x101D0, 0x101FC, 0x10877, 0x10878, 0x10AC8, 0x10AC8, 0x10ED1, 0x10ED8, 0x1173F, 0x1173F,
    0x11FD5, 0x11FDC, 0x11FE1, 0x11FF1, 0x16B3C, 0x16B3F, 0x16B45, 0x16B45, 0x1BC9C, 0x1BC9C, 0x1CC00, 0x1CCEF,
    0x1CCFA, 0x1CCFC, 0x1CD00, 0x1CEB3, 0x1CEBA, 0x1CED0, 0x1CED2, 0x1CED4, 0x1CEE0, 0x1CEEF, 0x1CF50, 0x1CFC3,
    0x1D000, 0x1D0F5, 0x1D100, 0x1D126, 0x1D129, 0x1D164, 0x1D16A, 0x1D16C, 0x1D183, 0x1D184, 0x1D18C, 0x1D1A9,
    0x1D1AE, 0x1D241, 0x1D245, 0x1D245, 0x1D253, 0x1D25A, 0x1D25D, 0x1D25E, 0x1D260, 0x1D27F, 0x1D300, 0x1D356,
    0x1D800, 0x1D9FF, 0x1DA37, 0x1DA3A, 0x1DA6D, 0x1DA74, 0x1DA76, 0x1DA83, 0x1DA85, 0x1DA86, 0x1E14F, 0x1E14F,
    0x1ECAC, 0x1ECAC, 0x1ED2E, 0x1ED2E, 0x1F000, 0x1F02B, 0x1F030, 0x1F093, 0x1F0A0, 0x1F0AE, 0x1F0B1, 0x1F0BF,
    0x1F0C1, 0x1F0CF, 0x1F0D1, 0x1F0F5, 0x1F10D, 0x1F1AE, 0x1F1E6, 0x1F202, 0x1F210, 0x1F23B, 0x1F240, 0x1F248,
    0x1F250, 0x1F251, 0x1F260, 0x1F265, 0x1F300, 0x1F3FA, 0x1F400, 0x1F6D9, 0x1F6DC, 0x1F6EC, 0x1F6F0, 0x1F6FC,
    0x1F700, 0x1F7DB, 0x1F7E0, 0x1F7EB, 0x1F7F0, 0x1F80B, 0x1F810, 0x1F847, 0x1F850, 0x1F859, 0x1F860, 0x1F887,
    0x1F890, 0x1F8AD, 0x1F8B0, 0x1F8BB, 0x1F8C0, 0x1F8C1, 0x1F900, 0x1FA57, 0x1FA60, 0x1FA6D, 0x1FA70, 0x1FA7C,
    0x1FA80, 0x1FAC6, 0x1FAC8, 0x1FAC8, 0x1FACC, 0x1FADD, 0x1FADF, 0x1FAEB, 0x1FAEF, 0x1FAFA, 0x1FB00, 0x1FB92,
    0x1FB94, 0x1FBEF, 0x1FBFA, 0x1FBFA,
};
static const uint32_t R_GC_Z[] = {
    0x20, 0x20, 0xA0, 0xA0, 0x1680, 0x1680, 0x2000, 0x200A, 0x2028, 0x2029, 0x202F, 0x202F,
    0x205F, 0x205F, 0x3000, 0x3000,
};
static const uint32_t R_GC_Zl[] = {
    0x2028, 0x2028,
};
static const uint32_t R_GC_Zp[] = {
    0x2029, 0x2029,
};
static const uint32_t R_GC_Zs[] = {
    0x20, 0x20, 0xA0, 0xA0, 0x1680, 0x1680, 0x2000, 0x200A, 0x202F, 0x202F, 0x205F, 0x205F,
    0x3000, 0x3000,
};
const struct uprop uni_gc[] = {
    { "C|Other", { R_GC_C, 26 } },
    { "Cc|Control|cntrl", { R_GC_Cc, 2 } },
    { "Cf|Format", { R_GC_Cf, 21 } },
    { "Cn|Unassigned", { R_GC_Cn, 0 } },
    { "Co|Private_Use", { R_GC_Co, 3 } },
    { "Cs|Surrogate", { R_GC_Cs, 1 } },
    { "L|Letter", { R_GC_L, 694 } },
    { "LC|Cased_Letter", { R_GC_LC, 146 } },
    { "Ll|Lowercase_Letter", { R_GC_Ll, 680 } },
    { "Lm|Modifier_Letter", { R_GC_Lm, 81 } },
    { "Lo|Other_Letter", { R_GC_Lo, 544 } },
    { "Lt|Titlecase_Letter", { R_GC_Lt, 10 } },
    { "Lu|Uppercase_Letter", { R_GC_Lu, 673 } },
    { "M|Mark|Combining_Mark", { R_GC_M, 333 } },
    { "Mc|Spacing_Mark", { R_GC_Mc, 196 } },
    { "Me|Enclosing_Mark", { R_GC_Me, 5 } },
    { "Mn|Nonspacing_Mark", { R_GC_Mn, 368 } },
    { "N|Number", { R_GC_N, 148 } },
    { "Nd|Decimal_Number|digit", { R_GC_Nd, 72 } },
    { "Nl|Letter_Number", { R_GC_Nl, 15 } },
    { "No|Other_Number", { R_GC_No, 72 } },
    { "P|Punctuation|punct", { R_GC_P, 200 } },
    { "Pc|Connector_Punctuation", { R_GC_Pc, 6 } },
    { "Pd|Dash_Punctuation", { R_GC_Pd, 20 } },
    { "Pe|Close_Punctuation", { R_GC_Pe, 77 } },
    { "Pf|Final_Punctuation", { R_GC_Pf, 10 } },
    { "Pi|Initial_Punctuation", { R_GC_Pi, 11 } },
    { "Po|Other_Punctuation", { R_GC_Po, 195 } },
    { "Ps|Open_Punctuation", { R_GC_Ps, 80 } },
    { "S|Symbol", { R_GC_S, 245 } },
    { "Sc|Currency_Symbol", { R_GC_Sc, 21 } },
    { "Sk|Modifier_Symbol", { R_GC_Sk, 32 } },
    { "Sm|Math_Symbol", { R_GC_Sm, 69 } },
    { "So|Other_Symbol", { R_GC_So, 194 } },
    { "Z|Separator", { R_GC_Z, 8 } },
    { "Zl|Line_Separator", { R_GC_Zl, 1 } },
    { "Zp|Paragraph_Separator", { R_GC_Zp, 1 } },
    { "Zs|Space_Separator", { R_GC_Zs, 7 } },
    { 0, { 0, 0 } }
};

static const uint32_t R_BP_ASCII[] = {
    0x0, 0x7F,
};
static const uint32_t R_BP_ASCII_Hex_Digit[] = {
    0x30, 0x39, 0x41, 0x46, 0x61, 0x66,
};
static const uint32_t R_BP_Alphabetic[] = {
    0x41, 0x5A, 0x61, 0x7A, 0xAA, 0xAA, 0xB5, 0xB5, 0xBA, 0xBA, 0xC0, 0xD6,
    0xD8, 0xF6, 0xF8, 0x2C1, 0x2C6, 0x2D1, 0x2E0, 0x2E4, 0x2EC, 0x2EC, 0x2EE, 0x2EE,
    0x345, 0x345, 0x363, 0x374, 0x376, 0x377, 0x37A, 0x37D, 0x37F, 0x37F, 0x386, 0x386,
    0x388, 0x38A, 0x38C, 0x38C, 0x38E, 0x3A1, 0x3A3, 0x3F5, 0x3F7, 0x481, 0x48A, 0x52F,
    0x531, 0x556, 0x558, 0x559, 0x560, 0x588, 0x58B, 0x58C, 0x5B0, 0x5BD, 0x5BF, 0x5BF,
    0x5C1, 0x5C2, 0x5C4, 0x5C5, 0x5C7, 0x5C9, 0x5D0, 0x5EA, 0x5EF, 0x5F2, 0x610, 0x61A,
    0x620, 0x657, 0x659, 0x65F, 0x66E, 0x6D3, 0x6D5, 0x6DC, 0x6E1, 0x6E8, 0x6ED, 0x6EF,
    0x6FA, 0x6FC, 0x6FF, 0x6FF, 0x710, 0x73F, 0x74D, 0x7B1, 0x7CA, 0x7EA, 0x7F4, 0x7F5,
    0x7FA, 0x7FA, 0x800, 0x817, 0x81A, 0x82C, 0x840, 0x858, 0x860, 0x86A, 0x870, 0x887,
    0x889, 0x88F, 0x897, 0x897, 0x8A0, 0x8C9, 0x8D4, 0x8DF, 0x8E3, 0x8E9, 0x8F0, 0x93B,
    0x93D, 0x94C, 0x94E, 0x950, 0x955, 0x963, 0x971, 0x983, 0x985, 0x98C, 0x98F, 0x990,
    0x993, 0x9A8, 0x9AA, 0x9B0, 0x9B2, 0x9B2, 0x9B6, 0x9B9, 0x9BD, 0x9C4, 0x9C7, 0x9C8,
    0x9CB, 0x9CC, 0x9CE, 0x9CE, 0x9D7, 0x9D7, 0x9DC, 0x9DD, 0x9DF, 0x9E3, 0x9F0, 0x9F1,
    0x9FC, 0x9FC, 0xA01, 0xA03, 0xA05, 0xA0A, 0xA0F, 0xA10, 0xA13, 0xA28, 0xA2A, 0xA30,
    0xA32, 0xA33, 0xA35, 0xA36, 0xA38, 0xA39, 0xA3E, 0xA42, 0xA47, 0xA48, 0xA4B, 0xA4C,
    0xA51, 0xA51, 0xA59, 0xA5C, 0xA5E, 0xA5E, 0xA70, 0xA75, 0xA81, 0xA83, 0xA85, 0xA8D,
    0xA8F, 0xA91, 0xA93, 0xAA8, 0xAAA, 0xAB0, 0xAB2, 0xAB3, 0xAB5, 0xAB9, 0xABD, 0xAC5,
    0xAC7, 0xAC9, 0xACB, 0xACC, 0xAD0, 0xAD0, 0xAE0, 0xAE3, 0xAF9, 0xAFC, 0xB01, 0xB03,
    0xB05, 0xB0C, 0xB0F, 0xB10, 0xB13, 0xB28, 0xB2A, 0xB30, 0xB32, 0xB33, 0xB35, 0xB39,
    0xB3D, 0xB44, 0xB47, 0xB48, 0xB4B, 0xB4C, 0xB56, 0xB57, 0xB5C, 0xB5D, 0xB5F, 0xB63,
    0xB71, 0xB71, 0xB82, 0xB83, 0xB85, 0xB8A, 0xB8E, 0xB90, 0xB92, 0xB95, 0xB99, 0xB9A,
    0xB9C, 0xB9C, 0xB9E, 0xB9F, 0xBA3, 0xBA4, 0xBA8, 0xBAA, 0xBAE, 0xBB9, 0xBBE, 0xBC2,
    0xBC6, 0xBC8, 0xBCA, 0xBCC, 0xBD0, 0xBD0, 0xBD7, 0xBD7, 0xC00, 0xC0C, 0xC0E, 0xC10,
    0xC12, 0xC28, 0xC2A, 0xC39, 0xC3D, 0xC44, 0xC46, 0xC48, 0xC4A, 0xC4C, 0xC55, 0xC56,
    0xC58, 0xC5A, 0xC5C, 0xC5D, 0xC60, 0xC63, 0xC80, 0xC83, 0xC85, 0xC8C, 0xC8E, 0xC90,
    0xC92, 0xCA8, 0xCAA, 0xCB3, 0xCB5, 0xCB9, 0xCBD, 0xCC4, 0xCC6, 0xCC8, 0xCCA, 0xCCC,
    0xCD5, 0xCD6, 0xCDC, 0xCDE, 0xCE0, 0xCE3, 0xCF1, 0xCF3, 0xD00, 0xD0C, 0xD0E, 0xD10,
    0xD12, 0xD3A, 0xD3D, 0xD44, 0xD46, 0xD48, 0xD4A, 0xD4C, 0xD4E, 0xD4E, 0xD54, 0xD57,
    0xD5F, 0xD63, 0xD7A, 0xD7F, 0xD81, 0xD83, 0xD85, 0xD96, 0xD9A, 0xDB1, 0xDB3, 0xDBB,
    0xDBD, 0xDBD, 0xDC0, 0xDC6, 0xDCF, 0xDD4, 0xDD6, 0xDD6, 0xDD8, 0xDDF, 0xDF2, 0xDF3,
    0xE01, 0xE3A, 0xE40, 0xE46, 0xE4D, 0xE4D, 0xE81, 0xE82, 0xE84, 0xE84, 0xE86, 0xE8A,
    0xE8C, 0xEA3, 0xEA5, 0xEA5, 0xEA7, 0xEB9, 0xEBB, 0xEBD, 0xEC0, 0xEC4, 0xEC6, 0xEC6,
    0xECD, 0xECD, 0xEDC, 0xEDF, 0xF00, 0xF00, 0xF40, 0xF47, 0xF49, 0xF6C, 0xF71, 0xF83,
    0xF88, 0xF97, 0xF99, 0xFBC, 0x1000, 0x1036, 0x1038, 0x1038, 0x103B, 0x103F, 0x1050, 0x108F,
    0x109A, 0x109D, 0x10A0, 0x10C5, 0x10C7, 0x10C7, 0x10CD, 0x10CD, 0x10D0, 0x10FA, 0x10FC, 0x1248,
    0x124A, 0x124D, 0x1250, 0x1256, 0x1258, 0x1258, 0x125A, 0x125D, 0x1260, 0x1288, 0x128A, 0x128D,
    0x1290, 0x12B0, 0x12B2, 0x12B5, 0x12B8, 0x12BE, 0x12C0, 0x12C0, 0x12C2, 0x12C5, 0x12C8, 0x12D6,
    0x12D8, 0x1310, 0x1312, 0x1315, 0x1318, 0x135A, 0x1380, 0x138F, 0x13A0, 0x13F5, 0x13F8, 0x13FD,
    0x1401, 0x166C, 0x166F, 0x167F, 0x1681, 0x169A, 0x16A0, 0x16EA, 0x16EE, 0x16F8, 0x1700, 0x1713,
    0x171F, 0x1733, 0x1740, 0x1753, 0x1760, 0x176C, 0x176E, 0x1770, 0x1772, 0x1773, 0x1780, 0x17B3,
    0x17B6, 0x17C8, 0x17D7, 0x17D7, 0x17DC, 0x17DC, 0x1820, 0x1878, 0x1880, 0x18AA, 0x18B0, 0x18F5,
    0x1900, 0x191E, 0x1920, 0x192B, 0x1930, 0x1938, 0x1950, 0x196D, 0x1970, 0x1974, 0x1980, 0x19AB,
    0x19B0, 0x19C9, 0x1A00, 0x1A1B, 0x1A20, 0x1A5E, 0x1A61, 0x1A74, 0x1AA7, 0x1AA7, 0x1ABF, 0x1AC0,
    0x1ACC, 0x1ACE, 0x1B00, 0x1B33, 0x1B35, 0x1B43, 0x1B45, 0x1B4C, 0x1B80, 0x1BA9, 0x1BAC, 0x1BAF,
    0x1BBA, 0x1BE5, 0x1BE7, 0x1BF1, 0x1C00, 0x1C36, 0x1C4D, 0x1C4F, 0x1C5A, 0x1C7D, 0x1C80, 0x1C8A,
    0x1C90, 0x1CBA, 0x1CBD, 0x1CBF, 0x1CE9, 0x1CEC, 0x1CEE, 0x1CF3, 0x1CF5, 0x1CF6, 0x1CFA, 0x1CFA,
    0x1D00, 0x1DBF, 0x1DD3, 0x1DF4, 0x1E00, 0x1F15, 0x1F18, 0x1F1D, 0x1F20, 0x1F45, 0x1F48, 0x1F4D,
    0x1F50, 0x1F57, 0x1F59, 0x1F59, 0x1F5B, 0x1F5B, 0x1F5D, 0x1F5D, 0x1F5F, 0x1F7D, 0x1F80, 0x1FB4,
    0x1FB6, 0x1FBC, 0x1FBE, 0x1FBE, 0x1FC2, 0x1FC4, 0x1FC6, 0x1FCC, 0x1FD0, 0x1FD3, 0x1FD6, 0x1FDB,
    0x1FE0, 0x1FEC, 0x1FF2, 0x1FF4, 0x1FF6, 0x1FFC, 0x2071, 0x2071, 0x207F, 0x207F, 0x208F, 0x209F,
    0x2102, 0x2102, 0x2107, 0x2107, 0x210A, 0x2113, 0x2115, 0x2115, 0x2119, 0x211D, 0x2124, 0x2124,
    0x2126, 0x2126, 0x2128, 0x2128, 0x212A, 0x212D, 0x212F, 0x2139, 0x213C, 0x213F, 0x2145, 0x2149,
    0x214E, 0x214E, 0x2160, 0x2188, 0x24B6, 0x24E9, 0x2C00, 0x2CE4, 0x2CEB, 0x2CEE, 0x2CF2, 0x2CF3,
    0x2D00, 0x2D25, 0x2D27, 0x2D27, 0x2D2D, 0x2D2D, 0x2D30, 0x2D67, 0x2D6F, 0x2D6F, 0x2D80, 0x2D96,
    0x2DA0, 0x2DA6, 0x2DA8, 0x2DAE, 0x2DB0, 0x2DB6, 0x2DB8, 0x2DBE, 0x2DC0, 0x2DC6, 0x2DC8, 0x2DCE,
    0x2DD0, 0x2DD6, 0x2DD8, 0x2DDE, 0x2DE0, 0x2DFF, 0x2E2F, 0x2E2F, 0x3005, 0x3007, 0x3021, 0x3029,
    0x3031, 0x3035, 0x3038, 0x303C, 0x3041, 0x3096, 0x309D, 0x309F, 0x30A1, 0x30FA, 0x30FC, 0x30FF,
    0x3105, 0x312F, 0x3131, 0x318E, 0x31A0, 0x31BF, 0x31F0, 0x31FF, 0x3400, 0x4DBF, 0x4E00, 0xA48C,
    0xA4D0, 0xA4FD, 0xA500, 0xA60C, 0xA610, 0xA61F, 0xA62A, 0xA62B, 0xA640, 0xA66E, 0xA674, 0xA67B,
    0xA67F, 0xA6EF, 0xA717, 0xA71F, 0xA722, 0xA788, 0xA78B, 0xA7DD, 0xA7E2, 0xA7E2, 0xA7F1, 0xA805,
    0xA807, 0xA827, 0xA840, 0xA873, 0xA880, 0xA8C3, 0xA8C5, 0xA8C5, 0xA8F2, 0xA8F7, 0xA8FB, 0xA8FB,
    0xA8FD, 0xA8FF, 0xA90A, 0xA92A, 0xA930, 0xA952, 0xA960, 0xA97C, 0xA980, 0xA9B2, 0xA9B4, 0xA9BF,
    0xA9CF, 0xA9CF, 0xA9E0, 0xA9EF, 0xA9FA, 0xA9FE, 0xAA00, 0xAA36, 0xAA40, 0xAA4D, 0xAA60, 0xAA76,
    0xAA7A, 0xAABE, 0xAAC0, 0xAAC0, 0xAAC2, 0xAAC2, 0xAADB, 0xAADD, 0xAAE0, 0xAAEF, 0xAAF2, 0xAAF5,
    0xAB01, 0xAB06, 0xAB09, 0xAB0E, 0xAB11, 0xAB16, 0xAB20, 0xAB26, 0xAB28, 0xAB2E, 0xAB30, 0xAB5A,
    0xAB5C, 0xAB69, 0xAB6C, 0xAB6D, 0xAB70, 0xABEA, 0xAC00, 0xD7A3, 0xD7B0, 0xD7C6, 0xD7CB, 0xD7FB,
    0xF900, 0xFA6D, 0xFA70, 0xFAD9, 0xFB00, 0xFB06, 0xFB13, 0xFB17, 0xFB1D, 0xFB28, 0xFB2A, 0xFB36,
    0xFB38, 0xFB3C, 0xFB3E, 0xFB3E, 0xFB40, 0xFB41, 0xFB43, 0xFB44, 0xFB46, 0xFBB1, 0xFBD3, 0xFD3D,
    0xFD50, 0xFD8F, 0xFD92, 0xFDC7, 0xFDF0, 0xFDFB, 0xFE70, 0xFE74, 0xFE76, 0xFEFC, 0xFF21, 0xFF3A,
    0xFF41, 0xFF5A, 0xFF66, 0xFFBE, 0xFFC2, 0xFFC7, 0xFFCA, 0xFFCF, 0xFFD2, 0xFFD7, 0xFFDA, 0xFFDC,
    0x10000, 0x1000B, 0x1000D, 0x10026, 0x10028, 0x1003A, 0x1003C, 0x1003D, 0x1003F, 0x1004D, 0x10050, 0x1005D,
    0x10080, 0x100FA, 0x10140, 0x10174, 0x10280, 0x1029C, 0x102A0, 0x102D0, 0x10300, 0x1031F, 0x1032D, 0x1034A,
    0x10350, 0x1037A, 0x10380, 0x1039D, 0x103A0, 0x103C3, 0x103C8, 0x103CF, 0x103D1, 0x103D5, 0x10400, 0x1049D,
    0x104B0, 0x104D3, 0x104D8, 0x104FB, 0x10500, 0x10527, 0x10530, 0x10563, 0x10570, 0x1057A, 0x1057C, 0x1058A,
    0x1058C, 0x10592, 0x10594, 0x10595, 0x10597, 0x105A1, 0x105A3, 0x105B1, 0x105B3, 0x105B9, 0x105BB, 0x105BC,
    0x105C0, 0x105F3, 0x10600, 0x10736, 0x10740, 0x10755, 0x10760, 0x10767, 0x10780, 0x10785, 0x10787, 0x107B0,
    0x107B2, 0x107BF, 0x10800, 0x10805, 0x10808, 0x10808, 0x1080A, 0x10835, 0x10837, 0x10838, 0x1083C, 0x1083C,
    0x1083F, 0x10855, 0x10860, 0x10876, 0x10880, 0x1089E, 0x108E0, 0x108F2, 0x108F4, 0x108F5, 0x10900, 0x10915,
    0x10920, 0x10939, 0x10940, 0x10959, 0x10980, 0x109B7, 0x109BE, 0x109BF, 0x10A00, 0x10A03, 0x10A05, 0x10A06,
    0x10A0C, 0x10A13, 0x10A15, 0x10A17, 0x10A19, 0x10A35, 0x10A60, 0x10A7C, 0x10A80, 0x10A9C, 0x10AC0, 0x10AC7,
    0x10AC9, 0x10AE4, 0x10B00, 0x10B35, 0x10B40, 0x10B55, 0x10B60, 0x10B72, 0x10B80, 0x10B91, 0x10C00, 0x10C48,
    0x10C80, 0x10CB2, 0x10CC0, 0x10CF2, 0x10D00, 0x10D27, 0x10D4A, 0x10D65, 0x10D69, 0x10D69, 0x10D6F, 0x10D85,
    0x10E80, 0x10EA9, 0x10EAB, 0x10EAC, 0x10EB0, 0x10EB1, 0x10EC2, 0x10EC7, 0x10ECB, 0x10ECD, 0x10ED9, 0x10EEE,
    0x10EF3, 0x10EF3, 0x10EF5, 0x10EF5, 0x10EF7, 0x10EF8, 0x10EFA, 0x10EFC, 0x10F00, 0x10F1C, 0x10F27, 0x10F27,
    0x10F30, 0x10F45, 0x10F70, 0x10F81, 0x10FB0, 0x10FC4, 0x10FE0, 0x10FF6, 0x11000, 0x11045, 0x11071, 0x11075,
    0x11080, 0x110B8, 0x110C2, 0x110C2, 0x110D0, 0x110E8, 0x11100, 0x11132, 0x11144, 0x11147, 0x11150, 0x11172,
    0x11176, 0x11176, 0x11180, 0x111BF, 0x111C1, 0x111C4, 0x111CE, 0x111CF, 0x111DA, 0x111DA, 0x111DC, 0x111DC,
    0x11200, 0x11211, 0x11213, 0x11234, 0x11237, 0x11237, 0x1123E, 0x11241, 0x11280, 0x11286, 0x11288, 0x11288,
    0x1128A, 0x1128D, 0x1128F, 0x1129D, 0x1129F, 0x112A8, 0x112B0, 0x112E8, 0x11300, 0x11303, 0x11305, 0x1130C,
    0x1130F, 0x11310, 0x11313, 0x11328, 0x1132A, 0x11330, 0x11332, 0x11333, 0x11335, 0x11339, 0x1133D, 0x11344,
    0x11347, 0x11348, 0x1134B, 0x1134C, 0x11350, 0x11350, 0x11357, 0x11357, 0x1135D, 0x11363, 0x11380, 0x11389,
    0x1138B, 0x1138B, 0x1138E, 0x1138E, 0x11390, 0x113B5, 0x113B7, 0x113C0, 0x113C2, 0x113C2, 0x113C5, 0x113C5,
    0x113C7, 0x113CA, 0x113CC, 0x113CD, 0x113D1, 0x113D1, 0x113D3, 0x113D3, 0x11400, 0x11441, 0x11443, 0x11445,
    0x11447, 0x1144A, 0x1145F, 0x11461, 0x11480, 0x114C1, 0x114C4, 0x114C5, 0x114C7, 0x114C7, 0x11580, 0x115B5,
    0x115B8, 0x115BE, 0x115D8, 0x115DD, 0x11600, 0x1163E, 0x11640, 0x11640, 0x11644, 0x11644, 0x11680, 0x116B5,
    0x116B8, 0x116B8, 0x11700, 0x1171A, 0x1171D, 0x1172A, 0x11740, 0x11746, 0x11800, 0x11838, 0x118A0, 0x118DF,
    0x118FF, 0x11906, 0x11909, 0x11909, 0x1190C, 0x11913, 0x11915, 0x11916, 0x11918, 0x11935, 0x11937, 0x11938,
    0x1193B, 0x1193C, 0x1193F, 0x11942, 0x119A0, 0x119A7, 0x119AA, 0x119D7, 0x119DA, 0x119DF, 0x119E1, 0x119E1,
    0x119E3, 0x119E4, 0x11A00, 0x11A32, 0x11A35, 0x11A3E, 0x11A50, 0x11A97, 0x11A9D, 0x11A9D, 0x11AB0, 0x11AF8,
    0x11B0A, 0x11B0A, 0x11B60, 0x11B67, 0x11BC0, 0x11BE0, 0x11C00, 0x11C08, 0x11C0A, 0x11C36, 0x11C38, 0x11C3E,
    0x11C40, 0x11C40, 0x11C72, 0x11C8F, 0x11C92, 0x11CA7, 0x11CA9, 0x11CB6, 0x11D00, 0x11D06, 0x11D08, 0x11D09,
    0x11D0B, 0x11D36, 0x11D3A, 0x11D3A, 0x11D3C, 0x11D3D, 0x11D3F, 0x11D41, 0x11D43, 0x11D43, 0x11D46, 0x11D47,
    0x11D60, 0x11D65, 0x11D67, 0x11D68, 0x11D6A, 0x11D8E, 0x11D90, 0x11D91, 0x11D93, 0x11D96, 0x11D98, 0x11D98,
    0x11DB0, 0x11DDB, 0x11DF0, 0x11DF1, 0x11EE0, 0x11EF6, 0x11F00, 0x11F10, 0x11F12, 0x11F3A, 0x11F3E, 0x11F40,
    0x11FB0, 0x11FB0, 0x12000, 0x12399, 0x12400, 0x1246F, 0x12475, 0x12543, 0x12550, 0x12686, 0x12F90, 0x12FF0,
    0x13000, 0x1342F, 0x13441, 0x13446, 0x13460, 0x143FA, 0x14400, 0x14646, 0x16100, 0x1612E, 0x16800, 0x16A38,
    0x16A40, 0x16A5E, 0x16A70, 0x16ABE, 0x16AD0, 0x16AED, 0x16B00, 0x16B2F, 0x16B40, 0x16B43, 0x16B63, 0x16B77,
    0x16B7D, 0x16B8F, 0x16D40, 0x16D6C, 0x16E40, 0x16E7F, 0x16EA0, 0x16EB8, 0x16EBB, 0x16ED3, 0x16F00, 0x16F4A,
    0x16F4F, 0x16F87, 0x16F8F, 0x16F9F, 0x16FE0, 0x16FE1, 0x16FE3, 0x16FE3, 0x16FF0, 0x16FF6, 0x17000, 0x18CDA,
    0x18CFF, 0x18D20, 0x18D80, 0x18DF2, 0x18E00, 0x19191, 0x191A0, 0x191D2, 0x1AFF0, 0x1AFF3, 0x1AFF5, 0x1AFFB,
    0x1AFFD, 0x1AFFE, 0x1B000, 0x1B128, 0x1B132, 0x1B132, 0x1B150, 0x1B152, 0x1B155, 0x1B155, 0x1B164, 0x1B168,
    0x1B170, 0x1B2FB, 0x1BC00, 0x1BC6A, 0x1BC70, 0x1BC7C, 0x1BC80, 0x1BC88, 0x1BC90, 0x1BC99, 0x1BC9E, 0x1BC9E,
    0x1D400, 0x1D454, 0x1D456, 0x1D49C, 0x1D49E, 0x1D49F, 0x1D4A2, 0x1D4A2, 0x1D4A5, 0x1D4A6, 0x1D4A9, 0x1D4AC,
    0x1D4AE, 0x1D4B9, 0x1D4BB, 0x1D4BB, 0x1D4BD, 0x1D4C3, 0x1D4C5, 0x1D505, 0x1D507, 0x1D50A, 0x1D50D, 0x1D514,
    0x1D516, 0x1D51C, 0x1D51E, 0x1D539, 0x1D53B, 0x1D53E, 0x1D540, 0x1D544, 0x1D546, 0x1D546, 0x1D54A, 0x1D550,
    0x1D552, 0x1D6A6, 0x1D6A8, 0x1D6C0, 0x1D6C2, 0x1D6DA, 0x1D6DC, 0x1D6FA, 0x1D6FC, 0x1D714, 0x1D716, 0x1D734,
    0x1D736, 0x1D74E, 0x1D750, 0x1D76E, 0x1D770, 0x1D788, 0x1D78A, 0x1D7A8, 0x1D7AA, 0x1D7C2, 0x1D7C4, 0x1D7CB,
    0x1DF00, 0x1DF81, 0x1DF90, 0x1DF96, 0x1DFCD, 0x1E006, 0x1E008, 0x1E018, 0x1E01B, 0x1E021, 0x1E023, 0x1E024,
    0x1E026, 0x1E02A, 0x1E030, 0x1E06D, 0x1E08F, 0x1E08F, 0x1E100, 0x1E12C, 0x1E137, 0x1E13D, 0x1E14E, 0x1E14E,
    0x1E290, 0x1E2AD, 0x1E2C0, 0x1E2EB, 0x1E4D0, 0x1E4EB, 0x1E5D0, 0x1E5ED, 0x1E5F0, 0x1E5F0, 0x1E6C0, 0x1E6DE,
    0x1E6E0, 0x1E6F5, 0x1E6FE, 0x1E6FF, 0x1E7E0, 0x1E7E6, 0x1E7E8, 0x1E7EB, 0x1E7ED, 0x1E7EE, 0x1E7F0, 0x1E7FE,
    0x1E800, 0x1E8C4, 0x1E900, 0x1E943, 0x1E947, 0x1E947, 0x1E94B, 0x1E94B, 0x1EE00, 0x1EE03, 0x1EE05, 0x1EE1F,
    0x1EE21, 0x1EE22, 0x1EE24, 0x1EE24, 0x1EE27, 0x1EE27, 0x1EE29, 0x1EE32, 0x1EE34, 0x1EE37, 0x1EE39, 0x1EE39,
    0x1EE3B, 0x1EE3B, 0x1EE42, 0x1EE42, 0x1EE47, 0x1EE47, 0x1EE49, 0x1EE49, 0x1EE4B, 0x1EE4B, 0x1EE4D, 0x1EE4F,
    0x1EE51, 0x1EE52, 0x1EE54, 0x1EE54, 0x1EE57, 0x1EE57, 0x1EE59, 0x1EE59, 0x1EE5B, 0x1EE5B, 0x1EE5D, 0x1EE5D,
    0x1EE5F, 0x1EE5F, 0x1EE61, 0x1EE62, 0x1EE64, 0x1EE64, 0x1EE67, 0x1EE6A, 0x1EE6C, 0x1EE72, 0x1EE74, 0x1EE77,
    0x1EE79, 0x1EE7C, 0x1EE7E, 0x1EE7E, 0x1EE80, 0x1EE89, 0x1EE8B, 0x1EE9B, 0x1EEA1, 0x1EEA3, 0x1EEA5, 0x1EEA9,
    0x1EEAB, 0x1EEBB, 0x1F130, 0x1F149, 0x1F150, 0x1F169, 0x1F170, 0x1F189, 0x20000, 0x2A6DF, 0x2A700, 0x2B81E,
    0x2B820, 0x2CEAD, 0x2CEB0, 0x2EBE0, 0x2EBF0, 0x2EE5D, 0x2F800, 0x2FA1D, 0x30000, 0x3134A, 0x31350, 0x33479,
    0x3D000, 0x3FC3F,
};
static const uint32_t R_BP_Any[] = {
    0x0, 0x10FFFF,
};
static const uint32_t R_BP_Assigned[] = {
    0x0, 0x377, 0x37A, 0x37F, 0x384, 0x38A, 0x38C, 0x38C, 0x38E, 0x3A1, 0x3A3, 0x52F,
    0x531, 0x556, 0x558, 0x58F, 0x591, 0x5C9, 0x5D0, 0x5EA, 0x5EF, 0x5F4, 0x600, 0x70D,
    0x70F, 0x74A, 0x74D, 0x7B1, 0x7C0, 0x7FA, 0x7FD, 0x82D, 0x830, 0x83E, 0x840, 0x85B,
    0x85E, 0x85E, 0x860, 0x86A, 0x870, 0x891, 0x897, 0x983, 0x985, 0x98C, 0x98F, 0x990,
    0x993, 0x9A8, 0x9AA, 0x9B0, 0x9B2, 0x9B2, 0x9B6, 0x9B9, 0x9BC, 0x9C4, 0x9C7, 0x9C8,
    0x9CB, 0x9CE, 0x9D7, 0x9D7, 0x9DC, 0x9DD, 0x9DF, 0x9E3, 0x9E6, 0x9FE, 0xA01, 0xA03,
    0xA05, 0xA0A, 0xA0F, 0xA10, 0xA13, 0xA28, 0xA2A, 0xA30, 0xA32, 0xA33, 0xA35, 0xA36,
    0xA38, 0xA39, 0xA3C, 0xA3C, 0xA3E, 0xA42, 0xA47, 0xA48, 0xA4B, 0xA4D, 0xA51, 0xA51,
    0xA59, 0xA5C, 0xA5E, 0xA5E, 0xA66, 0xA76, 0xA81, 0xA83, 0xA85, 0xA8D, 0xA8F, 0xA91,
    0xA93, 0xAA8, 0xAAA, 0xAB0, 0xAB2, 0xAB3, 0xAB5, 0xAB9, 0xABC, 0xAC5, 0xAC7, 0xAC9,
    0xACB, 0xACD, 0xAD0, 0xAD0, 0xAE0, 0xAE3, 0xAE6, 0xAF1, 0xAF9, 0xAFF, 0xB01, 0xB03,
    0xB05, 0xB0C, 0xB0F, 0xB10, 0xB13, 0xB28, 0xB2A, 0xB30, 0xB32, 0xB33, 0xB35, 0xB39,
    0xB3C, 0xB44, 0xB47, 0xB48, 0xB4B, 0xB4D, 0xB53, 0xB57, 0xB5C, 0xB5D, 0xB5F, 0xB63,
    0xB66, 0xB77, 0xB82, 0xB83, 0xB85, 0xB8A, 0xB8E, 0xB90, 0xB92, 0xB95, 0xB99, 0xB9A,
    0xB9C, 0xB9C, 0xB9E, 0xB9F, 0xBA3, 0xBA4, 0xBA8, 0xBAA, 0xBAE, 0xBB9, 0xBBE, 0xBC2,
    0xBC6, 0xBC8, 0xBCA, 0xBCD, 0xBD0, 0xBD0, 0xBD7, 0xBD7, 0xBE6, 0xBFA, 0xC00, 0xC0C,
    0xC0E, 0xC10, 0xC12, 0xC28, 0xC2A, 0xC39, 0xC3C, 0xC44, 0xC46, 0xC48, 0xC4A, 0xC4D,
    0xC55, 0xC56, 0xC58, 0xC5A, 0xC5C, 0xC5D, 0xC60, 0xC63, 0xC66, 0xC6F, 0xC77, 0xC8C,
    0xC8E, 0xC90, 0xC92, 0xCA8, 0xCAA, 0xCB3, 0xCB5, 0xCB9, 0xCBC, 0xCC4, 0xCC6, 0xCC8,
    0xCCA, 0xCCD, 0xCD5, 0xCD6, 0xCDC, 0xCDE, 0xCE0, 0xCE3, 0xCE6, 0xCEF, 0xCF1, 0xCF3,
    0xD00, 0xD0C, 0xD0E, 0xD10, 0xD12, 0xD44, 0xD46, 0xD48, 0xD4A, 0xD4F, 0xD54, 0xD63,
    0xD66, 0xD7F, 0xD81, 0xD83, 0xD85, 0xD96, 0xD9A, 0xDB1, 0xDB3, 0xDBB, 0xDBD, 0xDBD,
    0xDC0, 0xDC6, 0xDCA, 0xDCA, 0xDCF, 0xDD4, 0xDD6, 0xDD6, 0xDD8, 0xDDF, 0xDE6, 0xDEF,
    0xDF2, 0xDF4, 0xE01, 0xE3A, 0xE3F, 0xE5B, 0xE81, 0xE82, 0xE84, 0xE84, 0xE86, 0xE8A,
    0xE8C, 0xEA3, 0xEA5, 0xEA5, 0xEA7, 0xEBD, 0xEC0, 0xEC4, 0xEC6, 0xEC6, 0xEC8, 0xECE,
    0xED0, 0xED9, 0xEDC, 0xEDF, 0xF00, 0xF47, 0xF49, 0xF6C, 0xF71, 0xF97, 0xF99, 0xFBC,
    0xFBE, 0xFCC, 0xFCE, 0xFDA, 0x1000, 0x10C5, 0x10C7, 0x10C7, 0x10CD, 0x10CD, 0x10D0, 0x1248,
    0x124A, 0x124D, 0x1250, 0x1256, 0x1258, 0x1258, 0x125A, 0x125D, 0x1260, 0x1288, 0x128A, 0x128D,
    0x1290, 0x12B0, 0x12B2, 0x12B5, 0x12B8, 0x12BE, 0x12C0, 0x12C0, 0x12C2, 0x12C5, 0x12C8, 0x12D6,
    0x12D8, 0x1310, 0x1312, 0x1315, 0x1318, 0x135A, 0x135D, 0x137C, 0x1380, 0x1399, 0x13A0, 0x13F5,
    0x13F8, 0x13FD, 0x1400, 0x169C, 0x16A0, 0x16F8, 0x1700, 0x1715, 0x171F, 0x1736, 0x1740, 0x1753,
    0x1760, 0x176C, 0x176E, 0x1770, 0x1772, 0x1773, 0x1780, 0x17DD, 0x17E0, 0x17E9, 0x17F0, 0x17F9,
    0x1800, 0x1819, 0x1820, 0x1878, 0x1880, 0x18AA, 0x18B0, 0x18F5, 0x1900, 0x191E, 0x1920, 0x192B,
    0x1930, 0x193B, 0x1940, 0x1940, 0x1944, 0x196D, 0x1970, 0x1974, 0x1980, 0x19AB, 0x19B0, 0x19C9,
    0x19D0, 0x19DA, 0x19DE, 0x1A1B, 0x1A1E, 0x1A5E, 0x1A60, 0x1A7C, 0x1A7F, 0x1A89, 0x1A90, 0x1A99,
    0x1AA0, 0x1AAD, 0x1AB0, 0x1AF0, 0x1B00, 0x1B4C, 0x1B4E, 0x1BF3, 0x1BFC, 0x1C37, 0x1C3B, 0x1C49,
    0x1C4D, 0x1C8A, 0x1C90, 0x1CBA, 0x1CBD, 0x1CC7, 0x1CD0, 0x1CFA, 0x1D00, 0x1F15, 0x1F18, 0x1F1D,
    0x1F20, 0x1F45, 0x1F48, 0x1F4D, 0x1F50, 0x1F57, 0x1F59, 0x1F59, 0x1F5B, 0x1F5B, 0x1F5D, 0x1F5D,
    0x1F5F, 0x1F7D, 0x1F80, 0x1FB4, 0x1FB6, 0x1FC4, 0x1FC6, 0x1FD3, 0x1FD6, 0x1FDB, 0x1FDD, 0x1FEF,
    0x1FF2, 0x1FF4, 0x1FF6, 0x1FFE, 0x2000, 0x2064, 0x2066, 0x2071, 0x2074, 0x20C4, 0x20D0, 0x20F0,
    0x2100, 0x218B, 0x2190, 0x2429, 0x2440, 0x244A, 0x2460, 0x2B73, 0x2B76, 0x2CF3, 0x2CF9, 0x2D25,
    0x2D27, 0x2D27, 0x2D2D, 0x2D2D, 0x2D30, 0x2D67, 0x2D6F, 0x2D70, 0x2D7F, 0x2D96, 0x2DA0, 0x2DA6,
    0x2DA8, 0x2DAE, 0x2DB0, 0x2DB6, 0x2DB8, 0x2DBE, 0x2DC0, 0x2DC6, 0x2DC8, 0x2DCE, 0x2DD0, 0x2DD6,
    0x2DD8, 0x2DDE, 0x2DE0, 0x2E5D, 0x2E60, 0x2E63, 0x2E80, 0x2E99, 0x2E9B, 0x2EF3, 0x2F00, 0x2FD5,
    0x2FF0, 0x303F, 0x3041, 0x3096, 0x3099, 0x30FF, 0x3105, 0x312F, 0x3131, 0x318E, 0x3190, 0x31E5,
    0x31EF, 0x321E, 0x3220, 0xA48C, 0xA490, 0xA4C6, 0xA4D0, 0xA62B, 0xA640, 0xA6F7, 0xA700, 0xA7DD,
    0xA7E2, 0xA7E2, 0xA7F1, 0xA82C, 0xA830, 0xA839, 0xA840, 0xA877, 0xA880, 0xA8C5, 0xA8CE, 0xA8D9,
    0xA8E0, 0xA953, 0xA95F, 0xA97C, 0xA980, 0xA9CD, 0xA9CF, 0xA9D9, 0xA9DE, 0xA9FE, 0xAA00, 0xAA36,
    0xAA40, 0xAA4D, 0xAA50, 0xAA59, 0xAA5C, 0xAAC2, 0xAADB, 0xAAF6, 0xAB01, 0xAB06, 0xAB09, 0xAB0E,
    0xAB11, 0xAB16, 0xAB20, 0xAB26, 0xAB28, 0xAB2E, 0xAB30, 0xAB6D, 0xAB70, 0xABED, 0xABF0, 0xABF9,
    0xAC00, 0xD7A3, 0xD7B0, 0xD7C6, 0xD7CB, 0xD7FB, 0xD800, 0xFA6D, 0xFA70, 0xFAD9, 0xFB00, 0xFB06,
    0xFB13, 0xFB17, 0xFB1D, 0xFB36, 0xFB38, 0xFB3C, 0xFB3E, 0xFB3E, 0xFB40, 0xFB41, 0xFB43, 0xFB44,
    0xFB46, 0xFDCF, 0xFDF0, 0xFE19, 0xFE20, 0xFE52, 0xFE54, 0xFE66, 0xFE68, 0xFE6B, 0xFE70, 0xFE74,
    0xFE76, 0xFEFC, 0xFEFF, 0xFEFF, 0xFF01, 0xFFBE, 0xFFC2, 0xFFC7, 0xFFCA, 0xFFCF, 0xFFD2, 0xFFD7,
    0xFFDA, 0xFFDC, 0xFFE0, 0xFFE6, 0xFFE8, 0xFFEE, 0xFFF9, 0xFFFD, 0x10000, 0x1000B, 0x1000D, 0x10026,
    0x10028, 0x1003A, 0x1003C, 0x1003D, 0x1003F, 0x1004D, 0x10050, 0x1005D, 0x10080, 0x100FA, 0x10100, 0x10102,
    0x10107, 0x10133, 0x10137, 0x1018E, 0x10190, 0x1019C, 0x101A0, 0x101A0, 0x101D0, 0x101FD, 0x10280, 0x1029C,
    0x102A0, 0x102D0, 0x102E0, 0x102FB, 0x10300, 0x10323, 0x1032D, 0x1034A, 0x10350, 0x1037A, 0x10380, 0x1039D,
    0x1039F, 0x103C3, 0x103C8, 0x103D5, 0x10400, 0x1049D, 0x104A0, 0x104A9, 0x104B0, 0x104D3, 0x104D8, 0x104FB,
    0x10500, 0x10527, 0x10530, 0x10563, 0x1056F, 0x1057A, 0x1057C, 0x1058A, 0x1058C, 0x10592, 0x10594, 0x10595,
    0x10597, 0x105A1, 0x105A3, 0x105B1, 0x105B3, 0x105B9, 0x105BB, 0x105BC, 0x105C0, 0x105F3, 0x10600, 0x10736,
    0x10740, 0x10755, 0x10760, 0x10767, 0x10780, 0x10785, 0x10787, 0x107B0, 0x107B2, 0x107BF, 0x10800, 0x10805,
    0x10808, 0x10808, 0x1080A, 0x10835, 0x10837, 0x10838, 0x1083C, 0x1083C, 0x1083F, 0x10855, 0x10857, 0x1089E,
    0x108A7, 0x108AF, 0x108E0, 0x108F2, 0x108F4, 0x108F5, 0x108FB, 0x1091B, 0x1091F, 0x10939, 0x1093F, 0x10959,
    0x10980, 0x109B7, 0x109BC, 0x109CF, 0x109D2, 0x10A03, 0x10A05, 0x10A06, 0x10A0C, 0x10A13, 0x10A15, 0x10A17,
    0x10A19, 0x10A35, 0x10A38, 0x10A3A, 0x10A3F, 0x10A48, 0x10A50, 0x10A58, 0x10A60, 0x10A9F, 0x10AC0, 0x10AE6,
    0x10AEB, 0x10AF6, 0x10B00, 0x10B35, 0x10B39, 0x10B55, 0x10B58, 0x10B72, 0x10B78, 0x10B91, 0x10B99, 0x10B9C,
    0x10BA9, 0x10BAF, 0x10C00, 0x10C48, 0x10C80, 0x10CB2, 0x10CC0, 0x10CF2, 0x10CFA, 0x10D27, 0x10D30, 0x10D39,
    0x10D40, 0x10D65, 0x10D69, 0x10D85, 0x10D8E, 0x10D8F, 0x10E60, 0x10E7E, 0x10E80, 0x10EA9, 0x10EAB, 0x10EAD,
    0x10EB0, 0x10EB1, 0x10EC2, 0x10EC7, 0x10EC9, 0x10EEE, 0x10EF0, 0x10F27, 0x10F30, 0x10F59, 0x10F70, 0x10F89,
    0x10FB0, 0x10FCB, 0x10FE0, 0x10FF6, 0x11000, 0x1104D, 0x11052, 0x11075, 0x1107F, 0x110C2, 0x110CD, 0x110CD,
    0x110D0, 0x110E8, 0x110F0, 0x110F9, 0x11100, 0x11134, 0x11136, 0x11147, 0x11150, 0x11176, 0x11180, 0x111DF,
    0x111E1, 0x111F4, 0x11200, 0x11211, 0x11213, 0x11241, 0x11280, 0x11286, 0x11288, 0x11288, 0x1128A, 0x1128D,
    0x1128F, 0x1129D, 0x1129F, 0x112A9, 0x112B0, 0x112EA, 0x112F0, 0x112F9, 0x11300, 0x11303, 0x11305, 0x1130C,
    0x1130F, 0x11310, 0x11313, 0x11328, 0x1132A, 0x11330, 0x11332, 0x11333, 0x11335, 0x11339, 0x1133B, 0x11344,
    0x11347, 0x11348, 0x1134B, 0x1134D, 0x11350, 0x11350, 0x11357, 0x11357, 0x1135D, 0x11363, 0x11366, 0x1136C,
    0x11370, 0x11374, 0x11380, 0x11389, 0x1138B, 0x1138B, 0x1138E, 0x1138E, 0x11390, 0x113B5, 0x113B7, 0x113C0,
    0x113C2, 0x113C2, 0x113C5, 0x113C5, 0x113C7, 0x113CA, 0x113CC, 0x113D5, 0x113D7, 0x113D8, 0x113E1, 0x113E2,
    0x11400, 0x1145B, 0x1145D, 0x11461, 0x11480, 0x114C7, 0x114D0, 0x114D9, 0x11580, 0x115B5, 0x115B8, 0x115DD,
    0x11600, 0x11644, 0x11650, 0x11659, 0x11660, 0x1166C, 0x11680, 0x116B9, 0x116C0, 0x116C9, 0x116D0, 0x116E3,
    0x11700, 0x1171A, 0x1171D, 0x1172B, 0x11730, 0x11746, 0x11800, 0x1183B, 0x118A0, 0x118F2, 0x118FF, 0x11906,
    0x11909, 0x11909, 0x1190C, 0x11913, 0x11915, 0x11916, 0x11918, 0x11935, 0x11937, 0x11938, 0x1193B, 0x11946,
    0x11950, 0x11959, 0x119A0, 0x119A7, 0x119AA, 0x119D7, 0x119DA, 0x119E4, 0x11A00, 0x11A47, 0x11A50, 0x11AA2,
    0x11AB0, 0x11AF8, 0x11B00, 0x11B0A, 0x11B60, 0x11B67, 0x11BC0, 0x11BE1, 0x11BF0, 0x11BF9, 0x11C00, 0x11C08,
    0x11C0A, 0x11C36, 0x11C38, 0x11C45, 0x11C50, 0x11C6C, 0x11C70, 0x11C8F, 0x11C92, 0x11CA7, 0x11CA9, 0x11CB6,
    0x11D00, 0x11D06, 0x11D08, 0x11D09, 0x11D0B, 0x11D36, 0x11D3A, 0x11D3A, 0x11D3C, 0x11D3D, 0x11D3F, 0x11D47,
    0x11D50, 0x11D59, 0x11D60, 0x11D65, 0x11D67, 0x11D68, 0x11D6A, 0x11D8E, 0x11D90, 0x11D91, 0x11D93, 0x11D98,
    0x11DA0, 0x11DA9, 0x11DB0, 0x11DDB, 0x11DE0, 0x11DE9, 0x11DF0, 0x11DF1, 0x11EE0, 0x11EF8, 0x11F00, 0x11F10,
    0x11F12, 0x11F3A, 0x11F3E, 0x11F5A, 0x11FB0, 0x11FB0, 0x11FC0, 0x11FF1, 0x11FFF, 0x12399, 0x12400, 0x12543,
    0x12550, 0x12686, 0x12F90, 0x12FF2, 0x13000, 0x13455, 0x13460, 0x143FA, 0x14400, 0x14646, 0x16100, 0x16139,
    0x16800, 0x16A38, 0x16A40, 0x16A5E, 0x16A60, 0x16A69, 0x16A6E, 0x16ABE, 0x16AC0, 0x16AC9, 0x16AD0, 0x16AED,
    0x16AF0, 0x16AF5, 0x16B00, 0x16B45, 0x16B50, 0x16B59, 0x16B5B, 0x16B61, 0x16B63, 0x16B77, 0x16B7D, 0x16B8F,
    0x16D40, 0x16D79, 0x16E40, 0x16E9A, 0x16EA0, 0x16EB8, 0x16EBB, 0x16ED3, 0x16F00, 0x16F4A, 0x16F4F, 0x16F87,
    0x16F8F, 0x16F9F, 0x16FE0, 0x16FE4, 0x16FF0, 0x16FF6, 0x17000, 0x18CDA, 0x18CFF, 0x18D20, 0x18D80, 0x18DF2,
    0x18E00, 0x19191, 0x191A0, 0x191D2, 0x1AFF0, 0x1AFF3, 0x1AFF5, 0x1AFFB, 0x1AFFD, 0x1AFFE, 0x1B000, 0x1B128,
    0x1B132, 0x1B132, 0x1B150, 0x1B152, 0x1B155, 0x1B155, 0x1B164, 0x1B168, 0x1B170, 0x1B2FB, 0x1BC00, 0x1BC6A,
    0x1BC70, 0x1BC7C, 0x1BC80, 0x1BC88, 0x1BC90, 0x1BC99, 0x1BC9C, 0x1BCA3, 0x1CC00, 0x1CCFC, 0x1CD00, 0x1CEB3,
    0x1CEBA, 0x1CED0, 0x1CED2, 0x1CED4, 0x1CEDD, 0x1CEFD, 0x1CF00, 0x1CF2D, 0x1CF30, 0x1CF46, 0x1CF50, 0x1CFC3,
    0x1D000, 0x1D0F5, 0x1D100, 0x1D245, 0x1D250, 0x1D281, 0x1D2C0, 0x1D2D3, 0x1D2E0, 0x1D2F3, 0x1D300, 0x1D356,
    0x1D360, 0x1D378, 0x1D400, 0x1D454, 0x1D456, 0x1D49C, 0x1D49E, 0x1D49F, 0x1D4A2, 0x1D4A2, 0x1D4A5, 0x1D4A6,
    0x1D4A9, 0x1D4AC, 0x1D4AE, 0x1D4B9, 0x1D4BB, 0x1D4BB, 0x1D4BD, 0x1D4C3, 0x1D4C5, 0x1D505, 0x1D507, 0x1D50A,
    0x1D50D, 0x1D514, 0x1D516, 0x1D51C, 0x1D51E, 0x1D539, 0x1D53B, 0x1D53E, 0x1D540, 0x1D544, 0x1D546, 0x1D546,
    0x1D54A, 0x1D550, 0x1D552, 0x1D6A6, 0x1D6A8, 0x1D7CB, 0x1D7CE, 0x1DA8B, 0x1DA9B, 0x1DA9F, 0x1DAA1, 0x1DAAF,
    0x1DB00, 0x1DB1C, 0x1DF00, 0x1DF81, 0x1DF90, 0x1DF96, 0x1DFCD, 0x1E006, 0x1E008, 0x1E018, 0x1E01B, 0x1E021,
    0x1E023, 0x1E024, 0x1E026, 0x1E02A, 0x1E030, 0x1E06D, 0x1E08F, 0x1E08F, 0x1E100, 0x1E12C, 0x1E130, 0x1E13D,
    0x1E140, 0x1E149, 0x1E14E, 0x1E14F, 0x1E290, 0x1E2AE, 0x1E2C0, 0x1E2F9, 0x1E2FF, 0x1E2FF, 0x1E4D0, 0x1E4F9,
    0x1E5D0, 0x1E5FA, 0x1E5FF, 0x1E5FF, 0x1E6C0, 0x1E6DE, 0x1E6E0, 0x1E6F5, 0x1E6FE, 0x1E6FF, 0x1E7E0, 0x1E7E6,
    0x1E7E8, 0x1E7EB, 0x1E7ED, 0x1E7EE, 0x1E7F0, 0x1E7FE, 0x1E800, 0x1E8C4, 0x1E8C7, 0x1E8D6, 0x1E900, 0x1E94B,
    0x1E950, 0x1E959, 0x1E95E, 0x1E95F, 0x1EC71, 0x1ECB4, 0x1ED01, 0x1ED3D, 0x1EE00, 0x1EE03, 0x1EE05, 0x1EE1F,
    0x1EE21, 0x1EE22, 0x1EE24, 0x1EE24, 0x1EE27, 0x1EE27, 0x1EE29, 0x1EE32, 0x1EE34, 0x1EE37, 0x1EE39, 0x1EE39,
    0x1EE3B, 0x1EE3B, 0x1EE42, 0x1EE42, 0x1EE47, 0x1EE47, 0x1EE49, 0x1EE49, 0x1EE4B, 0x1EE4B, 0x1EE4D, 0x1EE4F,
    0x1EE51, 0x1EE52, 0x1EE54, 0x1EE54, 0x1EE57, 0x1EE57, 0x1EE59, 0x1EE59, 0x1EE5B, 0x1EE5B, 0x1EE5D, 0x1EE5D,
    0x1EE5F, 0x1EE5F, 0x1EE61, 0x1EE62, 0x1EE64, 0x1EE64, 0x1EE67, 0x1EE6A, 0x1EE6C, 0x1EE72, 0x1EE74, 0x1EE77,
    0x1EE79, 0x1EE7C, 0x1EE7E, 0x1EE7E, 0x1EE80, 0x1EE89, 0x1EE8B, 0x1EE9B, 0x1EEA1, 0x1EEA3, 0x1EEA5, 0x1EEA9,
    0x1EEAB, 0x1EEBB, 0x1EEF0, 0x1EEF1, 0x1F000, 0x1F02B, 0x1F030, 0x1F093, 0x1F0A0, 0x1F0AE, 0x1F0B1, 0x1F0BF,
    0x1F0C1, 0x1F0CF, 0x1F0D1, 0x1F0F5, 0x1F100, 0x1F1AE, 0x1F1E6, 0x1F202, 0x1F210, 0x1F23B, 0x1F240, 0x1F248,
    0x1F250, 0x1F251, 0x1F260, 0x1F265, 0x1F300, 0x1F6D9, 0x1F6DC, 0x1F6EC, 0x1F6F0, 0x1F6FC, 0x1F700, 0x1F7DB,
    0x1F7E0, 0x1F7EB, 0x1F7F0, 0x1F80B, 0x1F810, 0x1F847, 0x1F850, 0x1F859, 0x1F860, 0x1F887, 0x1F890, 0x1F8AD,
    0x1F8B0, 0x1F8BB, 0x1F8C0, 0x1F8C1, 0x1F8D0, 0x1F8D8, 0x1F900, 0x1FA57, 0x1FA60, 0x1FA6D, 0x1FA70, 0x1FA7C,
    0x1FA80, 0x1FAC6, 0x1FAC8, 0x1FAC8, 0x1FACC, 0x1FADD, 0x1FADF, 0x1FAEB, 0x1FAEF, 0x1FAFA, 0x1FB00, 0x1FB92,
    0x1FB94, 0x1FBFA, 0x20000, 0x2A6DF, 0x2A700, 0x2B81E, 0x2B820, 0x2CEAD, 0x2CEB0, 0x2EBE0, 0x2EBF0, 0x2EE5D,
    0x2F800, 0x2FA1D, 0x30000, 0x3134A, 0x31350, 0x33479, 0x3D000, 0x3FC3F, 0xE0001, 0xE0001, 0xE0020, 0xE007F,
    0xE0100, 0xE01EF, 0xF0000, 0xFFFFD, 0x100000, 0x10FFFD,
};
static const uint32_t R_BP_Bidi_Control[] = {
    0x61C, 0x61C, 0x200E, 0x200F, 0x202A, 0x202E, 0x2066, 0x2069,
};
static const uint32_t R_BP_Bidi_Mirrored[] = {
    0x28, 0x29, 0x3C, 0x3C, 0x3E, 0x3E, 0x5B, 0x5B, 0x5D, 0x5D, 0x7B, 0x7B,
    0x7D, 0x7D, 0xAB, 0xAB, 0xBB, 0xBB, 0xF3A, 0xF3D, 0x169B, 0x169C, 0x2039, 0x203A,
    0x2045, 0x2046, 0x207D, 0x207E, 0x208D, 0x208E, 0x2140, 0x2140, 0x2201, 0x2204, 0x2208, 0x220D,
    0x2211, 0x2211, 0x2215, 0x2216, 0x221A, 0x221D, 0x221F, 0x2222, 0x2224, 0x2224, 0x2226, 0x2226,
    0x222B, 0x2233, 0x2239, 0x2239, 0x223B, 0x224C, 0x2252, 0x2255, 0x225F, 0x2260, 0x2262, 0x2262,
    0x2264, 0x226B, 0x226D, 0x228C, 0x228F, 0x2292, 0x2298, 0x2298, 0x22A2, 0x22A3, 0x22A6, 0x22B8,
    0x22BE, 0x22BF, 0x22C9, 0x22CD, 0x22D0, 0x22D1, 0x22D6, 0x22ED, 0x22F0, 0x22FF, 0x2308, 0x230B,
    0x2320, 0x2321, 0x2329, 0x232A, 0x2768, 0x2775, 0x27C0, 0x27C0, 0x27C3, 0x27C6, 0x27C8, 0x27C9,
    0x27CB, 0x27CD, 0x27D3, 0x27D6, 0x27DC, 0x27DE, 0x27E2, 0x27EF, 0x2983, 0x2998, 0x299B, 0x29A0,
    0x29A2, 0x29AF, 0x29B8, 0x29B8, 0x29C0, 0x29C5, 0x29C9, 0x29C9, 0x29CE, 0x29D2, 0x29D4, 0x29D5,
    0x29D8, 0x29DC, 0x29E1, 0x29E1, 0x29E3, 0x29E5, 0x29E8, 0x29E9, 0x29F4, 0x29F9, 0x29FC, 0x29FD,
    0x2A0A, 0x2A1C, 0x2A1E, 0x2A21, 0x2A24, 0x2A24, 0x2A26, 0x2A26, 0x2A29, 0x2A29, 0x2A2B, 0x2A2E,
    0x2A34, 0x2A35, 0x2A3C, 0x2A3E, 0x2A57, 0x2A58, 0x2A64, 0x2A65, 0x2A6A, 0x2A6D, 0x2A6F, 0x2A70,
    0x2A73, 0x2A74, 0x2A79, 0x2AA3, 0x2AA6, 0x2AAD, 0x2AAF, 0x2AD6, 0x2ADC, 0x2ADC, 0x2ADE, 0x2ADE,
    0x2AE2, 0x2AE6, 0x2AEC, 0x2AEE, 0x2AF3, 0x2AF3, 0x2AF7, 0x2AFB, 0x2AFD, 0x2AFD, 0x2BFE, 0x2BFE,
    0x2E02, 0x2E05, 0x2E09, 0x2E0A, 0x2E0C, 0x2E0D, 0x2E1C, 0x2E1D, 0x2E20, 0x2E29, 0x2E55, 0x2E5C,
    0x2E62, 0x2E63, 0x3008, 0x3011, 0x3014, 0x301B, 0xFE59, 0xFE5E, 0xFE64, 0xFE65, 0xFF08, 0xFF09,
    0xFF1C, 0xFF1C, 0xFF1E, 0xFF1E, 0xFF3B, 0xFF3B, 0xFF3D, 0xFF3D, 0xFF5B, 0xFF5B, 0xFF5D, 0xFF5D,
    0xFF5F, 0xFF60, 0xFF62, 0xFF63, 0x1CEDD, 0x1CEDF, 0x1D6DB, 0x1D6DB, 0x1D715, 0x1D715, 0x1D74F, 0x1D74F,
    0x1D789, 0x1D789, 0x1D7C3, 0x1D7C3, 0x1DB03, 0x1DB09, 0x1DB10, 0x1DB10, 0x1DB17, 0x1DB18, 0x1DB1B, 0x1DB1B,
};
static const uint32_t R_BP_Case_Ignorable[] = {
    0x27, 0x27, 0x2E, 0x2E, 0x3A, 0x3A, 0x5E, 0x5E, 0x60, 0x60, 0xA8, 0xA8,
    0xAD, 0xAD, 0xAF, 0xAF, 0xB4, 0xB4, 0xB7, 0xB8, 0x2B0, 0x36F, 0x374, 0x375,
    0x37A, 0x37A, 0x384, 0x385, 0x387, 0x387, 0x483, 0x489, 0x558, 0x559, 0x55F, 0x55F,
    0x58B, 0x58C, 0x591, 0x5BD, 0x5BF, 0x5BF, 0x5C1, 0x5C2, 0x5C4, 0x5C5, 0x5C7, 0x5C9,
    0x5F4, 0x5F4, 0x600, 0x605, 0x610, 0x61A, 0x61C, 0x61C, 0x640, 0x640, 0x64B, 0x65F,
    0x670, 0x670, 0x6D6, 0x6DD, 0x6DF, 0x6E8, 0x6EA, 0x6ED, 0x70F, 0x70F, 0x711, 0x711,
    0x730, 0x74A, 0x7A6, 0x7B0, 0x7EB, 0x7F5, 0x7FA, 0x7FA, 0x7FD, 0x7FD, 0x816, 0x82D,
    0x859, 0x85B, 0x888, 0x888, 0x890, 0x891, 0x897, 0x89F, 0x8C9, 0x902, 0x93A, 0x93A,
    0x93C, 0x93C, 0x941, 0x948, 0x94D, 0x94D, 0x951, 0x957, 0x962, 0x963, 0x971, 0x971,
    0x981, 0x981, 0x9BC, 0x9BC, 0x9C1, 0x9C4, 0x9CD, 0x9CD, 0x9E2, 0x9E3, 0x9FE, 0x9FE,
    0xA01, 0xA02, 0xA3C, 0xA3C, 0xA41, 0xA42, 0xA47, 0xA48, 0xA4B, 0xA4D, 0xA51, 0xA51,
    0xA70, 0xA71, 0xA75, 0xA75, 0xA81, 0xA82, 0xABC, 0xABC, 0xAC1, 0xAC5, 0xAC7, 0xAC8,
    0xACD, 0xACD, 0xAE2, 0xAE3, 0xAFA, 0xAFF, 0xB01, 0xB01, 0xB3C, 0xB3C, 0xB3F, 0xB3F,
    0xB41, 0xB44, 0xB4D, 0xB4D, 0xB53, 0xB56, 0xB62, 0xB63, 0xB82, 0xB82, 0xBC0, 0xBC0,
    0xBCD, 0xBCD, 0xC00, 0xC00, 0xC04, 0xC04, 0xC3C, 0xC3C, 0xC3E, 0xC40, 0xC46, 0xC48,
    0xC4A, 0xC4D, 0xC55, 0xC56, 0xC62, 0xC63, 0xC81, 0xC81, 0xCBC, 0xCBC, 0xCBF, 0xCBF,
    0xCC6, 0xCC6, 0xCCC, 0xCCD, 0xCE2, 0xCE3, 0xD00, 0xD01, 0xD3B, 0xD3C, 0xD41, 0xD44,
    0xD4D, 0xD4D, 0xD62, 0xD63, 0xD81, 0xD81, 0xDCA, 0xDCA, 0xDD2, 0xDD4, 0xDD6, 0xDD6,
    0xE31, 0xE31, 0xE34, 0xE3A, 0xE46, 0xE4E, 0xEB1, 0xEB1, 0xEB4, 0xEBC, 0xEC6, 0xEC6,
    0xEC8, 0xECE, 0xF18, 0xF19, 0xF35, 0xF35, 0xF37, 0xF37, 0xF39, 0xF39, 0xF71, 0xF7E,
    0xF80, 0xF84, 0xF86, 0xF87, 0xF8D, 0xF97, 0xF99, 0xFBC, 0xFC6, 0xFC6, 0x102D, 0x1030,
    0x1032, 0x1037, 0x1039, 0x103A, 0x103D, 0x103E, 0x1058, 0x1059, 0x105E, 0x1060, 0x1071, 0x1074,
    0x1082, 0x1082, 0x1085, 0x1086, 0x108D, 0x108D, 0x109D, 0x109D, 0x10FC, 0x10FC, 0x135D, 0x135F,
    0x1712, 0x1714, 0x1732, 0x1733, 0x1752, 0x1753, 0x1772, 0x1773, 0x17B4, 0x17B5, 0x17B7, 0x17BD,
    0x17C6, 0x17C6, 0x17C9, 0x17D3, 0x17D7, 0x17D7, 0x17DD, 0x17DD, 0x180B, 0x180F, 0x1843, 0x1843,
    0x1885, 0x1886, 0x18A9, 0x18A9, 0x1920, 0x1922, 0x1927, 0x1928, 0x1932, 0x1932, 0x1939, 0x193B,
    0x1A17, 0x1A18, 0x1A1B, 0x1A1B, 0x1A56, 0x1A56, 0x1A58, 0x1A5E, 0x1A60, 0x1A60, 0x1A62, 0x1A62,
    0x1A65, 0x1A6C, 0x1A73, 0x1A7C, 0x1A7F, 0x1A7F, 0x1AA7, 0x1AA7, 0x1AB0, 0x1AF0, 0x1B00, 0x1B03,
    0x1B34, 0x1B34, 0x1B36, 0x1B3A, 0x1B3C, 0x1B3C, 0x1B42, 0x1B42, 0x1B6B, 0x1B73, 0x1B80, 0x1B81,
    0x1BA2, 0x1BA5, 0x1BA8, 0x1BA9, 0x1BAB, 0x1BAD, 0x1BE6, 0x1BE6, 0x1BE8, 0x1BE9, 0x1BED, 0x1BED,
    0x1BEF, 0x1BF1, 0x1C2C, 0x1C33, 0x1C36, 0x1C37, 0x1C78, 0x1C7D, 0x1CD0, 0x1CD2, 0x1CD4, 0x1CE0,
    0x1CE2, 0x1CE8, 0x1CED, 0x1CED, 0x1CF4, 0x1CF4, 0x1CF8, 0x1CF9, 0x1D2C, 0x1D6A, 0x1D78, 0x1D78,
    0x1D9B, 0x1DFF, 0x1FBD, 0x1FBD, 0x1FBF, 0x1FC1, 0x1FCD, 0x1FCF, 0x1FDD, 0x1FDF, 0x1FED, 0x1FEF,
    0x1FFD, 0x1FFE, 0x200B, 0x200F, 0x2018, 0x2019, 0x2024, 0x2024, 0x2027, 0x2027, 0x202A, 0x202E,
    0x2060, 0x2064, 0x2066, 0x206F, 0x2071, 0x2071, 0x207F, 0x207F, 0x208F, 0x209F, 0x20D0, 0x20F0,
    0x2C7C, 0x2C7D, 0x2CEF, 0x2CF1, 0x2D6F, 0x2D6F, 0x2D7F, 0x2D7F, 0x2DE0, 0x2DFF, 0x2E2F, 0x2E2F,
    0x3005, 0x3005, 0x302A, 0x302D, 0x3031, 0x3035, 0x303B, 0x303B, 0x3099, 0x309E, 0x30FC, 0x30FE,
    0xA015, 0xA015, 0xA4F8, 0xA4FD, 0xA60C, 0xA60C, 0xA66F, 0xA672, 0xA674, 0xA67D, 0xA67F, 0xA67F,
    0xA69C, 0xA69F, 0xA6F0, 0xA6F1, 0xA700, 0xA721, 0xA770, 0xA770, 0xA788, 0xA78A, 0xA7F1, 0xA7F4,
    0xA7F8, 0xA7F9, 0xA802, 0xA802, 0xA806, 0xA806, 0xA80B, 0xA80B, 0xA825, 0xA826, 0xA82C, 0xA82C,
    0xA8C4, 0xA8C5, 0xA8E0, 0xA8F1, 0xA8FF, 0xA8FF, 0xA926, 0xA92D, 0xA947, 0xA951, 0xA980, 0xA982,
    0xA9B3, 0xA9B3, 0xA9B6, 0xA9B9, 0xA9BC, 0xA9BD, 0xA9CF, 0xA9CF, 0xA9E5, 0xA9E6, 0xAA29, 0xAA2E,
    0xAA31, 0xAA32, 0xAA35, 0xAA36, 0xAA43, 0xAA43, 0xAA4C, 0xAA4C, 0xAA70, 0xAA70, 0xAA7C, 0xAA7C,
    0xAAB0, 0xAAB0, 0xAAB2, 0xAAB4, 0xAAB7, 0xAAB8, 0xAABE, 0xAABF, 0xAAC1, 0xAAC1, 0xAADD, 0xAADD,
    0xAAEC, 0xAAED, 0xAAF3, 0xAAF4, 0xAAF6, 0xAAF6, 0xAB5B, 0xAB5F, 0xAB69, 0xAB6B, 0xABE5, 0xABE5,
    0xABE8, 0xABE8, 0xABED, 0xABED, 0xFB1E, 0xFB1E, 0xFBB2, 0xFBC2, 0xFE00, 0xFE0F, 0xFE13, 0xFE13,
    0xFE20, 0xFE2F, 0xFE52, 0xFE52, 0xFE55, 0xFE55, 0xFEFF, 0xFEFF, 0xFF07, 0xFF07, 0xFF0E, 0xFF0E,
    0xFF1A, 0xFF1A, 0xFF3E, 0xFF3E, 0xFF40, 0xFF40, 0xFF70, 0xFF70, 0xFF9E, 0xFF9F, 0xFFE3, 0xFFE3,
    0xFFF9, 0xFFFB, 0x101FD, 0x101FD, 0x102E0, 0x102E0, 0x10376, 0x1037A, 0x10780, 0x10785, 0x10787, 0x107B0,
    0x107B2, 0x107BF, 0x10A01, 0x10A03, 0x10A05, 0x10A06, 0x10A0C, 0x10A0F, 0x10A38, 0x10A3A, 0x10A3F, 0x10A3F,
    0x10AE5, 0x10AE6, 0x10D24, 0x10D27, 0x10D4E, 0x10D4E, 0x10D69, 0x10D6D, 0x10D6F, 0x10D6F, 0x10EAB, 0x10EAC,
    0x10EC5, 0x10EC5, 0x10EC9, 0x10ECF, 0x10EF0, 0x10EFF, 0x10F46, 0x10F50, 0x10F82, 0x10F85, 0x11001, 0x11001,
    0x11038, 0x11046, 0x11070, 0x11070, 0x11073, 0x11074, 0x1107F, 0x11081, 0x110B3, 0x110B6, 0x110B9, 0x110BA,
    0x110BD, 0x110BD, 0x110C2, 0x110C2, 0x110CD, 0x110CD, 0x11100, 0x11102, 0x11127, 0x1112B, 0x1112D, 0x11134,
    0x11173, 0x11173, 0x11180, 0x11181, 0x111B6, 0x111BE, 0x111C9, 0x111CC, 0x111CF, 0x111CF, 0x1122F, 0x11231,
    0x11234, 0x11234, 0x11236, 0x11237, 0x1123E, 0x1123E, 0x11241, 0x11241, 0x112DF, 0x112DF, 0x112E3, 0x112EA,
    0x11300, 0x11301, 0x1133B, 0x1133C, 0x11340, 0x11340, 0x11366, 0x1136C, 0x11370, 0x11374, 0x113BB, 0x113C0,
    0x113CE, 0x113CE, 0x113D0, 0x113D0, 0x113D2, 0x113D2, 0x113E1, 0x113E2, 0x11438, 0x1143F, 0x11442, 0x11444,
    0x11446, 0x11446, 0x1145E, 0x1145E, 0x114B3, 0x114B8, 0x114BA, 0x114BA, 0x114BF, 0x114C0, 0x114C2, 0x114C3,
    0x115B2, 0x115B5, 0x115BC, 0x115BD, 0x115BF, 0x115C0, 0x115DC, 0x115DD, 0x11633, 0x1163A, 0x1163D, 0x1163D,
    0x1163F, 0x11640, 0x116AB, 0x116AB, 0x116AD, 0x116AD, 0x116B0, 0x116B5, 0x116B7, 0x116B7, 0x1171D, 0x1171D,
    0x1171F, 0x1171F, 0x11722, 0x11725, 0x11727, 0x1172B, 0x1182F, 0x11837, 0x11839, 0x1183A, 0x1193B, 0x1193C,
    0x1193E, 0x1193E, 0x11943, 0x11943, 0x119D4, 0x119D7, 0x119DA, 0x119DB, 0x119E0, 0x119E0, 0x11A01, 0x11A0A,
    0x11A33, 0x11A38, 0x11A3B, 0x11A3E, 0x11A47, 0x11A47, 0x11A51, 0x11A56, 0x11A59, 0x11A5B, 0x11A8A, 0x11A96,
    0x11A98, 0x11A99, 0x11B60, 0x11B60, 0x11B62, 0x11B64, 0x11B66, 0x11B66, 0x11C30, 0x11C36, 0x11C38, 0x11C3D,
    0x11C3F, 0x11C3F, 0x11C92, 0x11CA7, 0x11CAA, 0x11CB0, 0x11CB2, 0x11CB3, 0x11CB5, 0x11CB6, 0x11D31, 0x11D36,
    0x11D3A, 0x11D3A, 0x11D3C, 0x11D3D, 0x11D3F, 0x11D45, 0x11D47, 0x11D47, 0x11D90, 0x11D91, 0x11D95, 0x11D95,
    0x11D97, 0x11D97, 0x11DD9, 0x11DD9, 0x11DF0, 0x11DF0, 0x11EF3, 0x11EF4, 0x11F00, 0x11F01, 0x11F36, 0x11F3A,
    0x11F40, 0x11F40, 0x11F42, 0x11F42, 0x11F5A, 0x11F5A, 0x13430, 0x13440, 0x13447, 0x13455, 0x1611E, 0x16129,
    0x1612D, 0x1612F, 0x16AF0, 0x16AF4, 0x16B30, 0x16B36, 0x16B40, 0x16B43, 0x16D40, 0x16D42, 0x16D6B, 0x16D6C,
    0x16F4F, 0x16F4F, 0x16F8F, 0x16F9F, 0x16FE0, 0x16FE1, 0x16FE3, 0x16FE4, 0x16FF2, 0x16FF3, 0x1AFF0, 0x1AFF3,
    0x1AFF5, 0x1AFFB, 0x1AFFD, 0x1AFFE, 0x1BC9D, 0x1BC9E, 0x1BCA0, 0x1BCA3, 0x1CF00, 0x1CF2D, 0x1CF30, 0x1CF46,
    0x1D127, 0x1D128, 0x1D167, 0x1D169, 0x1D173, 0x1D182, 0x1D185, 0x1D18B, 0x1D1AA, 0x1D1AD, 0x1D242, 0x1D244,
    0x1D25B, 0x1D25C, 0x1DA00, 0x1DA36, 0x1DA3B, 0x1DA6C, 0x1DA75, 0x1DA75, 0x1DA84, 0x1DA84, 0x1DA9B, 0x1DA9F,
    0x1DAA1, 0x1DAAF, 0x1DFCD, 0x1E006, 0x1E008, 0x1E018, 0x1E01B, 0x1E021, 0x1E023, 0x1E024, 0x1E026, 0x1E02A,
    0x1E030, 0x1E06D, 0x1E08F, 0x1E08F, 0x1E130, 0x1E13D, 0x1E2AE, 0x1E2AE, 0x1E2EC, 0x1E2EF, 0x1E4EB, 0x1E4EF,
    0x1E5EE, 0x1E5EF, 0x1E6E3, 0x1E6E3, 0x1E6E6, 0x1E6E6, 0x1E6EE, 0x1E6EF, 0x1E6F5, 0x1E6F5, 0x1E6FF, 0x1E6FF,
    0x1E8D0, 0x1E8D6, 0x1E944, 0x1E94B, 0x1F3FB, 0x1F3FF, 0xE0001, 0xE0001, 0xE0020, 0xE007F, 0xE0100, 0xE01EF,
};
static const uint32_t R_BP_Cased[] = {
    0x41, 0x5A, 0x61, 0x7A, 0xAA, 0xAA, 0xB5, 0xB5, 0xBA, 0xBA, 0xC0, 0xD6,
    0xD8, 0xF6, 0xF8, 0x1BA, 0x1BC, 0x1BF, 0x1C4, 0x293, 0x296, 0x2B8, 0x2C0, 0x2C1,
    0x2E0, 0x2E4, 0x345, 0x345, 0x370, 0x373, 0x376, 0x377, 0x37A, 0x37D, 0x37F, 0x37F,
    0x386, 0x386, 0x388, 0x38A, 0x38C, 0x38C, 0x38E, 0x3A1, 0x3A3, 0x3F5, 0x3F7, 0x481,
    0x48A, 0x52F, 0x531, 0x556, 0x558, 0x558, 0x560, 0x588, 0x58B, 0x58C, 0x10A0, 0x10C5,
    0x10C7, 0x10C7, 0x10CD, 0x10CD, 0x10D0, 0x10FA, 0x10FC, 0x10FF, 0x13A0, 0x13F5, 0x13F8, 0x13FD,
    0x1C80, 0x1C8A, 0x1C90, 0x1CBA, 0x1CBD, 0x1CBF, 0x1D00, 0x1DBF, 0x1E00, 0x1F15, 0x1F18, 0x1F1D,
    0x1F20, 0x1F45, 0x1F48, 0x1F4D, 0x1F50, 0x1F57, 0x1F59, 0x1F59, 0x1F5B, 0x1F5B, 0x1F5D, 0x1F5D,
    0x1F5F, 0x1F7D, 0x1F80, 0x1FB4, 0x1FB6, 0x1FBC, 0x1FBE, 0x1FBE, 0x1FC2, 0x1FC4, 0x1FC6, 0x1FCC,
    0x1FD0, 0x1FD3, 0x1FD6, 0x1FDB, 0x1FE0, 0x1FEC, 0x1FF2, 0x1FF4, 0x1FF6, 0x1FFC, 0x2071, 0x2071,
    0x207F, 0x207F, 0x2090, 0x209F, 0x2102, 0x2102, 0x2107, 0x2107, 0x210A, 0x2113, 0x2115, 0x2115,
    0x2119, 0x211D, 0x2124, 0x2124, 0x2126, 0x2126, 0x2128, 0x2128, 0x212A, 0x212D, 0x212F, 0x2134,
    0x2139, 0x2139, 0x213C, 0x213F, 0x2145, 0x2149, 0x214E, 0x214E, 0x2160, 0x217F, 0x2183, 0x2184,
    0x24B6, 0x24E9, 0x2C00, 0x2CE4, 0x2CEB, 0x2CEE, 0x2CF2, 0x2CF3, 0x2D00, 0x2D25, 0x2D27, 0x2D27,
    0x2D2D, 0x2D2D, 0xA640, 0xA66D, 0xA680, 0xA69D, 0xA722, 0xA787, 0xA78B, 0xA78E, 0xA790, 0xA7DD,
    0xA7E2, 0xA7E2, 0xA7F1, 0xA7F6, 0xA7F8, 0xA7FA, 0xAB30, 0xAB5A, 0xAB5C, 0xAB69, 0xAB6C, 0xAB6D,
    0xAB70, 0xABBF, 0xFB00, 0xFB06, 0xFB13, 0xFB17, 0xFF21, 0xFF3A, 0xFF41, 0xFF5A, 0x10400, 0x1044F,
    0x104B0, 0x104D3, 0x104D8, 0x104FB, 0x10570, 0x1057A, 0x1057C, 0x1058A, 0x1058C, 0x10592, 0x10594, 0x10595,
    0x10597, 0x105A1, 0x105A3, 0x105B1, 0x105B3, 0x105B9, 0x105BB, 0x105BC, 0x10780, 0x10780, 0x10783, 0x10785,
    0x10787, 0x107B0, 0x107B2, 0x107BF, 0x10C80, 0x10CB2, 0x10CC0, 0x10CF2, 0x10D50, 0x10D65, 0x10D70, 0x10D85,
    0x118A0, 0x118DF, 0x16E40, 0x16E7F, 0x16EA0, 0x16EB8, 0x16EBB, 0x16ED3, 0x1D400, 0x1D454, 0x1D456, 0x1D49C,
    0x1D49E, 0x1D49F, 0x1D4A2, 0x1D4A2, 0x1D4A5, 0x1D4A6, 0x1D4A9, 0x1D4AC, 0x1D4AE, 0x1D4B9, 0x1D4BB, 0x1D4BB,
    0x1D4BD, 0x1D4C3, 0x1D4C5, 0x1D505, 0x1D507, 0x1D50A, 0x1D50D, 0x1D514, 0x1D516, 0x1D51C, 0x1D51E, 0x1D539,
    0x1D53B, 0x1D53E, 0x1D540, 0x1D544, 0x1D546, 0x1D546, 0x1D54A, 0x1D550, 0x1D552, 0x1D6A6, 0x1D6A8, 0x1D6C0,
    0x1D6C2, 0x1D6DA, 0x1D6DC, 0x1D6FA, 0x1D6FC, 0x1D714, 0x1D716, 0x1D734, 0x1D736, 0x1D74E, 0x1D750, 0x1D76E,
    0x1D770, 0x1D788, 0x1D78A, 0x1D7A8, 0x1D7AA, 0x1D7C2, 0x1D7C4, 0x1D7CB, 0x1DF00, 0x1DF09, 0x1DF0B, 0x1DF7F,
    0x1DF90, 0x1DF96, 0x1DFCD, 0x1DFFF, 0x1E030, 0x1E06D, 0x1E900, 0x1E943, 0x1F130, 0x1F149, 0x1F150, 0x1F169,
    0x1F170, 0x1F189,
};
static const uint32_t R_BP_Changes_When_Casefolded[] = {
    0x41, 0x5A, 0xB5, 0xB5, 0xC0, 0xD6, 0xD8, 0xDF, 0x100, 0x100, 0x102, 0x102,
    0x104, 0x104, 0x106, 0x106, 0x108, 0x108, 0x10A, 0x10A, 0x10C, 0x10C, 0x10E, 0x10E,
    0x110, 0x110, 0x112, 0x112, 0x114, 0x114, 0x116, 0x116, 0x118, 0x118, 0x11A, 0x11A,
    0x11C, 0x11C, 0x11E, 0x11E, 0x120, 0x120, 0x122, 0x122, 0x124, 0x124, 0x126, 0x126,
    0x128, 0x128, 0x12A, 0x12A, 0x12C, 0x12C, 0x12E, 0x12E, 0x130, 0x130, 0x132, 0x132,
    0x134, 0x134, 0x136, 0x136, 0x139, 0x139, 0x13B, 0x13B, 0x13D, 0x13D, 0x13F, 0x13F,
    0x141, 0x141, 0x143, 0x143, 0x145, 0x145, 0x147, 0x147, 0x149, 0x14A, 0x14C, 0x14C,
    0x14E, 0x14E, 0x150, 0x150, 0x152, 0x152, 0x154, 0x154, 0x156, 0x156, 0x158, 0x158,
    0x15A, 0x15A, 0x15C, 0x15C, 0x15E, 0x15E, 0x160, 0x160, 0x162, 0x162, 0x164, 0x164,
    0x166, 0x166, 0x168, 0x168, 0x16A, 0x16A, 0x16C, 0x16C, 0x16E, 0x16E, 0x170, 0x170,
    0x172, 0x172, 0x174, 0x174, 0x176, 0x176, 0x178, 0x179, 0x17B, 0x17B, 0x17D, 0x17D,
    0x17F, 0x17F, 0x181, 0x182, 0x184, 0x184, 0x186, 0x187, 0x189, 0x18B, 0x18E, 0x191,
    0x193, 0x194, 0x196, 0x198, 0x19C, 0x19D, 0x19F, 0x1A0, 0x1A2, 0x1A2, 0x1A4, 0x1A4,
    0x1A6, 0x1A7, 0x1A9, 0x1A9, 0x1AC, 0x1AC, 0x1AE, 0x1AF, 0x1B1, 0x1B3, 0x1B5, 0x1B5,
    0x1B7, 0x1B8, 0x1BC, 0x1BC, 0x1C4, 0x1C5, 0x1C7, 0x1C8, 0x1CA, 0x1CB, 0x1CD, 0x1CD,
    0x1CF, 0x1CF, 0x1D1, 0x1D1, 0x1D3, 0x1D3, 0x1D5, 0x1D5, 0x1D7, 0x1D7, 0x1D9, 0x1D9,
    0x1DB, 0x1DB, 0x1DE, 0x1DE, 0x1E0, 0x1E0, 0x1E2, 0x1E2, 0x1E4, 0x1E4, 0x1E6, 0x1E6,
    0x1E8, 0x1E8, 0x1EA, 0x1EA, 0x1EC, 0x1EC, 0x1EE, 0x1EE, 0x1F1, 0x1F2, 0x1F4, 0x1F4,
    0x1F6, 0x1F8, 0x1FA, 0x1FA, 0x1FC, 0x1FC, 0x1FE, 0x1FE, 0x200, 0x200, 0x202, 0x202,
    0x204, 0x204, 0x206, 0x206, 0x208, 0x208, 0x20A, 0x20A, 0x20C, 0x20C, 0x20E, 0x20E,
    0x210, 0x210, 0x212, 0x212, 0x214, 0x214, 0x216, 0x216, 0x218, 0x218, 0x21A, 0x21A,
    0x21C, 0x21C, 0x21E, 0x21E, 0x220, 0x220, 0x222, 0x222, 0x224, 0x224, 0x226, 0x226,
    0x228, 0x228, 0x22A, 0x22A, 0x22C, 0x22C, 0x22E, 0x22E, 0x230, 0x230, 0x232, 0x232,
    0x23A, 0x23B, 0x23D, 0x23E, 0x241, 0x241, 0x243, 0x246, 0x248, 0x248, 0x24A, 0x24A,
    0x24C, 0x24C, 0x24E, 0x24E, 0x345, 0x345, 0x370, 0x370, 0x372, 0x372, 0x376, 0x376,
    0x37F, 0x37F, 0x386, 0x386, 0x388, 0x38A, 0x38C, 0x38C, 0x38E, 0x38F, 0x391, 0x3A1,
    0x3A3, 0x3AB, 0x3C2, 0x3C2, 0x3CF, 0x3D1, 0x3D5, 0x3D6, 0x3D8, 0x3D8, 0x3DA, 0x3DA,
    0x3DC, 0x3DC, 0x3DE, 0x3DE, 0x3E0, 0x3E0, 0x3E2, 0x3E2, 0x3E4, 0x3E4, 0x3E6, 0x3E6,
    0x3E8, 0x3E8, 0x3EA, 0x3EA, 0x3EC, 0x3EC, 0x3EE, 0x3EE, 0x3F0, 0x3F1, 0x3F4, 0x3F5,
    0x3F7, 0x3F7, 0x3F9, 0x3FA, 0x3FD, 0x42F, 0x460, 0x460, 0x462, 0x462, 0x464, 0x464,
    0x466, 0x466, 0x468, 0x468, 0x46A, 0x46A, 0x46C, 0x46C, 0x46E, 0x46E, 0x470, 0x470,
    0x472, 0x472, 0x474, 0x474, 0x476, 0x476, 0x478, 0x478, 0x47A, 0x47A, 0x47C, 0x47C,
    0x47E, 0x47E, 0x480, 0x480, 0x48A, 0x48A, 0x48C, 0x48C, 0x48E, 0x48E, 0x490, 0x490,
    0x492, 0x492, 0x494, 0x494, 0x496, 0x496, 0x498, 0x498, 0x49A, 0x49A, 0x49C, 0x49C,
    0x49E, 0x49E, 0x4A0, 0x4A0, 0x4A2, 0x4A2, 0x4A4, 0x4A4, 0x4A6, 0x4A6, 0x4A8, 0x4A8,
    0x4AA, 0x4AA, 0x4AC, 0x4AC, 0x4AE, 0x4AE, 0x4B0, 0x4B0, 0x4B2, 0x4B2, 0x4B4, 0x4B4,
    0x4B6, 0x4B6, 0x4B8, 0x4B8, 0x4BA, 0x4BA, 0x4BC, 0x4BC, 0x4BE, 0x4BE, 0x4C0, 0x4C1,
    0x4C3, 0x4C3, 0x4C5, 0x4C5, 0x4C7, 0x4C7, 0x4C9, 0x4C9, 0x4CB, 0x4CB, 0x4CD, 0x4CD,
    0x4D0, 0x4D0, 0x4D2, 0x4D2, 0x4D4, 0x4D4, 0x4D6, 0x4D6, 0x4D8, 0x4D8, 0x4DA, 0x4DA,
    0x4DC, 0x4DC, 0x4DE, 0x4DE, 0x4E0, 0x4E0, 0x4E2, 0x4E2, 0x4E4, 0x4E4, 0x4E6, 0x4E6,
    0x4E8, 0x4E8, 0x4EA, 0x4EA, 0x4EC, 0x4EC, 0x4EE, 0x4EE, 0x4F0, 0x4F0, 0x4F2, 0x4F2,
    0x4F4, 0x4F4, 0x4F6, 0x4F6, 0x4F8, 0x4F8, 0x4FA, 0x4FA, 0x4FC, 0x4FC, 0x4FE, 0x4FE,
    0x500, 0x500, 0x502, 0x502, 0x504, 0x504, 0x506, 0x506, 0x508, 0x508, 0x50A, 0x50A,
    0x50C, 0x50C, 0x50E, 0x50E, 0x510, 0x510, 0x512, 0x512, 0x514, 0x514, 0x516, 0x516,
    0x518, 0x518, 0x51A, 0x51A, 0x51C, 0x51C, 0x51E, 0x51E, 0x520, 0x520, 0x522, 0x522,
    0x524, 0x524, 0x526, 0x526, 0x528, 0x528, 0x52A, 0x52A, 0x52C, 0x52C, 0x52E, 0x52E,
    0x531, 0x556, 0x587, 0x587, 0x10A0, 0x10C5, 0x10C7, 0x10C7, 0x10CD, 0x10CD, 0x13F8, 0x13FD,
    0x1C80, 0x1C89, 0x1C90, 0x1CBA, 0x1CBD, 0x1CBF, 0x1E00, 0x1E00, 0x1E02, 0x1E02, 0x1E04, 0x1E04,
    0x1E06, 0x1E06, 0x1E08, 0x1E08, 0x1E0A, 0x1E0A, 0x1E0C, 0x1E0C, 0x1E0E, 0x1E0E, 0x1E10, 0x1E10,
    0x1E12, 0x1E12, 0x1E14, 0x1E14, 0x1E16, 0x1E16, 0x1E18, 0x1E18, 0x1E1A, 0x1E1A, 0x1E1C, 0x1E1C,
    0x1E1E, 0x1E1E, 0x1E20, 0x1E20, 0x1E22, 0x1E22, 0x1E24, 0x1E24, 0x1E26, 0x1E26, 0x1E28, 0x1E28,
    0x1E2A, 0x1E2A, 0x1E2C, 0x1E2C, 0x1E2E, 0x1E2E, 0x1E30, 0x1E30, 0x1E32, 0x1E32, 0x1E34, 0x1E34,
    0x1E36, 0x1E36, 0x1E38, 0x1E38, 0x1E3A, 0x1E3A, 0x1E3C, 0x1E3C, 0x1E3E, 0x1E3E, 0x1E40, 0x1E40,
    0x1E42, 0x1E42, 0x1E44, 0x1E44, 0x1E46, 0x1E46, 0x1E48, 0x1E48, 0x1E4A, 0x1E4A, 0x1E4C, 0x1E4C,
    0x1E4E, 0x1E4E, 0x1E50, 0x1E50, 0x1E52, 0x1E52, 0x1E54, 0x1E54, 0x1E56, 0x1E56, 0x1E58, 0x1E58,
    0x1E5A, 0x1E5A, 0x1E5C, 0x1E5C, 0x1E5E, 0x1E5E, 0x1E60, 0x1E60, 0x1E62, 0x1E62, 0x1E64, 0x1E64,
    0x1E66, 0x1E66, 0x1E68, 0x1E68, 0x1E6A, 0x1E6A, 0x1E6C, 0x1E6C, 0x1E6E, 0x1E6E, 0x1E70, 0x1E70,
    0x1E72, 0x1E72, 0x1E74, 0x1E74, 0x1E76, 0x1E76, 0x1E78, 0x1E78, 0x1E7A, 0x1E7A, 0x1E7C, 0x1E7C,
    0x1E7E, 0x1E7E, 0x1E80, 0x1E80, 0x1E82, 0x1E82, 0x1E84, 0x1E84, 0x1E86, 0x1E86, 0x1E88, 0x1E88,
    0x1E8A, 0x1E8A, 0x1E8C, 0x1E8C, 0x1E8E, 0x1E8E, 0x1E90, 0x1E90, 0x1E92, 0x1E92, 0x1E94, 0x1E94,
    0x1E9A, 0x1E9B, 0x1E9E, 0x1E9E, 0x1EA0, 0x1EA0, 0x1EA2, 0x1EA2, 0x1EA4, 0x1EA4, 0x1EA6, 0x1EA6,
    0x1EA8, 0x1EA8, 0x1EAA, 0x1EAA, 0x1EAC, 0x1EAC, 0x1EAE, 0x1EAE, 0x1EB0, 0x1EB0, 0x1EB2, 0x1EB2,
    0x1EB4, 0x1EB4, 0x1EB6, 0x1EB6, 0x1EB8, 0x1EB8, 0x1EBA, 0x1EBA, 0x1EBC, 0x1EBC, 0x1EBE, 0x1EBE,
    0x1EC0, 0x1EC0, 0x1EC2, 0x1EC2, 0x1EC4, 0x1EC4, 0x1EC6, 0x1EC6, 0x1EC8, 0x1EC8, 0x1ECA, 0x1ECA,
    0x1ECC, 0x1ECC, 0x1ECE, 0x1ECE, 0x1ED0, 0x1ED0, 0x1ED2, 0x1ED2, 0x1ED4, 0x1ED4, 0x1ED6, 0x1ED6,
    0x1ED8, 0x1ED8, 0x1EDA, 0x1EDA, 0x1EDC, 0x1EDC, 0x1EDE, 0x1EDE, 0x1EE0, 0x1EE0, 0x1EE2, 0x1EE2,
    0x1EE4, 0x1EE4, 0x1EE6, 0x1EE6, 0x1EE8, 0x1EE8, 0x1EEA, 0x1EEA, 0x1EEC, 0x1EEC, 0x1EEE, 0x1EEE,
    0x1EF0, 0x1EF0, 0x1EF2, 0x1EF2, 0x1EF4, 0x1EF4, 0x1EF6, 0x1EF6, 0x1EF8, 0x1EF8, 0x1EFA, 0x1EFA,
    0x1EFC, 0x1EFC, 0x1EFE, 0x1EFE, 0x1F08, 0x1F0F, 0x1F18, 0x1F1D, 0x1F28, 0x1F2F, 0x1F38, 0x1F3F,
    0x1F48, 0x1F4D, 0x1F59, 0x1F59, 0x1F5B, 0x1F5B, 0x1F5D, 0x1F5D, 0x1F5F, 0x1F5F, 0x1F68, 0x1F6F,
    0x1F80, 0x1FAF, 0x1FB2, 0x1FB4, 0x1FB7, 0x1FBC, 0x1FC2, 0x1FC4, 0x1FC7, 0x1FCC, 0x1FD8, 0x1FDB,
    0x1FE8, 0x1FEC, 0x1FF2, 0x1FF4, 0x1FF7, 0x1FFC, 0x2126, 0x2126, 0x212A, 0x212B, 0x2132, 0x2132,
    0x2160, 0x216F, 0x2183, 0x2183, 0x24B6, 0x24CF, 0x2C00, 0x2C2F, 0x2C60, 0x2C60, 0x2C62, 0x2C64,
    0x2C67, 0x2C67, 0x2C69, 0x2C69, 0x2C6B, 0x2C6B, 0x2C6D, 0x2C70, 0x2C72, 0x2C72, 0x2C75, 0x2C75,
    0x2C7E, 0x2C80, 0x2C82, 0x2C82, 0x2C84, 0x2C84, 0x2C86, 0x2C86, 0x2C88, 0x2C88, 0x2C8A, 0x2C8A,
    0x2C8C, 0x2C8C, 0x2C8E, 0x2C8E, 0x2C90, 0x2C90, 0x2C92, 0x2C92, 0x2C94, 0x2C94, 0x2C96, 0x2C96,
    0x2C98, 0x2C98, 0x2C9A, 0x2C9A, 0x2C9C, 0x2C9C, 0x2C9E, 0x2C9E, 0x2CA0, 0x2CA0, 0x2CA2, 0x2CA2,
    0x2CA4, 0x2CA4, 0x2CA6, 0x2CA6, 0x2CA8, 0x2CA8, 0x2CAA, 0x2CAA, 0x2CAC, 0x2CAC, 0x2CAE, 0x2CAE,
    0x2CB0, 0x2CB0, 0x2CB2, 0x2CB2, 0x2CB4, 0x2CB4, 0x2CB6, 0x2CB6, 0x2CB8, 0x2CB8, 0x2CBA, 0x2CBA,
    0x2CBC, 0x2CBC, 0x2CBE, 0x2CBE, 0x2CC0, 0x2CC0, 0x2CC2, 0x2CC2, 0x2CC4, 0x2CC4, 0x2CC6, 0x2CC6,
    0x2CC8, 0x2CC8, 0x2CCA, 0x2CCA, 0x2CCC, 0x2CCC, 0x2CCE, 0x2CCE, 0x2CD0, 0x2CD0, 0x2CD2, 0x2CD2,
    0x2CD4, 0x2CD4, 0x2CD6, 0x2CD6, 0x2CD8, 0x2CD8, 0x2CDA, 0x2CDA, 0x2CDC, 0x2CDC, 0x2CDE, 0x2CDE,
    0x2CE0, 0x2CE0, 0x2CE2, 0x2CE2, 0x2CEB, 0x2CEB, 0x2CED, 0x2CED, 0x2CF2, 0x2CF2, 0xA640, 0xA640,
    0xA642, 0xA642, 0xA644, 0xA644, 0xA646, 0xA646, 0xA648, 0xA648, 0xA64A, 0xA64A, 0xA64C, 0xA64C,
    0xA64E, 0xA64E, 0xA650, 0xA650, 0xA652, 0xA652, 0xA654, 0xA654, 0xA656, 0xA656, 0xA658, 0xA658,
    0xA65A, 0xA65A, 0xA65C, 0xA65C, 0xA65E, 0xA65E, 0xA660, 0xA660, 0xA662, 0xA662, 0xA664, 0xA664,
    0xA666, 0xA666, 0xA668, 0xA668, 0xA66A, 0xA66A, 0xA66C, 0xA66C, 0xA680, 0xA680, 0xA682, 0xA682,
    0xA684, 0xA684, 0xA686, 0xA686, 0xA688, 0xA688, 0xA68A, 0xA68A, 0xA68C, 0xA68C, 0xA68E, 0xA68E,
    0xA690, 0xA690, 0xA692, 0xA692, 0xA694, 0xA694, 0xA696, 0xA696, 0xA698, 0xA698, 0xA69A, 0xA69A,
    0xA722, 0xA722, 0xA724, 0xA724, 0xA726, 0xA726, 0xA728, 0xA728, 0xA72A, 0xA72A, 0xA72C, 0xA72C,
    0xA72E, 0xA72E, 0xA732, 0xA732, 0xA734, 0xA734, 0xA736, 0xA736, 0xA738, 0xA738, 0xA73A, 0xA73A,
    0xA73C, 0xA73C, 0xA73E, 0xA73E, 0xA740, 0xA740, 0xA742, 0xA742, 0xA744, 0xA744, 0xA746, 0xA746,
    0xA748, 0xA748, 0xA74A, 0xA74A, 0xA74C, 0xA74C, 0xA74E, 0xA74E, 0xA750, 0xA750, 0xA752, 0xA752,
    0xA754, 0xA754, 0xA756, 0xA756, 0xA758, 0xA758, 0xA75A, 0xA75A, 0xA75C, 0xA75C, 0xA75E, 0xA75E,
    0xA760, 0xA760, 0xA762, 0xA762, 0xA764, 0xA764, 0xA766, 0xA766, 0xA768, 0xA768, 0xA76A, 0xA76A,
    0xA76C, 0xA76C, 0xA76E, 0xA76E, 0xA779, 0xA779, 0xA77B, 0xA77B, 0xA77D, 0xA77E, 0xA780, 0xA780,
    0xA782, 0xA782, 0xA784, 0xA784, 0xA786, 0xA786, 0xA78B, 0xA78B, 0xA78D, 0xA78D, 0xA790, 0xA790,
    0xA792, 0xA792, 0xA796, 0xA796, 0xA798, 0xA798, 0xA79A, 0xA79A, 0xA79C, 0xA79C, 0xA79E, 0xA79E,
    0xA7A0, 0xA7A0, 0xA7A2, 0xA7A2, 0xA7A4, 0xA7A4, 0xA7A6, 0xA7A6, 0xA7A8, 0xA7A8, 0xA7AA, 0xA7AE,
    0xA7B0, 0xA7B4, 0xA7B6, 0xA7B6, 0xA7B8, 0xA7B8, 0xA7BA, 0xA7BA, 0xA7BC, 0xA7BC, 0xA7BE, 0xA7BE,
    0xA7C0, 0xA7C0, 0xA7C2, 0xA7C2, 0xA7C4, 0xA7C7, 0xA7C9, 0xA7C9, 0xA7CB, 0xA7CC, 0xA7CE, 0xA7CE,
    0xA7D0, 0xA7D0, 0xA7D2, 0xA7D2, 0xA7D4, 0xA7D4, 0xA7D6, 0xA7D6, 0xA7D8, 0xA7D8, 0xA7DA, 0xA7DA,
    0xA7DC, 0xA7DD, 0xA7E2, 0xA7E2, 0xA7F5, 0xA7F5, 0xAB6C, 0xAB6D, 0xAB70, 0xABBF, 0xFB00, 0xFB06,
    0xFB13, 0xFB17, 0xFF21, 0xFF3A, 0x10400, 0x10427, 0x104B0, 0x104D3, 0x10570, 0x1057A, 0x1057C, 0x1058A,
    0x1058C, 0x10592, 0x10594, 0x10595, 0x10C80, 0x10CB2, 0x10D50, 0x10D65, 0x118A0, 0x118BF, 0x16E40, 0x16E5F,
    0x16EA0, 0x16EB8, 0x1DF40, 0x1DF40, 0x1DF48, 0x1DF48, 0x1DF4A, 0x1DF4A, 0x1DF4D, 0x1DF4D, 0x1DF51, 0x1DF51,
    0x1DF68, 0x1DF68, 0x1DF6A, 0x1DF6A, 0x1DF6C, 0x1DF6C, 0x1DF6E, 0x1DF6E, 0x1DF72, 0x1DF72, 0x1DF74, 0x1DF74,
    0x1DF76, 0x1DF76, 0x1DF78, 0x1DF78, 0x1DF7A, 0x1DF7A, 0x1DF7C, 0x1DF7C, 0x1DF7E, 0x1DF7E, 0x1DF95, 0x1DF95,
    0x1E900, 0x1E921,
};
static const uint32_t R_BP_Changes_When_Casemapped[] = {
    0x41, 0x5A, 0x61, 0x7A, 0xB5, 0xB5, 0xC0, 0xD6, 0xD8, 0xF6, 0xF8, 0x137,
    0x139, 0x18C, 0x18E, 0x1A9, 0x1AC, 0x1B9, 0x1BC, 0x1BD, 0x1BF, 0x1BF, 0x1C4, 0x220,
    0x222, 0x233, 0x23A, 0x254, 0x256, 0x257, 0x259, 0x259, 0x25B, 0x25C, 0x260, 0x261,
    0x263, 0x266, 0x268, 0x26C, 0x26F, 0x26F, 0x271, 0x272, 0x275, 0x275, 0x277, 0x277,
    0x27C, 0x27D, 0x280, 0x280, 0x282, 0x283, 0x287, 0x28C, 0x292, 0x292, 0x29D, 0x29E,
    0x345, 0x345, 0x370, 0x373, 0x376, 0x377, 0x37B, 0x37D, 0x37F, 0x37F, 0x386, 0x386,
    0x388, 0x38A, 0x38C, 0x38C, 0x38E, 0x3A1, 0x3A3, 0x3D1, 0x3D5, 0x3F5, 0x3F7, 0x3FB,
    0x3FD, 0x481, 0x48A, 0x52F, 0x531, 0x556, 0x561, 0x587, 0x10A0, 0x10C5, 0x10C7, 0x10C7,
    0x10CD, 0x10CD, 0x10D0, 0x10FA, 0x10FD, 0x10FF, 0x13A0, 0x13F5, 0x13F8, 0x13FD, 0x1C80, 0x1C8A,
    0x1C90, 0x1CBA, 0x1CBD, 0x1CBF, 0x1D79, 0x1D79, 0x1D7D, 0x1D7D, 0x1D8E, 0x1D8E, 0x1E00, 0x1E9B,
    0x1E9E, 0x1E9E, 0x1EA0, 0x1F15, 0x1F18, 0x1F1D, 0x1F20, 0x1F45, 0x1F48, 0x1F4D, 0x1F50, 0x1F57,
    0x1F59, 0x1F59, 0x1F5B, 0x1F5B, 0x1F5D, 0x1F5D, 0x1F5F, 0x1F7D, 0x1F80, 0x1FB4, 0x1FB6, 0x1FBC,
    0x1FBE, 0x1FBE, 0x1FC2, 0x1FC4, 0x1FC6, 0x1FCC, 0x1FD0, 0x1FD3, 0x1FD6, 0x1FDB, 0x1FE0, 0x1FEC,
    0x1FF2, 0x1FF4, 0x1FF6, 0x1FFC, 0x2126, 0x2126, 0x212A, 0x212B, 0x2132, 0x2132, 0x214E, 0x214E,
    0x2160, 0x217F, 0x2183, 0x2184, 0x24B6, 0x24E9, 0x2C00, 0x2C70, 0x2C72, 0x2C73, 0x2C75, 0x2C76,
    0x2C7E, 0x2CE3, 0x2CEB, 0x2CEE, 0x2CF2, 0x2CF3, 0x2D00, 0x2D25, 0x2D27, 0x2D27, 0x2D2D, 0x2D2D,
    0xA640, 0xA66D, 0xA680, 0xA69B, 0xA722, 0xA72F, 0xA732, 0xA76F, 0xA779, 0xA787, 0xA78B, 0xA78D,
    0xA790, 0xA794, 0xA796, 0xA7AE, 0xA7B0, 0xA7DD, 0xA7E2, 0xA7E2, 0xA7F5, 0xA7F6, 0xAB4B, 0xAB4C,
    0xAB53, 0xAB53, 0xAB6C, 0xAB6D, 0xAB70, 0xABBF, 0xFB00, 0xFB06, 0xFB13, 0xFB17, 0xFF21, 0xFF3A,
    0xFF41, 0xFF5A, 0x10400, 0x1044F, 0x104B0, 0x104D3, 0x104D8, 0x104FB, 0x10570, 0x1057A, 0x1057C, 0x1058A,
    0x1058C, 0x10592, 0x10594, 0x10595, 0x10597, 0x105A1, 0x105A3, 0x105B1, 0x105B3, 0x105B9, 0x105BB, 0x105BC,
    0x10C80, 0x10CB2, 0x10CC0, 0x10CF2, 0x10D50, 0x10D65, 0x10D70, 0x10D85, 0x118A0, 0x118DF, 0x16E40, 0x16E7F,
    0x16EA0, 0x16EB8, 0x16EBB, 0x16ED3, 0x1DF40, 0x1DF41, 0x1DF48, 0x1DF4B, 0x1DF4D, 0x1DF4E, 0x1DF51, 0x1DF52,
    0x1DF68, 0x1DF6F, 0x1DF72, 0x1DF7F, 0x1DF95, 0x1DF95, 0x1E900, 0x1E943,
};
static const uint32_t R_BP_Changes_When_Lowercased[] = {
    0x41, 0x5A, 0xC0, 0xD6, 0xD8, 0xDE, 0x100, 0x100, 0x102, 0x102, 0x104, 0x104,
    0x106, 0x106, 0x108, 0x108, 0x10A, 0x10A, 0x10C, 0x10C, 0x10E, 0x10E, 0x110, 0x110,
    0x112, 0x112, 0x114, 0x114, 0x116, 0x116, 0x118, 0x118, 0x11A, 0x11A, 0x11C, 0x11C,
    0x11E, 0x11E, 0x120, 0x120, 0x122, 0x122, 0x124, 0x124, 0x126, 0x126, 0x128, 0x128,
    0x12A, 0x12A, 0x12C, 0x12C, 0x12E, 0x12E, 0x130, 0x130, 0x132, 0x132, 0x134, 0x134,
    0x136, 0x136, 0x139, 0x139, 0x13B, 0x13B, 0x13D, 0x13D, 0x13F, 0x13F, 0x141, 0x141,
    0x143, 0x143, 0x145, 0x145, 0x147, 0x147, 0x14A, 0x14A, 0x14C, 0x14C, 0x14E, 0x14E,
    0x150, 0x150, 0x152, 0x152, 0x154, 0x154, 0x156, 0x156, 0x158, 0x158, 0x15A, 0x15A,
    0x15C, 0x15C, 0x15E, 0x15E, 0x160, 0x160, 0x162, 0x162, 0x164, 0x164, 0x166, 0x166,
    0x168, 0x168, 0x16A, 0x16A, 0x16C, 0x16C, 0x16E, 0x16E, 0x170, 0x170, 0x172, 0x172,
    0x174, 0x174, 0x176, 0x176, 0x178, 0x179, 0x17B, 0x17B, 0x17D, 0x17D, 0x181, 0x182,
    0x184, 0x184, 0x186, 0x187, 0x189, 0x18B, 0x18E, 0x191, 0x193, 0x194, 0x196, 0x198,
    0x19C, 0x19D, 0x19F, 0x1A0, 0x1A2, 0x1A2, 0x1A4, 0x1A4, 0x1A6, 0x1A7, 0x1A9, 0x1A9,
    0x1AC, 0x1AC, 0x1AE, 0x1AF, 0x1B1, 0x1B3, 0x1B5, 0x1B5, 0x1B7, 0x1B8, 0x1BC, 0x1BC,
    0x1C4, 0x1C5, 0x1C7, 0x1C8, 0x1CA, 0x1CB, 0x1CD, 0x1CD, 0x1CF, 0x1CF, 0x1D1, 0x1D1,
    0x1D3, 0x1D3, 0x1D5, 0x1D5, 0x1D7, 0x1D7, 0x1D9, 0x1D9, 0x1DB, 0x1DB, 0x1DE, 0x1DE,
    0x1E0, 0x1E0, 0x1E2, 0x1E2, 0x1E4, 0x1E4, 0x1E6, 0x1E6, 0x1E8, 0x1E8, 0x1EA, 0x1EA,
    0x1EC, 0x1EC, 0x1EE, 0x1EE, 0x1F1, 0x1F2, 0x1F4, 0x1F4, 0x1F6, 0x1F8, 0x1FA, 0x1FA,
    0x1FC, 0x1FC, 0x1FE, 0x1FE, 0x200, 0x200, 0x202, 0x202, 0x204, 0x204, 0x206, 0x206,
    0x208, 0x208, 0x20A, 0x20A, 0x20C, 0x20C, 0x20E, 0x20E, 0x210, 0x210, 0x212, 0x212,
    0x214, 0x214, 0x216, 0x216, 0x218, 0x218, 0x21A, 0x21A, 0x21C, 0x21C, 0x21E, 0x21E,
    0x220, 0x220, 0x222, 0x222, 0x224, 0x224, 0x226, 0x226, 0x228, 0x228, 0x22A, 0x22A,
    0x22C, 0x22C, 0x22E, 0x22E, 0x230, 0x230, 0x232, 0x232, 0x23A, 0x23B, 0x23D, 0x23E,
    0x241, 0x241, 0x243, 0x246, 0x248, 0x248, 0x24A, 0x24A, 0x24C, 0x24C, 0x24E, 0x24E,
    0x370, 0x370, 0x372, 0x372, 0x376, 0x376, 0x37F, 0x37F, 0x386, 0x386, 0x388, 0x38A,
    0x38C, 0x38C, 0x38E, 0x38F, 0x391, 0x3A1, 0x3A3, 0x3AB, 0x3CF, 0x3CF, 0x3D8, 0x3D8,
    0x3DA, 0x3DA, 0x3DC, 0x3DC, 0x3DE, 0x3DE, 0x3E0, 0x3E0, 0x3E2, 0x3E2, 0x3E4, 0x3E4,
    0x3E6, 0x3E6, 0x3E8, 0x3E8, 0x3EA, 0x3EA, 0x3EC, 0x3EC, 0x3EE, 0x3EE, 0x3F4, 0x3F4,
    0x3F7, 0x3F7, 0x3F9, 0x3FA, 0x3FD, 0x42F, 0x460, 0x460, 0x462, 0x462, 0x464, 0x464,
    0x466, 0x466, 0x468, 0x468, 0x46A, 0x46A, 0x46C, 0x46C, 0x46E, 0x46E, 0x470, 0x470,
    0x472, 0x472, 0x474, 0x474, 0x476, 0x476, 0x478, 0x478, 0x47A, 0x47A, 0x47C, 0x47C,
    0x47E, 0x47E, 0x480, 0x480, 0x48A, 0x48A, 0x48C, 0x48C, 0x48E, 0x48E, 0x490, 0x490,
    0x492, 0x492, 0x494, 0x494, 0x496, 0x496, 0x498, 0x498, 0x49A, 0x49A, 0x49C, 0x49C,
    0x49E, 0x49E, 0x4A0, 0x4A0, 0x4A2, 0x4A2, 0x4A4, 0x4A4, 0x4A6, 0x4A6, 0x4A8, 0x4A8,
    0x4AA, 0x4AA, 0x4AC, 0x4AC, 0x4AE, 0x4AE, 0x4B0, 0x4B0, 0x4B2, 0x4B2, 0x4B4, 0x4B4,
    0x4B6, 0x4B6, 0x4B8, 0x4B8, 0x4BA, 0x4BA, 0x4BC, 0x4BC, 0x4BE, 0x4BE, 0x4C0, 0x4C1,
    0x4C3, 0x4C3, 0x4C5, 0x4C5, 0x4C7, 0x4C7, 0x4C9, 0x4C9, 0x4CB, 0x4CB, 0x4CD, 0x4CD,
    0x4D0, 0x4D0, 0x4D2, 0x4D2, 0x4D4, 0x4D4, 0x4D6, 0x4D6, 0x4D8, 0x4D8, 0x4DA, 0x4DA,
    0x4DC, 0x4DC, 0x4DE, 0x4DE, 0x4E0, 0x4E0, 0x4E2, 0x4E2, 0x4E4, 0x4E4, 0x4E6, 0x4E6,
    0x4E8, 0x4E8, 0x4EA, 0x4EA, 0x4EC, 0x4EC, 0x4EE, 0x4EE, 0x4F0, 0x4F0, 0x4F2, 0x4F2,
    0x4F4, 0x4F4, 0x4F6, 0x4F6, 0x4F8, 0x4F8, 0x4FA, 0x4FA, 0x4FC, 0x4FC, 0x4FE, 0x4FE,
    0x500, 0x500, 0x502, 0x502, 0x504, 0x504, 0x506, 0x506, 0x508, 0x508, 0x50A, 0x50A,
    0x50C, 0x50C, 0x50E, 0x50E, 0x510, 0x510, 0x512, 0x512, 0x514, 0x514, 0x516, 0x516,
    0x518, 0x518, 0x51A, 0x51A, 0x51C, 0x51C, 0x51E, 0x51E, 0x520, 0x520, 0x522, 0x522,
    0x524, 0x524, 0x526, 0x526, 0x528, 0x528, 0x52A, 0x52A, 0x52C, 0x52C, 0x52E, 0x52E,
    0x531, 0x556, 0x10A0, 0x10C5, 0x10C7, 0x10C7, 0x10CD, 0x10CD, 0x13A0, 0x13F5, 0x1C89, 0x1C89,
    0x1C90, 0x1CBA, 0x1CBD, 0x1CBF, 0x1E00, 0x1E00, 0x1E02, 0x1E02, 0x1E04, 0x1E04, 0x1E06, 0x1E06,
    0x1E08, 0x1E08, 0x1E0A, 0x1E0A, 0x1E0C, 0x1E0C, 0x1E0E, 0x1E0E, 0x1E10, 0x1E10, 0x1E12, 0x1E12,
    0x1E14, 0x1E14, 0x1E16, 0x1E16, 0x1E18, 0x1E18, 0x1E1A, 0x1E1A, 0x1E1C, 0x1E1C, 0x1E1E, 0x1E1E,
    0x1E20, 0x1E20, 0x1E22, 0x1E22, 0x1E24, 0x1E24, 0x1E26, 0x1E26, 0x1E28, 0x1E28, 0x1E2A, 0x1E2A,
    0x1E2C, 0x1E2C, 0x1E2E, 0x1E2E, 0x1E30, 0x1E30, 0x1E32, 0x1E32, 0x1E34, 0x1E34, 0x1E36, 0x1E36,
    0x1E38, 0x1E38, 0x1E3A, 0x1E3A, 0x1E3C, 0x1E3C, 0x1E3E, 0x1E3E, 0x1E40, 0x1E40, 0x1E42, 0x1E42,
    0x1E44, 0x1E44, 0x1E46, 0x1E46, 0x1E48, 0x1E48, 0x1E4A, 0x1E4A, 0x1E4C, 0x1E4C, 0x1E4E, 0x1E4E,
    0x1E50, 0x1E50, 0x1E52, 0x1E52, 0x1E54, 0x1E54, 0x1E56, 0x1E56, 0x1E58, 0x1E58, 0x1E5A, 0x1E5A,
    0x1E5C, 0x1E5C, 0x1E5E, 0x1E5E, 0x1E60, 0x1E60, 0x1E62, 0x1E62, 0x1E64, 0x1E64, 0x1E66, 0x1E66,
    0x1E68, 0x1E68, 0x1E6A, 0x1E6A, 0x1E6C, 0x1E6C, 0x1E6E, 0x1E6E, 0x1E70, 0x1E70, 0x1E72, 0x1E72,
    0x1E74, 0x1E74, 0x1E76, 0x1E76, 0x1E78, 0x1E78, 0x1E7A, 0x1E7A, 0x1E7C, 0x1E7C, 0x1E7E, 0x1E7E,
    0x1E80, 0x1E80, 0x1E82, 0x1E82, 0x1E84, 0x1E84, 0x1E86, 0x1E86, 0x1E88, 0x1E88, 0x1E8A, 0x1E8A,
    0x1E8C, 0x1E8C, 0x1E8E, 0x1E8E, 0x1E90, 0x1E90, 0x1E92, 0x1E92, 0x1E94, 0x1E94, 0x1E9E, 0x1E9E,
    0x1EA0, 0x1EA0, 0x1EA2, 0x1EA2, 0x1EA4, 0x1EA4, 0x1EA6, 0x1EA6, 0x1EA8, 0x1EA8, 0x1EAA, 0x1EAA,
    0x1EAC, 0x1EAC, 0x1EAE, 0x1EAE, 0x1EB0, 0x1EB0, 0x1EB2, 0x1EB2, 0x1EB4, 0x1EB4, 0x1EB6, 0x1EB6,
    0x1EB8, 0x1EB8, 0x1EBA, 0x1EBA, 0x1EBC, 0x1EBC, 0x1EBE, 0x1EBE, 0x1EC0, 0x1EC0, 0x1EC2, 0x1EC2,
    0x1EC4, 0x1EC4, 0x1EC6, 0x1EC6, 0x1EC8, 0x1EC8, 0x1ECA, 0x1ECA, 0x1ECC, 0x1ECC, 0x1ECE, 0x1ECE,
    0x1ED0, 0x1ED0, 0x1ED2, 0x1ED2, 0x1ED4, 0x1ED4, 0x1ED6, 0x1ED6, 0x1ED8, 0x1ED8, 0x1EDA, 0x1EDA,
    0x1EDC, 0x1EDC, 0x1EDE, 0x1EDE, 0x1EE0, 0x1EE0, 0x1EE2, 0x1EE2, 0x1EE4, 0x1EE4, 0x1EE6, 0x1EE6,
    0x1EE8, 0x1EE8, 0x1EEA, 0x1EEA, 0x1EEC, 0x1EEC, 0x1EEE, 0x1EEE, 0x1EF0, 0x1EF0, 0x1EF2, 0x1EF2,
    0x1EF4, 0x1EF4, 0x1EF6, 0x1EF6, 0x1EF8, 0x1EF8, 0x1EFA, 0x1EFA, 0x1EFC, 0x1EFC, 0x1EFE, 0x1EFE,
    0x1F08, 0x1F0F, 0x1F18, 0x1F1D, 0x1F28, 0x1F2F, 0x1F38, 0x1F3F, 0x1F48, 0x1F4D, 0x1F59, 0x1F59,
    0x1F5B, 0x1F5B, 0x1F5D, 0x1F5D, 0x1F5F, 0x1F5F, 0x1F68, 0x1F6F, 0x1F88, 0x1F8F, 0x1F98, 0x1F9F,
    0x1FA8, 0x1FAF, 0x1FB8, 0x1FBC, 0x1FC8, 0x1FCC, 0x1FD8, 0x1FDB, 0x1FE8, 0x1FEC, 0x1FF8, 0x1FFC,
    0x2126, 0x2126, 0x212A, 0x212B, 0x2132, 0x2132, 0x2160, 0x216F, 0x2183, 0x2183, 0x24B6, 0x24CF,
    0x2C00, 0x2C2F, 0x2C60, 0x2C60, 0x2C62, 0x2C64, 0x2C67, 0x2C67, 0x2C69, 0x2C69, 0x2C6B, 0x2C6B,
    0x2C6D, 0x2C70, 0x2C72, 0x2C72, 0x2C75, 0x2C75, 0x2C7E, 0x2C80, 0x2C82, 0x2C82, 0x2C84, 0x2C84,
    0x2C86, 0x2C86, 0x2C88, 0x2C88, 0x2C8A, 0x2C8A, 0x2C8C, 0x2C8C, 0x2C8E, 0x2C8E, 0x2C90, 0x2C90,
    0x2C92, 0x2C92, 0x2C94, 0x2C94, 0x2C96, 0x2C96, 0x2C98, 0x2C98, 0x2C9A, 0x2C9A, 0x2C9C, 0x2C9C,
    0x2C9E, 0x2C9E, 0x2CA0, 0x2CA0, 0x2CA2, 0x2CA2, 0x2CA4, 0x2CA4, 0x2CA6, 0x2CA6, 0x2CA8, 0x2CA8,
    0x2CAA, 0x2CAA, 0x2CAC, 0x2CAC, 0x2CAE, 0x2CAE, 0x2CB0, 0x2CB0, 0x2CB2, 0x2CB2, 0x2CB4, 0x2CB4,
    0x2CB6, 0x2CB6, 0x2CB8, 0x2CB8, 0x2CBA, 0x2CBA, 0x2CBC, 0x2CBC, 0x2CBE, 0x2CBE, 0x2CC0, 0x2CC0,
    0x2CC2, 0x2CC2, 0x2CC4, 0x2CC4, 0x2CC6, 0x2CC6, 0x2CC8, 0x2CC8, 0x2CCA, 0x2CCA, 0x2CCC, 0x2CCC,
    0x2CCE, 0x2CCE, 0x2CD0, 0x2CD0, 0x2CD2, 0x2CD2, 0x2CD4, 0x2CD4, 0x2CD6, 0x2CD6, 0x2CD8, 0x2CD8,
    0x2CDA, 0x2CDA, 0x2CDC, 0x2CDC, 0x2CDE, 0x2CDE, 0x2CE0, 0x2CE0, 0x2CE2, 0x2CE2, 0x2CEB, 0x2CEB,
    0x2CED, 0x2CED, 0x2CF2, 0x2CF2, 0xA640, 0xA640, 0xA642, 0xA642, 0xA644, 0xA644, 0xA646, 0xA646,
    0xA648, 0xA648, 0xA64A, 0xA64A, 0xA64C, 0xA64C, 0xA64E, 0xA64E, 0xA650, 0xA650, 0xA652, 0xA652,
    0xA654, 0xA654, 0xA656, 0xA656, 0xA658, 0xA658, 0xA65A, 0xA65A, 0xA65C, 0xA65C, 0xA65E, 0xA65E,
    0xA660, 0xA660, 0xA662, 0xA662, 0xA664, 0xA664, 0xA666, 0xA666, 0xA668, 0xA668, 0xA66A, 0xA66A,
    0xA66C, 0xA66C, 0xA680, 0xA680, 0xA682, 0xA682, 0xA684, 0xA684, 0xA686, 0xA686, 0xA688, 0xA688,
    0xA68A, 0xA68A, 0xA68C, 0xA68C, 0xA68E, 0xA68E, 0xA690, 0xA690, 0xA692, 0xA692, 0xA694, 0xA694,
    0xA696, 0xA696, 0xA698, 0xA698, 0xA69A, 0xA69A, 0xA722, 0xA722, 0xA724, 0xA724, 0xA726, 0xA726,
    0xA728, 0xA728, 0xA72A, 0xA72A, 0xA72C, 0xA72C, 0xA72E, 0xA72E, 0xA732, 0xA732, 0xA734, 0xA734,
    0xA736, 0xA736, 0xA738, 0xA738, 0xA73A, 0xA73A, 0xA73C, 0xA73C, 0xA73E, 0xA73E, 0xA740, 0xA740,
    0xA742, 0xA742, 0xA744, 0xA744, 0xA746, 0xA746, 0xA748, 0xA748, 0xA74A, 0xA74A, 0xA74C, 0xA74C,
    0xA74E, 0xA74E, 0xA750, 0xA750, 0xA752, 0xA752, 0xA754, 0xA754, 0xA756, 0xA756, 0xA758, 0xA758,
    0xA75A, 0xA75A, 0xA75C, 0xA75C, 0xA75E, 0xA75E, 0xA760, 0xA760, 0xA762, 0xA762, 0xA764, 0xA764,
    0xA766, 0xA766, 0xA768, 0xA768, 0xA76A, 0xA76A, 0xA76C, 0xA76C, 0xA76E, 0xA76E, 0xA779, 0xA779,
    0xA77B, 0xA77B, 0xA77D, 0xA77E, 0xA780, 0xA780, 0xA782, 0xA782, 0xA784, 0xA784, 0xA786, 0xA786,
    0xA78B, 0xA78B, 0xA78D, 0xA78D, 0xA790, 0xA790, 0xA792, 0xA792, 0xA796, 0xA796, 0xA798, 0xA798,
    0xA79A, 0xA79A, 0xA79C, 0xA79C, 0xA79E, 0xA79E, 0xA7A0, 0xA7A0, 0xA7A2, 0xA7A2, 0xA7A4, 0xA7A4,
    0xA7A6, 0xA7A6, 0xA7A8, 0xA7A8, 0xA7AA, 0xA7AE, 0xA7B0, 0xA7B4, 0xA7B6, 0xA7B6, 0xA7B8, 0xA7B8,
    0xA7BA, 0xA7BA, 0xA7BC, 0xA7BC, 0xA7BE, 0xA7BE, 0xA7C0, 0xA7C0, 0xA7C2, 0xA7C2, 0xA7C4, 0xA7C7,
    0xA7C9, 0xA7C9, 0xA7CB, 0xA7CC, 0xA7CE, 0xA7CE, 0xA7D0, 0xA7D0, 0xA7D2, 0xA7D2, 0xA7D4, 0xA7D4,
    0xA7D6, 0xA7D6, 0xA7D8, 0xA7D8, 0xA7DA, 0xA7DA, 0xA7DC, 0xA7DD, 0xA7E2, 0xA7E2, 0xA7F5, 0xA7F5,
    0xAB6C, 0xAB6D, 0xFF21, 0xFF3A, 0x10400, 0x10427, 0x104B0, 0x104D3, 0x10570, 0x1057A, 0x1057C, 0x1058A,
    0x1058C, 0x10592, 0x10594, 0x10595, 0x10C80, 0x10CB2, 0x10D50, 0x10D65, 0x118A0, 0x118BF, 0x16E40, 0x16E5F,
    0x16EA0, 0x16EB8, 0x1DF40, 0x1DF40, 0x1DF48, 0x1DF48, 0x1DF4A, 0x1DF4A, 0x1DF4D, 0x1DF4D, 0x1DF51, 0x1DF51,
    0x1DF68, 0x1DF68, 0x1DF6A, 0x1DF6A, 0x1DF6C, 0x1DF6C, 0x1DF6E, 0x1DF6E, 0x1DF72, 0x1DF72, 0x1DF74, 0x1DF74,
    0x1DF76, 0x1DF76, 0x1DF78, 0x1DF78, 0x1DF7A, 0x1DF7A, 0x1DF7C, 0x1DF7C, 0x1DF7E, 0x1DF7E, 0x1E900, 0x1E921,
};
static const uint32_t R_BP_Changes_When_NFKC_Casefolded[] = {
    0x41, 0x5A, 0xA0, 0xA0, 0xA8, 0xA8, 0xAA, 0xAA, 0xAD, 0xAD, 0xAF, 0xAF,
    0xB2, 0xB5, 0xB8, 0xBA, 0xBC, 0xBE, 0xC0, 0xD6, 0xD8, 0xDF, 0x100, 0x100,
    0x102, 0x102, 0x104, 0x104, 0x106, 0x106, 0x108, 0x108, 0x10A, 0x10A, 0x10C, 0x10C,
    0x10E, 0x10E, 0x110, 0x110, 0x112, 0x112, 0x114, 0x114, 0x116, 0x116, 0x118, 0x118,
    0x11A, 0x11A, 0x11C, 0x11C, 0x11E, 0x11E, 0x120, 0x120, 0x122, 0x122, 0x124, 0x124,
    0x126, 0x126, 0x128, 0x128, 0x12A, 0x12A, 0x12C, 0x12C, 0x12E, 0x12E, 0x130, 0x130,
    0x132, 0x134, 0x136, 0x136, 0x139, 0x139, 0x13B, 0x13B, 0x13D, 0x13D, 0x13F, 0x141,
    0x143, 0x143, 0x145, 0x145, 0x147, 0x147, 0x149, 0x14A, 0x14C, 0x14C, 0x14E, 0x14E,
    0x150, 0x150, 0x152, 0x152, 0x154, 0x154, 0x156, 0x156, 0x158, 0x158, 0x15A, 0x15A,
    0x15C, 0x15C, 0x15E, 0x15E, 0x160, 0x160, 0x162, 0x162, 0x164, 0x164, 0x166, 0x166,
    0x168, 0x168, 0x16A, 0x16A, 0x16C, 0x16C, 0x16E, 0x16E, 0x170, 0x170, 0x172, 0x172,
    0x174, 0x174, 0x176, 0x176, 0x178, 0x179, 0x17B, 0x17B, 0x17D, 0x17D, 0x17F, 0x17F,
    0x181, 0x182, 0x184, 0x184, 0x186, 0x187, 0x189, 0x18B, 0x18E, 0x191, 0x193, 0x194,
    0x196, 0x198, 0x19C, 0x19D, 0x19F, 0x1A0, 0x1A2, 0x1A2, 0x1A4, 0x1A4, 0x1A6, 0x1A7,
    0x1A9, 0x1A9, 0x1AC, 0x1AC, 0x1AE, 0x1AF, 0x1B1, 0x1B3, 0x1B5, 0x1B5, 0x1B7, 0x1B8,
    0x1BC, 0x1BC, 0x1C4, 0x1CD, 0x1CF, 0x1CF, 0x1D1, 0x1D1, 0x1D3, 0x1D3, 0x1D5, 0x1D5,
    0x1D7, 0x1D7, 0x1D9, 0x1D9, 0x1DB, 0x1DB, 0x1DE, 0x1DE, 0x1E0, 0x1E0, 0x1E2, 0x1E2,
    0x1E4, 0x1E4, 0x1E6, 0x1E6, 0x1E8, 0x1E8, 0x1EA, 0x1EA, 0x1EC, 0x1EC, 0x1EE, 0x1EE,
    0x1F1, 0x1F4, 0x1F6, 0x1F8, 0x1FA, 0x1FA, 0x1FC, 0x1FC, 0x1FE, 0x1FE, 0x200, 0x200,
    0x202, 0x202, 0x204, 0x204, 0x206, 0x206, 0x208, 0x208, 0x20A, 0x20A, 0x20C, 0x20C,
    0x20E, 0x20E, 0x210, 0x210, 0x212, 0x212, 0x214, 0x214, 0x216, 0x216, 0x218, 0x218,
    0x21A, 0x21A, 0x21C, 0x21C, 0x21E, 0x21E, 0x220, 0x220, 0x222, 0x222, 0x224, 0x224,
    0x226, 0x226, 0x228, 0x228, 0x22A, 0x22A, 0x22C, 0x22C, 0x22E, 0x22E, 0x230, 0x230,
    0x232, 0x232, 0x23A, 0x23B, 0x23D, 0x23E, 0x241, 0x241, 0x243, 0x246, 0x248, 0x248,
    0x24A, 0x24A, 0x24C, 0x24C, 0x24E, 0x24E, 0x2B0, 0x2B8, 0x2D8, 0x2DD, 0x2E0, 0x2E4,
    0x340, 0x341, 0x343, 0x345, 0x34F, 0x34F, 0x370, 0x370, 0x372, 0x372, 0x374, 0x374,
    0x376, 0x376, 0x37A, 0x37A, 0x37E, 0x37F, 0x384, 0x38A, 0x38C, 0x38C, 0x38E, 0x38F,
    0x391, 0x3A1, 0x3A3, 0x3AB, 0x3C2, 0x3C2, 0x3CF, 0x3D6, 0x3D8, 0x3D8, 0x3DA, 0x3DA,
    0x3DC, 0x3DC, 0x3DE, 0x3DE, 0x3E0, 0x3E0, 0x3E2, 0x3E2, 0x3E4, 0x3E4, 0x3E6, 0x3E6,
    0x3E8, 0x3E8, 0x3EA, 0x3EA, 0x3EC, 0x3EC, 0x3EE, 0x3EE, 0x3F0, 0x3F2, 0x3F4, 0x3F5,
    0x3F7, 0x3F7, 0x3F9, 0x3FA, 0x3FD, 0x42F, 0x460, 0x460, 0x462, 0x462, 0x464, 0x464,
    0x466, 0x466, 0x468, 0x468, 0x46A, 0x46A, 0x46C, 0x46C, 0x46E, 0x46E, 0x470, 0x470,
    0x472, 0x472, 0x474, 0x474, 0x476, 0x476, 0x478, 0x478, 0x47A, 0x47A, 0x47C, 0x47C,
    0x47E, 0x47E, 0x480, 0x480, 0x48A, 0x48A, 0x48C, 0x48C, 0x48E, 0x48E, 0x490, 0x490,
    0x492, 0x492, 0x494, 0x494, 0x496, 0x496, 0x498, 0x498, 0x49A, 0x49A, 0x49C, 0x49C,
    0x49E, 0x49E, 0x4A0, 0x4A0, 0x4A2, 0x4A2, 0x4A4, 0x4A4, 0x4A6, 0x4A6, 0x4A8, 0x4A8,
    0x4AA, 0x4AA, 0x4AC, 0x4AC, 0x4AE, 0x4AE, 0x4B0, 0x4B0, 0x4B2, 0x4B2, 0x4B4, 0x4B4,
    0x4B6, 0x4B6, 0x4B8, 0x4B8, 0x4BA, 0x4BA, 0x4BC, 0x4BC, 0x4BE, 0x4BE, 0x4C0, 0x4C1,
    0x4C3, 0x4C3, 0x4C5, 0x4C5, 0x4C7, 0x4C7, 0x4C9, 0x4C9, 0x4CB, 0x4CB, 0x4CD, 0x4CD,
    0x4D0, 0x4D0, 0x4D2, 0x4D2, 0x4D4, 0x4D4, 0x4D6, 0x4D6, 0x4D8, 0x4D8, 0x4DA, 0x4DA,
    0x4DC, 0x4DC, 0x4DE, 0x4DE, 0x4E0, 0x4E0, 0x4E2, 0x4E2, 0x4E4, 0x4E4, 0x4E6, 0x4E6,
    0x4E8, 0x4E8, 0x4EA, 0x4EA, 0x4EC, 0x4EC, 0x4EE, 0x4EE, 0x4F0, 0x4F0, 0x4F2, 0x4F2,
    0x4F4, 0x4F4, 0x4F6, 0x4F6, 0x4F8, 0x4F8, 0x4FA, 0x4FA, 0x4FC, 0x4FC, 0x4FE, 0x4FE,
    0x500, 0x500, 0x502, 0x502, 0x504, 0x504, 0x506, 0x506, 0x508, 0x508, 0x50A, 0x50A,
    0x50C, 0x50C, 0x50E, 0x50E, 0x510, 0x510, 0x512, 0x512, 0x514, 0x514, 0x516, 0x516,
    0x518, 0x518, 0x51A, 0x51A, 0x51C, 0x51C, 0x51E, 0x51E, 0x520, 0x520, 0x522, 0x522,
    0x524, 0x524, 0x526, 0x526, 0x528, 0x528, 0x52A, 0x52A, 0x52C, 0x52C, 0x52E, 0x52E,
    0x531, 0x556, 0x558, 0x558, 0x587, 0x587, 0x58B, 0x58C, 0x61C, 0x61C, 0x675, 0x678,
    0x958, 0x95F, 0x9DC, 0x9DD, 0x9DF, 0x9DF, 0xA33, 0xA33, 0xA36, 0xA36, 0xA59, 0xA5B,
    0xA5E, 0xA5E, 0xB5C, 0xB5D, 0xE33, 0xE33, 0xEB3, 0xEB3, 0xEDC, 0xEDD, 0xF0C, 0xF0C,
    0xF43, 0xF43, 0xF4D, 0xF4D, 0xF52, 0xF52, 0xF57, 0xF57, 0xF5C, 0xF5C, 0xF69, 0xF69,
    0xF73, 0xF73, 0xF75, 0xF79, 0xF81, 0xF81, 0xF93, 0xF93, 0xF9D, 0xF9D, 0xFA2, 0xFA2,
    0xFA7, 0xFA7, 0xFAC, 0xFAC, 0xFB9, 0xFB9, 0x10A0, 0x10C5, 0x10C7, 0x10C7, 0x10CD, 0x10CD,
    0x10FC, 0x10FC, 0x115F, 0x1160, 0x13F8, 0x13FD, 0x17B4, 0x17B5, 0x180B, 0x180F, 0x1C80, 0x1C89,
    0x1C90, 0x1CBA, 0x1CBD, 0x1CBF, 0x1D2C, 0x1D2E, 0x1D30, 0x1D3A, 0x1D3C, 0x1D4D, 0x1D4F, 0x1D6A,
    0x1D78, 0x1D78, 0x1D9B, 0x1DBF, 0x1E00, 0x1E00, 0x1E02, 0x1E02, 0x1E04, 0x1E04, 0x1E06, 0x1E06,
    0x1E08, 0x1E08, 0x1E0A, 0x1E0A, 0x1E0C, 0x1E0C, 0x1E0E, 0x1E0E, 0x1E10, 0x1E10, 0x1E12, 0x1E12,
    0x1E14, 0x1E14, 0x1E16, 0x1E16, 0x1E18, 0x1E18, 0x1E1A, 0x1E1A, 0x1E1C, 0x1E1C, 0x1E1E, 0x1E1E,
    0x1E20, 0x1E20, 0x1E22, 0x1E22, 0x1E24, 0x1E24, 0x1E26, 0x1E26, 0x1E28, 0x1E28, 0x1E2A, 0x1E2A,
    0x1E2C, 0x1E2C, 0x1E2E, 0x1E2E, 0x1E30, 0x1E30, 0x1E32, 0x1E32, 0x1E34, 0x1E34, 0x1E36, 0x1E36,
    0x1E38, 0x1E38, 0x1E3A, 0x1E3A, 0x1E3C, 0x1E3C, 0x1E3E, 0x1E3E, 0x1E40, 0x1E40, 0x1E42, 0x1E42,
    0x1E44, 0x1E44, 0x1E46, 0x1E46, 0x1E48, 0x1E48, 0x1E4A, 0x1E4A, 0x1E4C, 0x1E4C, 0x1E4E, 0x1E4E,
    0x1E50, 0x1E50, 0x1E52, 0x1E52, 0x1E54, 0x1E54, 0x1E56, 0x1E56, 0x1E58, 0x1E58, 0x1E5A, 0x1E5A,
    0x1E5C, 0x1E5C, 0x1E5E, 0x1E5E, 0x1E60, 0x1E60, 0x1E62, 0x1E62, 0x1E64, 0x1E64, 0x1E66, 0x1E66,
    0x1E68, 0x1E68, 0x1E6A, 0x1E6A, 0x1E6C, 0x1E6C, 0x1E6E, 0x1E6E, 0x1E70, 0x1E70, 0x1E72, 0x1E72,
    0x1E74, 0x1E74, 0x1E76, 0x1E76, 0x1E78, 0x1E78, 0x1E7A, 0x1E7A, 0x1E7C, 0x1E7C, 0x1E7E, 0x1E7E,
    0x1E80, 0x1E80, 0x1E82, 0x1E82, 0x1E84, 0x1E84, 0x1E86, 0x1E86, 0x1E88, 0x1E88, 0x1E8A, 0x1E8A,
    0x1E8C, 0x1E8C, 0x1E8E, 0x1E8E, 0x1E90, 0x1E90, 0x1E92, 0x1E92, 0x1E94, 0x1E94, 0x1E9A, 0x1E9B,
    0x1E9E, 0x1E9E, 0x1EA0, 0x1EA0, 0x1EA2, 0x1EA2, 0x1EA4, 0x1EA4, 0x1EA6, 0x1EA6, 0x1EA8, 0x1EA8,
    0x1EAA, 0x1EAA, 0x1EAC, 0x1EAC, 0x1EAE, 0x1EAE, 0x1EB0, 0x1EB0, 0x1EB2, 0x1EB2, 0x1EB4, 0x1EB4,
    0x1EB6, 0x1EB6, 0x1EB8, 0x1EB8, 0x1EBA, 0x1EBA, 0x1EBC, 0x1EBC, 0x1EBE, 0x1EBE, 0x1EC0, 0x1EC0,
    0x1EC2, 0x1EC2, 0x1EC4, 0x1EC4, 0x1EC6, 0x1EC6, 0x1EC8, 0x1EC8, 0x1ECA, 0x1ECA, 0x1ECC, 0x1ECC,
    0x1ECE, 0x1ECE, 0x1ED0, 0x1ED0, 0x1ED2, 0x1ED2, 0x1ED4, 0x1ED4, 0x1ED6, 0x1ED6, 0x1ED8, 0x1ED8,
    0x1EDA, 0x1EDA, 0x1EDC, 0x1EDC, 0x1EDE, 0x1EDE, 0x1EE0, 0x1EE0, 0x1EE2, 0x1EE2, 0x1EE4, 0x1EE4,
    0x1EE6, 0x1EE6, 0x1EE8, 0x1EE8, 0x1EEA, 0x1EEA, 0x1EEC, 0x1EEC, 0x1EEE, 0x1EEE, 0x1EF0, 0x1EF0,
    0x1EF2, 0x1EF2, 0x1EF4, 0x1EF4, 0x1EF6, 0x1EF6, 0x1EF8, 0x1EF8, 0x1EFA, 0x1EFA, 0x1EFC, 0x1EFC,
    0x1EFE, 0x1EFE, 0x1F08, 0x1F0F, 0x1F18, 0x1F1D, 0x1F28, 0x1F2F, 0x1F38, 0x1F3F, 0x1F48, 0x1F4D,
    0x1F59, 0x1F59, 0x1F5B, 0x1F5B, 0x1F5D, 0x1F5D, 0x1F5F, 0x1F5F, 0x1F68, 0x1F6F, 0x1F71, 0x1F71,
    0x1F73, 0x1F73, 0x1F75, 0x1F75, 0x1F77, 0x1F77, 0x1F79, 0x1F79, 0x1F7B, 0x1F7B, 0x1F7D, 0x1F7D,
    0x1F80, 0x1FAF, 0x1FB2, 0x1FB4, 0x1FB7, 0x1FC4, 0x1FC7, 0x1FCF, 0x1FD3, 0x1FD3, 0x1FD8, 0x1FDB,
    0x1FDD, 0x1FDF, 0x1FE3, 0x1FE3, 0x1FE8, 0x1FEF, 0x1FF2, 0x1FF4, 0x1FF7, 0x1FFE, 0x2000, 0x200F,
    0x2011, 0x2011, 0x2017, 0x2017, 0x2024, 0x2026, 0x202A, 0x202F, 0x2033, 0x2034, 0x2036, 0x2037,
    0x203C, 0x203C, 0x203E, 0x203E, 0x2047, 0x2049, 0x2057, 0x2057, 0x205F, 0x2071, 0x2074, 0x208E,
    0x2090, 0x209F, 0x20A8, 0x20A8, 0x2100, 0x2103, 0x2105, 0x2107, 0x2109, 0x2113, 0x2115, 0x2116,
    0x2119, 0x211D, 0x2120, 0x2122, 0x2124, 0x2124, 0x2126, 0x2126, 0x2128, 0x2128, 0x212A, 0x212D,
    0x212F, 0x2139, 0x213B, 0x2140, 0x2145, 0x2149, 0x2150, 0x217F, 0x2183, 0x2183, 0x2189, 0x2189,
    0x222C, 0x222D, 0x222F, 0x2230, 0x2329, 0x232A, 0x2460, 0x24EA, 0x2A0C, 0x2A0C, 0x2A74, 0x2A76,
    0x2ADC, 0x2ADC, 0x2C00, 0x2C2F, 0x2C60, 0x2C60, 0x2C62, 0x2C64, 0x2C67, 0x2C67, 0x2C69, 0x2C69,
    0x2C6B, 0x2C6B, 0x2C6D, 0x2C70, 0x2C72, 0x2C72, 0x2C75, 0x2C75, 0x2C7C, 0x2C80, 0x2C82, 0x2C82,
    0x2C84, 0x2C84, 0x2C86, 0x2C86, 0x2C88, 0x2C88, 0x2C8A, 0x2C8A, 0x2C8C, 0x2C8C, 0x2C8E, 0x2C8E,
    0x2C90, 0x2C90, 0x2C92, 0x2C92, 0x2C94, 0x2C94, 0x2C96, 0x2C96, 0x2C98, 0x2C98, 0x2C9A, 0x2C9A,
    0x2C9C, 0x2C9C, 0x2C9E, 0x2C9E, 0x2CA0, 0x2CA0, 0x2CA2, 0x2CA2, 0x2CA4, 0x2CA4, 0x2CA6, 0x2CA6,
    0x2CA8, 0x2CA8, 0x2CAA, 0x2CAA, 0x2CAC, 0x2CAC, 0x2CAE, 0x2CAE, 0x2CB0, 0x2CB0, 0x2CB2, 0x2CB2,
    0x2CB4, 0x2CB4, 0x2CB6, 0x2CB6, 0x2CB8, 0x2CB8, 0x2CBA, 0x2CBA, 0x2CBC, 0x2CBC, 0x2CBE, 0x2CBE,
    0x2CC0, 0x2CC0, 0x2CC2, 0x2CC2, 0x2CC4, 0x2CC4, 0x2CC6, 0x2CC6, 0x2CC8, 0x2CC8, 0x2CCA, 0x2CCA,
    0x2CCC, 0x2CCC, 0x2CCE, 0x2CCE, 0x2CD0, 0x2CD0, 0x2CD2, 0x2CD2, 0x2CD4, 0x2CD4, 0x2CD6, 0x2CD6,
    0x2CD8, 0x2CD8, 0x2CDA, 0x2CDA, 0x2CDC, 0x2CDC, 0x2CDE, 0x2CDE, 0x2CE0, 0x2CE0, 0x2CE2, 0x2CE2,
    0x2CEB, 0x2CEB, 0x2CED, 0x2CED, 0x2CF2, 0x2CF2, 0x2D6F, 0x2D6F, 0x2E9F, 0x2E9F, 0x2EF3, 0x2EF3,
    0x2F00, 0x2FD5, 0x3000, 0x3000, 0x3036, 0x3036, 0x3038, 0x303A, 0x309B, 0x309C, 0x309F, 0x309F,
    0x30FF, 0x30FF, 0x3131, 0x318E, 0x3192, 0x319F, 0x3200, 0x321E, 0x3220, 0x3247, 0x3250, 0x327E,
    0x3280, 0x33FF, 0xA640, 0xA640, 0xA642, 0xA642, 0xA644, 0xA644, 0xA646, 0xA646, 0xA648, 0xA648,
    0xA64A, 0xA64A, 0xA64C, 0xA64C, 0xA64E, 0xA64E, 0xA650, 0xA650, 0xA652, 0xA652, 0xA654, 0xA654,
    0xA656, 0xA656, 0xA658, 0xA658, 0xA65A, 0xA65A, 0xA65C, 0xA65C, 0xA65E, 0xA65E, 0xA660, 0xA660,
    0xA662, 0xA662, 0xA664, 0xA664, 0xA666, 0xA666, 0xA668, 0xA668, 0xA66A, 0xA66A, 0xA66C, 0xA66C,
    0xA680, 0xA680, 0xA682, 0xA682, 0xA684, 0xA684, 0xA686, 0xA686, 0xA688, 0xA688, 0xA68A, 0xA68A,
    0xA68C, 0xA68C, 0xA68E, 0xA68E, 0xA690, 0xA690, 0xA692, 0xA692, 0xA694, 0xA694, 0xA696, 0xA696,
    0xA698, 0xA698, 0xA69A, 0xA69A, 0xA69C, 0xA69D, 0xA722, 0xA722, 0xA724, 0xA724, 0xA726, 0xA726,
    0xA728, 0xA728, 0xA72A, 0xA72A, 0xA72C, 0xA72C, 0xA72E, 0xA72E, 0xA732, 0xA732, 0xA734, 0xA734,
    0xA736, 0xA736, 0xA738, 0xA738, 0xA73A, 0xA73A, 0xA73C, 0xA73C, 0xA73E, 0xA73E, 0xA740, 0xA740,
    0xA742, 0xA742, 0xA744, 0xA744, 0xA746, 0xA746, 0xA748, 0xA748, 0xA74A, 0xA74A, 0xA74C, 0xA74C,
    0xA74E, 0xA74E, 0xA750, 0xA750, 0xA752, 0xA752, 0xA754, 0xA754, 0xA756, 0xA756, 0xA758, 0xA758,
    0xA75A, 0xA75A, 0xA75C, 0xA75C, 0xA75E, 0xA75E, 0xA760, 0xA760, 0xA762, 0xA762, 0xA764, 0xA764,
    0xA766, 0xA766, 0xA768, 0xA768, 0xA76A, 0xA76A, 0xA76C, 0xA76C, 0xA76E, 0xA76E, 0xA770, 0xA770,
    0xA779, 0xA779, 0xA77B, 0xA77B, 0xA77D, 0xA77E, 0xA780, 0xA780, 0xA782, 0xA782, 0xA784, 0xA784,
    0xA786, 0xA786, 0xA78B, 0xA78B, 0xA78D, 0xA78D, 0xA790, 0xA790, 0xA792, 0xA792, 0xA796, 0xA796,
    0xA798, 0xA798, 0xA79A, 0xA79A, 0xA79C, 0xA79C, 0xA79E, 0xA79E, 0xA7A0, 0xA7A0, 0xA7A2, 0xA7A2,
    0xA7A4, 0xA7A4, 0xA7A6, 0xA7A6, 0xA7A8, 0xA7A8, 0xA7AA, 0xA7AE, 0xA7B0, 0xA7B4, 0xA7B6, 0xA7B6,
    0xA7B8, 0xA7B8, 0xA7BA, 0xA7BA, 0xA7BC, 0xA7BC, 0xA7BE, 0xA7BE, 0xA7C0, 0xA7C0, 0xA7C2, 0xA7C2,
    0xA7C4, 0xA7C7, 0xA7C9, 0xA7C9, 0xA7CB, 0xA7CC, 0xA7CE, 0xA7CE, 0xA7D0, 0xA7D0, 0xA7D2, 0xA7D2,
    0xA7D4, 0xA7D4, 0xA7D6, 0xA7D6, 0xA7D8, 0xA7D8, 0xA7DA, 0xA7DA, 0xA7DC, 0xA7DD, 0xA7E2, 0xA7E2,
    0xA7F1, 0xA7F5, 0xA7F8, 0xA7F9, 0xAB5C, 0xAB5F, 0xAB69, 0xAB69, 0xAB6C, 0xAB6D, 0xAB70, 0xABBF,
    0xF900, 0xFA0D, 0xFA10, 0xFA10, 0xFA12, 0xFA12, 0xFA15, 0xFA1E, 0xFA20, 0xFA20, 0xFA22, 0xFA22,
    0xFA25, 0xFA26, 0xFA2A, 0xFA6D, 0xFA70, 0xFAD9, 0xFB00, 0xFB06, 0xFB13, 0xFB17, 0xFB1D, 0xFB1D,
    0xFB1F, 0xFB36, 0xFB38, 0xFB3C, 0xFB3E, 0xFB3E, 0xFB40, 0xFB41, 0xFB43, 0xFB44, 0xFB46, 0xFBB1,
    0xFBD3, 0xFD3D, 0xFD50, 0xFD8F, 0xFD92, 0xFDC7, 0xFDF0, 0xFDFC, 0xFE00, 0xFE19, 0xFE30, 0xFE44,
    0xFE47, 0xFE52, 0xFE54, 0xFE66, 0xFE68, 0xFE6B, 0xFE70, 0xFE72, 0xFE74, 0xFE74, 0xFE76, 0xFEFC,
    0xFEFF, 0xFEFF, 0xFF01, 0xFFBE, 0xFFC2, 0xFFC7, 0xFFCA, 0xFFCF, 0xFFD2, 0xFFD7, 0xFFDA, 0xFFDC,
    0xFFE0, 0xFFE6, 0xFFE8, 0xFFEE, 0xFFF0, 0xFFF8, 0x10400, 0x10427, 0x104B0, 0x104D3, 0x10570, 0x1057A,
    0x1057C, 0x1058A, 0x1058C, 0x10592, 0x10594, 0x10595, 0x10781, 0x10785, 0x10787, 0x107B0, 0x107B2, 0x107BF,
    0x10C80, 0x10CB2, 0x10D50, 0x10D65, 0x118A0, 0x118BF, 0x16E40, 0x16E5F, 0x16EA0, 0x16EB8, 0x1B123, 0x1B126,
    0x1BCA0, 0x1BCA3, 0x1CCD6, 0x1CCF9, 0x1D15E, 0x1D164, 0x1D173, 0x1D17A, 0x1D1BB, 0x1D1C0, 0x1D400, 0x1D454,
    0x1D456, 0x1D49C, 0x1D49E, 0x1D49F, 0x1D4A2, 0x1D4A2, 0x1D4A5, 0x1D4A6, 0x1D4A9, 0x1D4AC, 0x1D4AE, 0x1D4B9,
    0x1D4BB, 0x1D4BB, 0x1D4BD, 0x1D4C3, 0x1D4C5, 0x1D505, 0x1D507, 0x1D50A, 0x1D50D, 0x1D514, 0x1D516, 0x1D51C,
    0x1D51E, 0x1D539, 0x1D53B, 0x1D53E, 0x1D540, 0x1D544, 0x1D546, 0x1D546, 0x1D54A, 0x1D550, 0x1D552, 0x1D6A6,
    0x1D6A8, 0x1D7CB, 0x1D7CE, 0x1D7FF, 0x1DF40, 0x1DF40, 0x1DF48, 0x1DF48, 0x1DF4A, 0x1DF4A, 0x1DF4D, 0x1DF4D,
    0x1DF51, 0x1DF51, 0x1DF68, 0x1DF68, 0x1DF6A, 0x1DF6A, 0x1DF6C, 0x1DF6C, 0x1DF6E, 0x1DF6E, 0x1DF72, 0x1DF72,
    0x1DF74, 0x1DF74, 0x1DF76, 0x1DF76, 0x1DF78, 0x1DF78, 0x1DF7A, 0x1DF7A, 0x1DF7C, 0x1DF7C, 0x1DF7E, 0x1DF7E,
    0x1DF95, 0x1DF95, 0x1DFCD, 0x1DFFF, 0x1E030, 0x1E06D, 0x1E900, 0x1E921, 0x1EE00, 0x1EE03, 0x1EE05, 0x1EE1F,
    0x1EE21, 0x1EE22, 0x1EE24, 0x1EE24, 0x1EE27, 0x1EE27, 0x1EE29, 0x1EE32, 0x1EE34, 0x1EE37, 0x1EE39, 0x1EE39,
    0x1EE3B, 0x1EE3B, 0x1EE42, 0x1EE42, 0x1EE47, 0x1EE47, 0x1EE49, 0x1EE49, 0x1EE4B, 0x1EE4B, 0x1EE4D, 0x1EE4F,
    0x1EE51, 0x1EE52, 0x1EE54, 0x1EE54, 0x1EE57, 0x1EE57, 0x1EE59, 0x1EE59, 0x1EE5B, 0x1EE5B, 0x1EE5D, 0x1EE5D,
    0x1EE5F, 0x1EE5F, 0x1EE61, 0x1EE62, 0x1EE64, 0x1EE64, 0x1EE67, 0x1EE6A, 0x1EE6C, 0x1EE72, 0x1EE74, 0x1EE77,
    0x1EE79, 0x1EE7C, 0x1EE7E, 0x1EE7E, 0x1EE80, 0x1EE89, 0x1EE8B, 0x1EE9B, 0x1EEA1, 0x1EEA3, 0x1EEA5, 0x1EEA9,
    0x1EEAB, 0x1EEBB, 0x1F100, 0x1F10A, 0x1F110, 0x1F12E, 0x1F130, 0x1F14F, 0x1F16A, 0x1F16C, 0x1F190, 0x1F190,
    0x1F200, 0x1F202, 0x1F210, 0x1F23B, 0x1F240, 0x1F248, 0x1F250, 0x1F251, 0x1FBF0, 0x1FBF9, 0x2F800, 0x2FA1D,
    0xE0000, 0xE0FFF,
};
static const uint32_t R_BP_Changes_When_Titlecased[] = {
    0x61, 0x7A, 0xB5, 0xB5, 0xDF, 0xF6, 0xF8, 0xFF, 0x101, 0x101, 0x103, 0x103,
    0x105, 0x105, 0x107, 0x107, 0x109, 0x109, 0x10B, 0x10B, 0x10D, 0x10D, 0x10F, 0x10F,
    0x111, 0x111, 0x113, 0x113, 0x115, 0x115, 0x117, 0x117, 0x119, 0x119, 0x11B, 0x11B,
    0x11D, 0x11D, 0x11F, 0x11F, 0x121, 0x121, 0x123, 0x123, 0x125, 0x125, 0x127, 0x127,
    0x129, 0x129, 0x12B, 0x12B, 0x12D, 0x12D, 0x12F, 0x12F, 0x131, 0x131, 0x133, 0x133,
    0x135, 0x135, 0x137, 0x137, 0x13A, 0x13A, 0x13C, 0x13C, 0x13E, 0x13E, 0x140, 0x140,
    0x142, 0x142, 0x144, 0x144, 0x146, 0x146, 0x148, 0x149, 0x14B, 0x14B, 0x14D, 0x14D,
    0x14F, 0x14F, 0x151, 0x151, 0x153, 0x153, 0x155, 0x155, 0x157, 0x157, 0x159, 0x159,
    0x15B, 0x15B, 0x15D, 0x15D, 0x15F, 0x15F, 0x161, 0x161, 0x163, 0x163, 0x165, 0x165,
    0x167, 0x167, 0x169, 0x169, 0x16B, 0x16B, 0x16D, 0x16D, 0x16F, 0x16F, 0x171, 0x171,
    0x173, 0x173, 0x175, 0x175, 0x177, 0x177, 0x17A, 0x17A, 0x17C, 0x17C, 0x17E, 0x180,
    0x183, 0x183, 0x185, 0x185, 0x188, 0x188, 0x18C, 0x18C, 0x192, 0x192, 0x195, 0x195,
    0x199, 0x19B, 0x19E, 0x19E, 0x1A1, 0x1A1, 0x1A3, 0x1A3, 0x1A5, 0x1A5, 0x1A8, 0x1A8,
    0x1AD, 0x1AD, 0x1B0, 0x1B0, 0x1B4, 0x1B4, 0x1B6, 0x1B6, 0x1B9, 0x1B9, 0x1BD, 0x1BD,
    0x1BF, 0x1BF, 0x1C4, 0x1C4, 0x1C6, 0x1C7, 0x1C9, 0x1CA, 0x1CC, 0x1CC, 0x1CE, 0x1CE,
    0x1D0, 0x1D0, 0x1D2, 0x1D2, 0x1D4, 0x1D4, 0x1D6, 0x1D6, 0x1D8, 0x1D8, 0x1DA, 0x1DA,
    0x1DC, 0x1DD, 0x1DF, 0x1DF, 0x1E1, 0x1E1, 0x1E3, 0x1E3, 0x1E5, 0x1E5, 0x1E7, 0x1E7,
    0x1E9, 0x1E9, 0x1EB, 0x1EB, 0x1ED, 0x1ED, 0x1EF, 0x1F1, 0x1F3, 0x1F3, 0x1F5, 0x1F5,
    0x1F9, 0x1F9, 0x1FB, 0x1FB, 0x1FD, 0x1FD, 0x1FF, 0x1FF, 0x201, 0x201, 0x203, 0x203,
    0x205, 0x205, 0x207, 0x207, 0x209, 0x209, 0x20B, 0x20B, 0x20D, 0x20D, 0x20F, 0x20F,
    0x211, 0x211, 0x213, 0x213, 0x215, 0x215, 0x217, 0x217, 0x219, 0x219, 0x21B, 0x21B,
    0x21D, 0x21D, 0x21F, 0x21F, 0x223, 0x223, 0x225, 0x225, 0x227, 0x227, 0x229, 0x229,
    0x22B, 0x22B, 0x22D, 0x22D, 0x22F, 0x22F, 0x231, 0x231, 0x233, 0x233, 0x23C, 0x23C,
    0x23F, 0x240, 0x242, 0x242, 0x247, 0x247, 0x249, 0x249, 0x24B, 0x24B, 0x24D, 0x24D,
    0x24F, 0x254, 0x256, 0x257, 0x259, 0x259, 0x25B, 0x25C, 0x260, 0x261, 0x263, 0x266,
    0x268, 0x26C, 0x26F, 0x26F, 0x271, 0x272, 0x275, 0x275, 0x277, 0x277, 0x27C, 0x27D,
    0x280, 0x280, 0x282, 0x283, 0x287, 0x28C, 0x292, 0x292, 0x29D, 0x29E, 0x345, 0x345,
    0x371, 0x371, 0x373, 0x373, 0x377, 0x377, 0x37B, 0x37D, 0x390, 0x390, 0x3AC, 0x3CE,
    0x3D0, 0x3D1, 0x3D5, 0x3D7, 0x3D9, 0x3D9, 0x3DB, 0x3DB, 0x3DD, 0x3DD, 0x3DF, 0x3DF,
    0x3E1, 0x3E1, 0x3E3, 0x3E3, 0x3E5, 0x3E5, 0x3E7, 0x3E7, 0x3E9, 0x3E9, 0x3EB, 0x3EB,
    0x3ED, 0x3ED, 0x3EF, 0x3F3, 0x3F5, 0x3F5, 0x3F8, 0x3F8, 0x3FB, 0x3FB, 0x430, 0x45F,
    0x461, 0x461, 0x463, 0x463, 0x465, 0x465, 0x467, 0x467, 0x469, 0x469, 0x46B, 0x46B,
    0x46D, 0x46D, 0x46F, 0x46F, 0x471, 0x471, 0x473, 0x473, 0x475, 0x475, 0x477, 0x477,
    0x479, 0x479, 0x47B, 0x47B, 0x47D, 0x47D, 0x47F, 0x47F, 0x481, 0x481, 0x48B, 0x48B,
    0x48D, 0x48D, 0x48F, 0x48F, 0x491, 0x491, 0x493, 0x493, 0x495, 0x495, 0x497, 0x497,
    0x499, 0x499, 0x49B, 0x49B, 0x49D, 0x49D, 0x49F, 0x49F, 0x4A1, 0x4A1, 0x4A3, 0x4A3,
    0x4A5, 0x4A5, 0x4A7, 0x4A7, 0x4A9, 0x4A9, 0x4AB, 0x4AB, 0x4AD, 0x4AD, 0x4AF, 0x4AF,
    0x4B1, 0x4B1, 0x4B3, 0x4B3, 0x4B5, 0x4B5, 0x4B7, 0x4B7, 0x4B9, 0x4B9, 0x4BB, 0x4BB,
    0x4BD, 0x4BD, 0x4BF, 0x4BF, 0x4C2, 0x4C2, 0x4C4, 0x4C4, 0x4C6, 0x4C6, 0x4C8, 0x4C8,
    0x4CA, 0x4CA, 0x4CC, 0x4CC, 0x4CE, 0x4CF, 0x4D1, 0x4D1, 0x4D3, 0x4D3, 0x4D5, 0x4D5,
    0x4D7, 0x4D7, 0x4D9, 0x4D9, 0x4DB, 0x4DB, 0x4DD, 0x4DD, 0x4DF, 0x4DF, 0x4E1, 0x4E1,
    0x4E3, 0x4E3, 0x4E5, 0x4E5, 0x4E7, 0x4E7, 0x4E9, 0x4E9, 0x4EB, 0x4EB, 0x4ED, 0x4ED,
    0x4EF, 0x4EF, 0x4F1, 0x4F1, 0x4F3, 0x4F3, 0x4F5, 0x4F5, 0x4F7, 0x4F7, 0x4F9, 0x4F9,
    0x4FB, 0x4FB, 0x4FD, 0x4FD, 0x4FF, 0x4FF, 0x501, 0x501, 0x503, 0x503, 0x505, 0x505,
    0x507, 0x507, 0x509, 0x509, 0x50B, 0x50B, 0x50D, 0x50D, 0x50F, 0x50F, 0x511, 0x511,
    0x513, 0x513, 0x515, 0x515, 0x517, 0x517, 0x519, 0x519, 0x51B, 0x51B, 0x51D, 0x51D,
    0x51F, 0x51F, 0x521, 0x521, 0x523, 0x523, 0x525, 0x525, 0x527, 0x527, 0x529, 0x529,
    0x52B, 0x52B, 0x52D, 0x52D, 0x52F, 0x52F, 0x561, 0x587, 0x13F8, 0x13FD, 0x1C80, 0x1C88,
    0x1C8A, 0x1C8A, 0x1D79, 0x1D79, 0x1D7D, 0x1D7D, 0x1D8E, 0x1D8E, 0x1E01, 0x1E01, 0x1E03, 0x1E03,
    0x1E05, 0x1E05, 0x1E07, 0x1E07, 0x1E09, 0x1E09, 0x1E0B, 0x1E0B, 0x1E0D, 0x1E0D, 0x1E0F, 0x1E0F,
    0x1E11, 0x1E11, 0x1E13, 0x1E13, 0x1E15, 0x1E15, 0x1E17, 0x1E17, 0x1E19, 0x1E19, 0x1E1B, 0x1E1B,
    0x1E1D, 0x1E1D, 0x1E1F, 0x1E1F, 0x1E21, 0x1E21, 0x1E23, 0x1E23, 0x1E25, 0x1E25, 0x1E27, 0x1E27,
    0x1E29, 0x1E29, 0x1E2B, 0x1E2B, 0x1E2D, 0x1E2D, 0x1E2F, 0x1E2F, 0x1E31, 0x1E31, 0x1E33, 0x1E33,
    0x1E35, 0x1E35, 0x1E37, 0x1E37, 0x1E39, 0x1E39, 0x1E3B, 0x1E3B, 0x1E3D, 0x1E3D, 0x1E3F, 0x1E3F,
    0x1E41, 0x1E41, 0x1E43, 0x1E43, 0x1E45, 0x1E45, 0x1E47, 0x1E47, 0x1E49, 0x1E49, 0x1E4B, 0x1E4B,
    0x1E4D, 0x1E4D, 0x1E4F, 0x1E4F, 0x1E51, 0x1E51, 0x1E53, 0x1E53, 0x1E55, 0x1E55, 0x1E57, 0x1E57,
    0x1E59, 0x1E59, 0x1E5B, 0x1E5B, 0x1E5D, 0x1E5D, 0x1E5F, 0x1E5F, 0x1E61, 0x1E61, 0x1E63, 0x1E63,
    0x1E65, 0x1E65, 0x1E67, 0x1E67, 0x1E69, 0x1E69, 0x1E6B, 0x1E6B, 0x1E6D, 0x1E6D, 0x1E6F, 0x1E6F,
    0x1E71, 0x1E71, 0x1E73, 0x1E73, 0x1E75, 0x1E75, 0x1E77, 0x1E77, 0x1E79, 0x1E79, 0x1E7B, 0x1E7B,
    0x1E7D, 0x1E7D, 0x1E7F, 0x1E7F, 0x1E81, 0x1E81, 0x1E83, 0x1E83, 0x1E85, 0x1E85, 0x1E87, 0x1E87,
    0x1E89, 0x1E89, 0x1E8B, 0x1E8B, 0x1E8D, 0x1E8D, 0x1E8F, 0x1E8F, 0x1E91, 0x1E91, 0x1E93, 0x1E93,
    0x1E95, 0x1E9B, 0x1EA1, 0x1EA1, 0x1EA3, 0x1EA3, 0x1EA5, 0x1EA5, 0x1EA7, 0x1EA7, 0x1EA9, 0x1EA9,
    0x1EAB, 0x1EAB, 0x1EAD, 0x1EAD, 0x1EAF, 0x1EAF, 0x1EB1, 0x1EB1, 0x1EB3, 0x1EB3, 0x1EB5, 0x1EB5,
    0x1EB7, 0x1EB7, 0x1EB9, 0x1EB9, 0x1EBB, 0x1EBB, 0x1EBD, 0x1EBD, 0x1EBF, 0x1EBF, 0x1EC1, 0x1EC1,
    0x1EC3, 0x1EC3, 0x1EC5, 0x1EC5, 0x1EC7, 0x1EC7, 0x1EC9, 0x1EC9, 0x1ECB, 0x1ECB, 0x1ECD, 0x1ECD,
    0x1ECF, 0x1ECF, 0x1ED1, 0x1ED1, 0x1ED3, 0x1ED3, 0x1ED5, 0x1ED5, 0x1ED7, 0x1ED7, 0x1ED9, 0x1ED9,
    0x1EDB, 0x1EDB, 0x1EDD, 0x1EDD, 0x1EDF, 0x1EDF, 0x1EE1, 0x1EE1, 0x1EE3, 0x1EE3, 0x1EE5, 0x1EE5,
    0x1EE7, 0x1EE7, 0x1EE9, 0x1EE9, 0x1EEB, 0x1EEB, 0x1EED, 0x1EED, 0x1EEF, 0x1EEF, 0x1EF1, 0x1EF1,
    0x1EF3, 0x1EF3, 0x1EF5, 0x1EF5, 0x1EF7, 0x1EF7, 0x1EF9, 0x1EF9, 0x1EFB, 0x1EFB, 0x1EFD, 0x1EFD,
    0x1EFF, 0x1F07, 0x1F10, 0x1F15, 0x1F20, 0x1F27, 0x1F30, 0x1F37, 0x1F40, 0x1F45, 0x1F50, 0x1F57,
    0x1F60, 0x1F67, 0x1F70, 0x1F7D, 0x1F80, 0x1F87, 0x1F90, 0x1F97, 0x1FA0, 0x1FA7, 0x1FB0, 0x1FB4,
    0x1FB6, 0x1FB7, 0x1FBE, 0x1FBE, 0x1FC2, 0x1FC4, 0x1FC6, 0x1FC7, 0x1FD0, 0x1FD3, 0x1FD6, 0x1FD7,
    0x1FE0, 0x1FE7, 0x1FF2, 0x1FF4, 0x1FF6, 0x1FF7, 0x214E, 0x214E, 0x2170, 0x217F, 0x2184, 0x2184,
    0x24D0, 0x24E9, 0x2C30, 0x2C5F, 0x2C61, 0x2C61, 0x2C65, 0x2C66, 0x2C68, 0x2C68, 0x2C6A, 0x2C6A,
    0x2C6C, 0x2C6C, 0x2C73, 0x2C73, 0x2C76, 0x2C76, 0x2C81, 0x2C81, 0x2C83, 0x2C83, 0x2C85, 0x2C85,
    0x2C87, 0x2C87, 0x2C89, 0x2C89, 0x2C8B, 0x2C8B, 0x2C8D, 0x2C8D, 0x2C8F, 0x2C8F, 0x2C91, 0x2C91,
    0x2C93, 0x2C93, 0x2C95, 0x2C95, 0x2C97, 0x2C97, 0x2C99, 0x2C99, 0x2C9B, 0x2C9B, 0x2C9D, 0x2C9D,
    0x2C9F, 0x2C9F, 0x2CA1, 0x2CA1, 0x2CA3, 0x2CA3, 0x2CA5, 0x2CA5, 0x2CA7, 0x2CA7, 0x2CA9, 0x2CA9,
    0x2CAB, 0x2CAB, 0x2CAD, 0x2CAD, 0x2CAF, 0x2CAF, 0x2CB1, 0x2CB1, 0x2CB3, 0x2CB3, 0x2CB5, 0x2CB5,
    0x2CB7, 0x2CB7, 0x2CB9, 0x2CB9, 0x2CBB, 0x2CBB, 0x2CBD, 0x2CBD, 0x2CBF, 0x2CBF, 0x2CC1, 0x2CC1,
    0x2CC3, 0x2CC3, 0x2CC5, 0x2CC5, 0x2CC7, 0x2CC7, 0x2CC9, 0x2CC9, 0x2CCB, 0x2CCB, 0x2CCD, 0x2CCD,
    0x2CCF, 0x2CCF, 0x2CD1, 0x2CD1, 0x2CD3, 0x2CD3, 0x2CD5, 0x2CD5, 0x2CD7, 0x2CD7, 0x2CD9, 0x2CD9,
    0x2CDB, 0x2CDB, 0x2CDD, 0x2CDD, 0x2CDF, 0x2CDF, 0x2CE1, 0x2CE1, 0x2CE3, 0x2CE3, 0x2CEC, 0x2CEC,
    0x2CEE, 0x2CEE, 0x2CF3, 0x2CF3, 0x2D00, 0x2D25, 0x2D27, 0x2D27, 0x2D2D, 0x2D2D, 0xA641, 0xA641,
    0xA643, 0xA643, 0xA645, 0xA645, 0xA647, 0xA647, 0xA649, 0xA649, 0xA64B, 0xA64B, 0xA64D, 0xA64D,
    0xA64F, 0xA64F, 0xA651, 0xA651, 0xA653, 0xA653, 0xA655, 0xA655, 0xA657, 0xA657, 0xA659, 0xA659,
    0xA65B, 0xA65B, 0xA65D, 0xA65D, 0xA65F, 0xA65F, 0xA661, 0xA661, 0xA663, 0xA663, 0xA665, 0xA665,
    0xA667, 0xA667, 0xA669, 0xA669, 0xA66B, 0xA66B, 0xA66D, 0xA66D, 0xA681, 0xA681, 0xA683, 0xA683,
    0xA685, 0xA685, 0xA687, 0xA687, 0xA689, 0xA689, 0xA68B, 0xA68B, 0xA68D, 0xA68D, 0xA68F, 0xA68F,
    0xA691, 0xA691, 0xA693, 0xA693, 0xA695, 0xA695, 0xA697, 0xA697, 0xA699, 0xA699, 0xA69B, 0xA69B,
    0xA723, 0xA723, 0xA725, 0xA725, 0xA727, 0xA727, 0xA729, 0xA729, 0xA72B, 0xA72B, 0xA72D, 0xA72D,
    0xA72F, 0xA72F, 0xA733, 0xA733, 0xA735, 0xA735, 0xA737, 0xA737, 0xA739, 0xA739, 0xA73B, 0xA73B,
    0xA73D, 0xA73D, 0xA73F, 0xA73F, 0xA741, 0xA741, 0xA743, 0xA743, 0xA745, 0xA745, 0xA747, 0xA747,
    0xA749, 0xA749, 0xA74B, 0xA74B, 0xA74D, 0xA74D, 0xA74F, 0xA74F, 0xA751, 0xA751, 0xA753, 0xA753,
    0xA755, 0xA755, 0xA757, 0xA757, 0xA759, 0xA759, 0xA75B, 0xA75B, 0xA75D, 0xA75D, 0xA75F, 0xA75F,
    0xA761, 0xA761, 0xA763, 0xA763, 0xA765, 0xA765, 0xA767, 0xA767, 0xA769, 0xA769, 0xA76B, 0xA76B,
    0xA76D, 0xA76D, 0xA76F, 0xA76F, 0xA77A, 0xA77A, 0xA77C, 0xA77C, 0xA77F, 0xA77F, 0xA781, 0xA781,
    0xA783, 0xA783, 0xA785, 0xA785, 0xA787, 0xA787, 0xA78C, 0xA78C, 0xA791, 0xA791, 0xA793, 0xA794,
    0xA797, 0xA797, 0xA799, 0xA799, 0xA79B, 0xA79B, 0xA79D, 0xA79D, 0xA79F, 0xA79F, 0xA7A1, 0xA7A1,
    0xA7A3, 0xA7A3, 0xA7A5, 0xA7A5, 0xA7A7, 0xA7A7, 0xA7A9, 0xA7A9, 0xA7B5, 0xA7B5, 0xA7B7, 0xA7B7,
    0xA7B9, 0xA7B9, 0xA7BB, 0xA7BB, 0xA7BD, 0xA7BD, 0xA7BF, 0xA7BF, 0xA7C1, 0xA7C1, 0xA7C3, 0xA7C3,
    0xA7C8, 0xA7C8, 0xA7CA, 0xA7CA, 0xA7CD, 0xA7CD, 0xA7CF, 0xA7CF, 0xA7D1, 0xA7D1, 0xA7D3, 0xA7D3,
    0xA7D5, 0xA7D5, 0xA7D7, 0xA7D7, 0xA7D9, 0xA7D9, 0xA7DB, 0xA7DB, 0xA7F6, 0xA7F6, 0xAB4B, 0xAB4C,
    0xAB53, 0xAB53, 0xAB70, 0xABBF, 0xFB00, 0xFB06, 0xFB13, 0xFB17, 0xFF41, 0xFF5A, 0x10428, 0x1044F,
    0x104D8, 0x104FB, 0x10597, 0x105A1, 0x105A3, 0x105B1, 0x105B3, 0x105B9, 0x105BB, 0x105BC, 0x10CC0, 0x10CF2,
    0x10D70, 0x10D85, 0x118C0, 0x118DF, 0x16E60, 0x16E7F, 0x16EBB, 0x16ED3, 0x1DF41, 0x1DF41, 0x1DF49, 0x1DF49,
    0x1DF4B, 0x1DF4B, 0x1DF4E, 0x1DF4E, 0x1DF52, 0x1DF52, 0x1DF69, 0x1DF69, 0x1DF6B, 0x1DF6B, 0x1DF6D, 0x1DF6D,
    0x1DF6F, 0x1DF6F, 0x1DF73, 0x1DF73, 0x1DF75, 0x1DF75, 0x1DF77, 0x1DF77, 0x1DF79, 0x1DF79, 0x1DF7B, 0x1DF7B,
    0x1DF7D, 0x1DF7D, 0x1DF7F, 0x1DF7F, 0x1DF95, 0x1DF95, 0x1E922, 0x1E943,
};
static const uint32_t R_BP_Changes_When_Uppercased[] = {
    0x61, 0x7A, 0xB5, 0xB5, 0xDF, 0xF6, 0xF8, 0xFF, 0x101, 0x101, 0x103, 0x103,
    0x105, 0x105, 0x107, 0x107, 0x109, 0x109, 0x10B, 0x10B, 0x10D, 0x10D, 0x10F, 0x10F,
    0x111, 0x111, 0x113, 0x113, 0x115, 0x115, 0x117, 0x117, 0x119, 0x119, 0x11B, 0x11B,
    0x11D, 0x11D, 0x11F, 0x11F, 0x121, 0x121, 0x123, 0x123, 0x125, 0x125, 0x127, 0x127,
    0x129, 0x129, 0x12B, 0x12B, 0x12D, 0x12D, 0x12F, 0x12F, 0x131, 0x131, 0x133, 0x133,
    0x135, 0x135, 0x137, 0x137, 0x13A, 0x13A, 0x13C, 0x13C, 0x13E, 0x13E, 0x140, 0x140,
    0x142, 0x142, 0x144, 0x144, 0x146, 0x146, 0x148, 0x149, 0x14B, 0x14B, 0x14D, 0x14D,
    0x14F, 0x14F, 0x151, 0x151, 0x153, 0x153, 0x155, 0x155, 0x157, 0x157, 0x159, 0x159,
    0x15B, 0x15B, 0x15D, 0x15D, 0x15F, 0x15F, 0x161, 0x161, 0x163, 0x163, 0x165, 0x165,
    0x167, 0x167, 0x169, 0x169, 0x16B, 0x16B, 0x16D, 0x16D, 0x16F, 0x16F, 0x171, 0x171,
    0x173, 0x173, 0x175, 0x175, 0x177, 0x177, 0x17A, 0x17A, 0x17C, 0x17C, 0x17E, 0x180,
    0x183, 0x183, 0x185, 0x185, 0x188, 0x188, 0x18C, 0x18C, 0x192, 0x192, 0x195, 0x195,
    0x199, 0x19B, 0x19E, 0x19E, 0x1A1, 0x1A1, 0x1A3, 0x1A3, 0x1A5, 0x1A5, 0x1A8, 0x1A8,
    0x1AD, 0x1AD, 0x1B0, 0x1B0, 0x1B4, 0x1B4, 0x1B6, 0x1B6, 0x1B9, 0x1B9, 0x1BD, 0x1BD,
    0x1BF, 0x1BF, 0x1C5, 0x1C6, 0x1C8, 0x1C9, 0x1CB, 0x1CC, 0x1CE, 0x1CE, 0x1D0, 0x1D0,
    0x1D2, 0x1D2, 0x1D4, 0x1D4, 0x1D6, 0x1D6, 0x1D8, 0x1D8, 0x1DA, 0x1DA, 0x1DC, 0x1DD,
    0x1DF, 0x1DF, 0x1E1, 0x1E1, 0x1E3, 0x1E3, 0x1E5, 0x1E5, 0x1E7, 0x1E7, 0x1E9, 0x1E9,
    0x1EB, 0x1EB, 0x1ED, 0x1ED, 0x1EF, 0x1F0, 0x1F2, 0x1F3, 0x1F5, 0x1F5, 0x1F9, 0x1F9,
    0x1FB, 0x1FB, 0x1FD, 0x1FD, 0x1FF, 0x1FF, 0x201, 0x201, 0x203, 0x203, 0x205, 0x205,
    0x207, 0x207, 0x209, 0x209, 0x20B, 0x20B, 0x20D, 0x20D, 0x20F, 0x20F, 0x211, 0x211,
    0x213, 0x213, 0x215, 0x215, 0x217, 0x217, 0x219, 0x219, 0x21B, 0x21B, 0x21D, 0x21D,
    0x21F, 0x21F, 0x223, 0x223, 0x225, 0x225, 0x227, 0x227, 0x229, 0x229, 0x22B, 0x22B,
    0x22D, 0x22D, 0x22F, 0x22F, 0x231, 0x231, 0x233, 0x233, 0x23C, 0x23C, 0x23F, 0x240,
    0x242, 0x242, 0x247, 0x247, 0x249, 0x249, 0x24B, 0x24B, 0x24D, 0x24D, 0x24F, 0x254,
    0x256, 0x257, 0x259, 0x259, 0x25B, 0x25C, 0x260, 0x261, 0x263, 0x266, 0x268, 0x26C,
    0x26F, 0x26F, 0x271, 0x272, 0x275, 0x275, 0x277, 0x277, 0x27C, 0x27D, 0x280, 0x280,
    0x282, 0x283, 0x287, 0x28C, 0x292, 0x292, 0x29D, 0x29E, 0x345, 0x345, 0x371, 0x371,
    0x373, 0x373, 0x377, 0x377, 0x37B, 0x37D, 0x390, 0x390, 0x3AC, 0x3CE, 0x3D0, 0x3D1,
    0x3D5, 0x3D7, 0x3D9, 0x3D9, 0x3DB, 0x3DB, 0x3DD, 0x3DD, 0x3DF, 0x3DF, 0x3E1, 0x3E1,
    0x3E3, 0x3E3, 0x3E5, 0x3E5, 0x3E7, 0x3E7, 0x3E9, 0x3E9, 0x3EB, 0x3EB, 0x3ED, 0x3ED,
    0x3EF, 0x3F3, 0x3F5, 0x3F5, 0x3F8, 0x3F8, 0x3FB, 0x3FB, 0x430, 0x45F, 0x461, 0x461,
    0x463, 0x463, 0x465, 0x465, 0x467, 0x467, 0x469, 0x469, 0x46B, 0x46B, 0x46D, 0x46D,
    0x46F, 0x46F, 0x471, 0x471, 0x473, 0x473, 0x475, 0x475, 0x477, 0x477, 0x479, 0x479,
    0x47B, 0x47B, 0x47D, 0x47D, 0x47F, 0x47F, 0x481, 0x481, 0x48B, 0x48B, 0x48D, 0x48D,
    0x48F, 0x48F, 0x491, 0x491, 0x493, 0x493, 0x495, 0x495, 0x497, 0x497, 0x499, 0x499,
    0x49B, 0x49B, 0x49D, 0x49D, 0x49F, 0x49F, 0x4A1, 0x4A1, 0x4A3, 0x4A3, 0x4A5, 0x4A5,
    0x4A7, 0x4A7, 0x4A9, 0x4A9, 0x4AB, 0x4AB, 0x4AD, 0x4AD, 0x4AF, 0x4AF, 0x4B1, 0x4B1,
    0x4B3, 0x4B3, 0x4B5, 0x4B5, 0x4B7, 0x4B7, 0x4B9, 0x4B9, 0x4BB, 0x4BB, 0x4BD, 0x4BD,
    0x4BF, 0x4BF, 0x4C2, 0x4C2, 0x4C4, 0x4C4, 0x4C6, 0x4C6, 0x4C8, 0x4C8, 0x4CA, 0x4CA,
    0x4CC, 0x4CC, 0x4CE, 0x4CF, 0x4D1, 0x4D1, 0x4D3, 0x4D3, 0x4D5, 0x4D5, 0x4D7, 0x4D7,
    0x4D9, 0x4D9, 0x4DB, 0x4DB, 0x4DD, 0x4DD, 0x4DF, 0x4DF, 0x4E1, 0x4E1, 0x4E3, 0x4E3,
    0x4E5, 0x4E5, 0x4E7, 0x4E7, 0x4E9, 0x4E9, 0x4EB, 0x4EB, 0x4ED, 0x4ED, 0x4EF, 0x4EF,
    0x4F1, 0x4F1, 0x4F3, 0x4F3, 0x4F5, 0x4F5, 0x4F7, 0x4F7, 0x4F9, 0x4F9, 0x4FB, 0x4FB,
    0x4FD, 0x4FD, 0x4FF, 0x4FF, 0x501, 0x501, 0x503, 0x503, 0x505, 0x505, 0x507, 0x507,
    0x509, 0x509, 0x50B, 0x50B, 0x50D, 0x50D, 0x50F, 0x50F, 0x511, 0x511, 0x513, 0x513,
    0x515, 0x515, 0x517, 0x517, 0x519, 0x519, 0x51B, 0x51B, 0x51D, 0x51D, 0x51F, 0x51F,
    0x521, 0x521, 0x523, 0x523, 0x525, 0x525, 0x527, 0x527, 0x529, 0x529, 0x52B, 0x52B,
    0x52D, 0x52D, 0x52F, 0x52F, 0x561, 0x587, 0x10D0, 0x10FA, 0x10FD, 0x10FF, 0x13F8, 0x13FD,
    0x1C80, 0x1C88, 0x1C8A, 0x1C8A, 0x1D79, 0x1D79, 0x1D7D, 0x1D7D, 0x1D8E, 0x1D8E, 0x1E01, 0x1E01,
    0x1E03, 0x1E03, 0x1E05, 0x1E05, 0x1E07, 0x1E07, 0x1E09, 0x1E09, 0x1E0B, 0x1E0B, 0x1E0D, 0x1E0D,
    0x1E0F, 0x1E0F, 0x1E11, 0x1E11, 0x1E13, 0x1E13, 0x1E15, 0x1E15, 0x1E17, 0x1E17, 0x1E19, 0x1E19,
    0x1E1B, 0x1E1B, 0x1E1D, 0x1E1D, 0x1E1F, 0x1E1F, 0x1E21, 0x1E21, 0x1E23, 0x1E23, 0x1E25, 0x1E25,
    0x1E27, 0x1E27, 0x1E29, 0x1E29, 0x1E2B, 0x1E2B, 0x1E2D, 0x1E2D, 0x1E2F, 0x1E2F, 0x1E31, 0x1E31,
    0x1E33, 0x1E33, 0x1E35, 0x1E35, 0x1E37, 0x1E37, 0x1E39, 0x1E39, 0x1E3B, 0x1E3B, 0x1E3D, 0x1E3D,
    0x1E3F, 0x1E3F, 0x1E41, 0x1E41, 0x1E43, 0x1E43, 0x1E45, 0x1E45, 0x1E47, 0x1E47, 0x1E49, 0x1E49,
    0x1E4B, 0x1E4B, 0x1E4D, 0x1E4D, 0x1E4F, 0x1E4F, 0x1E51, 0x1E51, 0x1E53, 0x1E53, 0x1E55, 0x1E55,
    0x1E57, 0x1E57, 0x1E59, 0x1E59, 0x1E5B, 0x1E5B, 0x1E5D, 0x1E5D, 0x1E5F, 0x1E5F, 0x1E61, 0x1E61,
    0x1E63, 0x1E63, 0x1E65, 0x1E65, 0x1E67, 0x1E67, 0x1E69, 0x1E69, 0x1E6B, 0x1E6B, 0x1E6D, 0x1E6D,
    0x1E6F, 0x1E6F, 0x1E71, 0x1E71, 0x1E73, 0x1E73, 0x1E75, 0x1E75, 0x1E77, 0x1E77, 0x1E79, 0x1E79,
    0x1E7B, 0x1E7B, 0x1E7D, 0x1E7D, 0x1E7F, 0x1E7F, 0x1E81, 0x1E81, 0x1E83, 0x1E83, 0x1E85, 0x1E85,
    0x1E87, 0x1E87, 0x1E89, 0x1E89, 0x1E8B, 0x1E8B, 0x1E8D, 0x1E8D, 0x1E8F, 0x1E8F, 0x1E91, 0x1E91,
    0x1E93, 0x1E93, 0x1E95, 0x1E9B, 0x1EA1, 0x1EA1, 0x1EA3, 0x1EA3, 0x1EA5, 0x1EA5, 0x1EA7, 0x1EA7,
    0x1EA9, 0x1EA9, 0x1EAB, 0x1EAB, 0x1EAD, 0x1EAD, 0x1EAF, 0x1EAF, 0x1EB1, 0x1EB1, 0x1EB3, 0x1EB3,
    0x1EB5, 0x1EB5, 0x1EB7, 0x1EB7, 0x1EB9, 0x1EB9, 0x1EBB, 0x1EBB, 0x1EBD, 0x1EBD, 0x1EBF, 0x1EBF,
    0x1EC1, 0x1EC1, 0x1EC3, 0x1EC3, 0x1EC5, 0x1EC5, 0x1EC7, 0x1EC7, 0x1EC9, 0x1EC9, 0x1ECB, 0x1ECB,
    0x1ECD, 0x1ECD, 0x1ECF, 0x1ECF, 0x1ED1, 0x1ED1, 0x1ED3, 0x1ED3, 0x1ED5, 0x1ED5, 0x1ED7, 0x1ED7,
    0x1ED9, 0x1ED9, 0x1EDB, 0x1EDB, 0x1EDD, 0x1EDD, 0x1EDF, 0x1EDF, 0x1EE1, 0x1EE1, 0x1EE3, 0x1EE3,
    0x1EE5, 0x1EE5, 0x1EE7, 0x1EE7, 0x1EE9, 0x1EE9, 0x1EEB, 0x1EEB, 0x1EED, 0x1EED, 0x1EEF, 0x1EEF,
    0x1EF1, 0x1EF1, 0x1EF3, 0x1EF3, 0x1EF5, 0x1EF5, 0x1EF7, 0x1EF7, 0x1EF9, 0x1EF9, 0x1EFB, 0x1EFB,
    0x1EFD, 0x1EFD, 0x1EFF, 0x1F07, 0x1F10, 0x1F15, 0x1F20, 0x1F27, 0x1F30, 0x1F37, 0x1F40, 0x1F45,
    0x1F50, 0x1F57, 0x1F60, 0x1F67, 0x1F70, 0x1F7D, 0x1F80, 0x1FB4, 0x1FB6, 0x1FB7, 0x1FBC, 0x1FBC,
    0x1FBE, 0x1FBE, 0x1FC2, 0x1FC4, 0x1FC6, 0x1FC7, 0x1FCC, 0x1FCC, 0x1FD0, 0x1FD3, 0x1FD6, 0x1FD7,
    0x1FE0, 0x1FE7, 0x1FF2, 0x1FF4, 0x1FF6, 0x1FF7, 0x1FFC, 0x1FFC, 0x214E, 0x214E, 0x2170, 0x217F,
    0x2184, 0x2184, 0x24D0, 0x24E9, 0x2C30, 0x2C5F, 0x2C61, 0x2C61, 0x2C65, 0x2C66, 0x2C68, 0x2C68,
    0x2C6A, 0x2C6A, 0x2C6C, 0x2C6C, 0x2C73, 0x2C73, 0x2C76, 0x2C76, 0x2C81, 0x2C81, 0x2C83, 0x2C83,
    0x2C85, 0x2C85, 0x2C87, 0x2C87, 0x2C89, 0x2C89, 0x2C8B, 0x2C8B, 0x2C8D, 0x2C8D, 0x2C8F, 0x2C8F,
    0x2C91, 0x2C91, 0x2C93, 0x2C93, 0x2C95, 0x2C95, 0x2C97, 0x2C97, 0x2C99, 0x2C99, 0x2C9B, 0x2C9B,
    0x2C9D, 0x2C9D, 0x2C9F, 0x2C9F, 0x2CA1, 0x2CA1, 0x2CA3, 0x2CA3, 0x2CA5, 0x2CA5, 0x2CA7, 0x2CA7,
    0x2CA9, 0x2CA9, 0x2CAB, 0x2CAB, 0x2CAD, 0x2CAD, 0x2CAF, 0x2CAF, 0x2CB1, 0x2CB1, 0x2CB3, 0x2CB3,
    0x2CB5, 0x2CB5, 0x2CB7, 0x2CB7, 0x2CB9, 0x2CB9, 0x2CBB, 0x2CBB, 0x2CBD, 0x2CBD, 0x2CBF, 0x2CBF,
    0x2CC1, 0x2CC1, 0x2CC3, 0x2CC3, 0x2CC5, 0x2CC5, 0x2CC7, 0x2CC7, 0x2CC9, 0x2CC9, 0x2CCB, 0x2CCB,
    0x2CCD, 0x2CCD, 0x2CCF, 0x2CCF, 0x2CD1, 0x2CD1, 0x2CD3, 0x2CD3, 0x2CD5, 0x2CD5, 0x2CD7, 0x2CD7,
    0x2CD9, 0x2CD9, 0x2CDB, 0x2CDB, 0x2CDD, 0x2CDD, 0x2CDF, 0x2CDF, 0x2CE1, 0x2CE1, 0x2CE3, 0x2CE3,
    0x2CEC, 0x2CEC, 0x2CEE, 0x2CEE, 0x2CF3, 0x2CF3, 0x2D00, 0x2D25, 0x2D27, 0x2D27, 0x2D2D, 0x2D2D,
    0xA641, 0xA641, 0xA643, 0xA643, 0xA645, 0xA645, 0xA647, 0xA647, 0xA649, 0xA649, 0xA64B, 0xA64B,
    0xA64D, 0xA64D, 0xA64F, 0xA64F, 0xA651, 0xA651, 0xA653, 0xA653, 0xA655, 0xA655, 0xA657, 0xA657,
    0xA659, 0xA659, 0xA65B, 0xA65B, 0xA65D, 0xA65D, 0xA65F, 0xA65F, 0xA661, 0xA661, 0xA663, 0xA663,
    0xA665, 0xA665, 0xA667, 0xA667, 0xA669, 0xA669, 0xA66B, 0xA66B, 0xA66D, 0xA66D, 0xA681, 0xA681,
    0xA683, 0xA683, 0xA685, 0xA685, 0xA687, 0xA687, 0xA689, 0xA689, 0xA68B, 0xA68B, 0xA68D, 0xA68D,
    0xA68F, 0xA68F, 0xA691, 0xA691, 0xA693, 0xA693, 0xA695, 0xA695, 0xA697, 0xA697, 0xA699, 0xA699,
    0xA69B, 0xA69B, 0xA723, 0xA723, 0xA725, 0xA725, 0xA727, 0xA727, 0xA729, 0xA729, 0xA72B, 0xA72B,
    0xA72D, 0xA72D, 0xA72F, 0xA72F, 0xA733, 0xA733, 0xA735, 0xA735, 0xA737, 0xA737, 0xA739, 0xA739,
    0xA73B, 0xA73B, 0xA73D, 0xA73D, 0xA73F, 0xA73F, 0xA741, 0xA741, 0xA743, 0xA743, 0xA745, 0xA745,
    0xA747, 0xA747, 0xA749, 0xA749, 0xA74B, 0xA74B, 0xA74D, 0xA74D, 0xA74F, 0xA74F, 0xA751, 0xA751,
    0xA753, 0xA753, 0xA755, 0xA755, 0xA757, 0xA757, 0xA759, 0xA759, 0xA75B, 0xA75B, 0xA75D, 0xA75D,
    0xA75F, 0xA75F, 0xA761, 0xA761, 0xA763, 0xA763, 0xA765, 0xA765, 0xA767, 0xA767, 0xA769, 0xA769,
    0xA76B, 0xA76B, 0xA76D, 0xA76D, 0xA76F, 0xA76F, 0xA77A, 0xA77A, 0xA77C, 0xA77C, 0xA77F, 0xA77F,
    0xA781, 0xA781, 0xA783, 0xA783, 0xA785, 0xA785, 0xA787, 0xA787, 0xA78C, 0xA78C, 0xA791, 0xA791,
    0xA793, 0xA794, 0xA797, 0xA797, 0xA799, 0xA799, 0xA79B, 0xA79B, 0xA79D, 0xA79D, 0xA79F, 0xA79F,
    0xA7A1, 0xA7A1, 0xA7A3, 0xA7A3, 0xA7A5, 0xA7A5, 0xA7A7, 0xA7A7, 0xA7A9, 0xA7A9, 0xA7B5, 0xA7B5,
    0xA7B7, 0xA7B7, 0xA7B9, 0xA7B9, 0xA7BB, 0xA7BB, 0xA7BD, 0xA7BD, 0xA7BF, 0xA7BF, 0xA7C1, 0xA7C1,
    0xA7C3, 0xA7C3, 0xA7C8, 0xA7C8, 0xA7CA, 0xA7CA, 0xA7CD, 0xA7CD, 0xA7CF, 0xA7CF, 0xA7D1, 0xA7D1,
    0xA7D3, 0xA7D3, 0xA7D5, 0xA7D5, 0xA7D7, 0xA7D7, 0xA7D9, 0xA7D9, 0xA7DB, 0xA7DB, 0xA7F6, 0xA7F6,
    0xAB4B, 0xAB4C, 0xAB53, 0xAB53, 0xAB70, 0xABBF, 0xFB00, 0xFB06, 0xFB13, 0xFB17, 0xFF41, 0xFF5A,
    0x10428, 0x1044F, 0x104D8, 0x104FB, 0x10597, 0x105A1, 0x105A3, 0x105B1, 0x105B3, 0x105B9, 0x105BB, 0x105BC,
    0x10CC0, 0x10CF2, 0x10D70, 0x10D85, 0x118C0, 0x118DF, 0x16E60, 0x16E7F, 0x16EBB, 0x16ED3, 0x1DF41, 0x1DF41,
    0x1DF49, 0x1DF49, 0x1DF4B, 0x1DF4B, 0x1DF4E, 0x1DF4E, 0x1DF52, 0x1DF52, 0x1DF69, 0x1DF69, 0x1DF6B, 0x1DF6B,
    0x1DF6D, 0x1DF6D, 0x1DF6F, 0x1DF6F, 0x1DF73, 0x1DF73, 0x1DF75, 0x1DF75, 0x1DF77, 0x1DF77, 0x1DF79, 0x1DF79,
    0x1DF7B, 0x1DF7B, 0x1DF7D, 0x1DF7D, 0x1DF7F, 0x1DF7F, 0x1DF95, 0x1DF95, 0x1E922, 0x1E943,
};
static const uint32_t R_BP_Dash[] = {
    0x2D, 0x2D, 0x58A, 0x58A, 0x5BE, 0x5BE, 0x1400, 0x1400, 0x1806, 0x1806, 0x2010, 0x2015,
    0x2053, 0x2053, 0x207B, 0x207B, 0x208B, 0x208B, 0x2212, 0x2212, 0x2E17, 0x2E17, 0x2E1A, 0x2E1A,
    0x2E3A, 0x2E3B, 0x2E40, 0x2E40, 0x2E5D, 0x2E5D, 0x301C, 0x301C, 0x3030, 0x3030, 0x30A0, 0x30A0,
    0xFE31, 0xFE32, 0xFE58, 0xFE58, 0xFE63, 0xFE63, 0xFF0D, 0xFF0D, 0x10D6E, 0x10D6E, 0x10EAD, 0x10EAD,
};
static const uint32_t R_BP_Default_Ignorable_Code_Point[] = {
    0xAD, 0xAD, 0x34F, 0x34F, 0x61C, 0x61C, 0x115F, 0x1160, 0x17B4, 0x17B5, 0x180B, 0x180F,
    0x200B, 0x200F, 0x202A, 0x202E, 0x2060, 0x206F, 0x3164, 0x3164, 0xFE00, 0xFE0F, 0xFEFF, 0xFEFF,
    0xFFA0, 0xFFA0, 0xFFF0, 0xFFF8, 0x1BCA0, 0x1BCA3, 0x1D173, 0x1D17A, 0xE0000, 0xE0FFF,
};
static const uint32_t R_BP_Deprecated[] = {
    0x149, 0x149, 0x673, 0x673, 0xF77, 0xF77, 0xF79, 0xF79, 0x17A3, 0x17A4, 0x206A, 0x206F,
    0x2329, 0x232A, 0xE0001, 0xE0001,
};
static const uint32_t R_BP_Diacritic[] = {
    0x5E, 0x5E, 0x60, 0x60, 0xA8, 0xA8, 0xAF, 0xAF, 0xB4, 0xB4, 0xB7, 0xB8,
    0x2B0, 0x34E, 0x350, 0x357, 0x35D, 0x362, 0x374, 0x375, 0x37A, 0x37A, 0x384, 0x385,
    0x483, 0x487, 0x558, 0x559, 0x58B, 0x58C, 0x591, 0x5BD, 0x5BF, 0x5BF, 0x5C1, 0x5C2,
    0x5C4, 0x5C5, 0x5C7, 0x5C9, 0x64B, 0x652, 0x656, 0x658, 0x6DF, 0x6E0, 0x6E2, 0x6E2,
    0x6E5, 0x6E6, 0x6EA, 0x6EC, 0x730, 0x74A, 0x7A6, 0x7B0, 0x7EB, 0x7F5, 0x818, 0x819,
    0x898, 0x89F, 0x8C9, 0x8D3, 0x8E3, 0x8FE, 0x93C, 0x93C, 0x94D, 0x94D, 0x951, 0x954,
    0x971, 0x971, 0x9BC, 0x9BC, 0x9CD, 0x9CD, 0xA3C, 0xA3C, 0xA4D, 0xA4D, 0xABC, 0xABC,
    0xACD, 0xACD, 0xAFD, 0xAFF, 0xB3C, 0xB3C, 0xB4D, 0xB4D, 0xB53, 0xB55, 0xBCD, 0xBCD,
    0xC3C, 0xC3C, 0xC4D, 0xC4D, 0xCBC, 0xCBC, 0xCCD, 0xCCD, 0xD3B, 0xD3C, 0xD4D, 0xD4D,
    0xDCA, 0xDCA, 0xE3A, 0xE3A, 0xE47, 0xE4C, 0xE4E, 0xE4E, 0xEBA, 0xEBA, 0xEC8, 0xECC,
    0xF18, 0xF19, 0xF35, 0xF35, 0xF37, 0xF37, 0xF39, 0xF39, 0xF3E, 0xF3F, 0xF82, 0xF84,
    0xF86, 0xF87, 0xFC6, 0xFC6, 0x1037, 0x1037, 0x1039, 0x103A, 0x1063, 0x1064, 0x1069, 0x106D,
    0x1087, 0x108D, 0x108F, 0x108F, 0x109A, 0x109B, 0x135D, 0x135F, 0x1714, 0x1715, 0x1734, 0x1734,
    0x17C9, 0x17D3, 0x17DD, 0x17DD, 0x1939, 0x193B, 0x1A60, 0x1A60, 0x1A75, 0x1A7C, 0x1A7F, 0x1A7F,
    0x1AB0, 0x1ABE, 0x1AC1, 0x1ACB, 0x1ACF, 0x1AF0, 0x1B34, 0x1B34, 0x1B44, 0x1B44, 0x1B6B, 0x1B73,
    0x1BAA, 0x1BAB, 0x1BE6, 0x1BE6, 0x1BF2, 0x1BF3, 0x1C36, 0x1C37, 0x1C78, 0x1C7D, 0x1CD0, 0x1CE8,
    0x1CED, 0x1CED, 0x1CF4, 0x1CF4, 0x1CF7, 0x1CF9, 0x1D2C, 0x1D6A, 0x1D9B, 0x1DBE, 0x1DC4, 0x1DCF,
    0x1DF5, 0x1DFF, 0x1FBD, 0x1FBD, 0x1FBF, 0x1FC1, 0x1FCD, 0x1FCF, 0x1FDD, 0x1FDF, 0x1FED, 0x1FEF,
    0x1FFD, 0x1FFE, 0x208F, 0x208F, 0x2CEF, 0x2CF1, 0x2E2F, 0x2E2F, 0x302A, 0x302F, 0x3099, 0x309C,
    0x30FC, 0x30FC, 0xA66F, 0xA66F, 0xA67C, 0xA67D, 0xA67F, 0xA67F, 0xA69C, 0xA69D, 0xA6F0, 0xA6F1,
    0xA700, 0xA721, 0xA788, 0xA78A, 0xA7F1, 0xA7F1, 0xA7F8, 0xA7F9, 0xA806, 0xA806, 0xA82C, 0xA82C,
    0xA8C4, 0xA8C4, 0xA8E0, 0xA8F1, 0xA92B, 0xA92E, 0xA953, 0xA953, 0xA9B3, 0xA9B3, 0xA9C0, 0xA9C0,
    0xA9E5, 0xA9E5, 0xAA7B, 0xAA7D, 0xAABF, 0xAAC2, 0xAAF6, 0xAAF6, 0xAB5B, 0xAB5F, 0xAB69, 0xAB6B,
    0xABEC, 0xABED, 0xFB1E, 0xFB1E, 0xFE20, 0xFE2F, 0xFF3E, 0xFF3E, 0xFF40, 0xFF40, 0xFF70, 0xFF70,
    0xFF9E, 0xFF9F, 0xFFE3, 0xFFE3, 0x102E0, 0x102E0, 0x10780, 0x10785, 0x10787, 0x107B0, 0x107B2, 0x107BA,
    0x10A38, 0x10A3A, 0x10A3F, 0x10A3F, 0x10AE5, 0x10AE6, 0x10D22, 0x10D27, 0x10D4E, 0x10D4E, 0x10D69, 0x10D6D,
    0x10ECB, 0x10ECF, 0x10EF0, 0x10EF7, 0x10EF9, 0x10EFA, 0x10EFD, 0x10EFF, 0x10F46, 0x10F50, 0x10F82, 0x10F85,
    0x11046, 0x11046, 0x11070, 0x11070, 0x110B9, 0x110BA, 0x11133, 0x11134, 0x11173, 0x11173, 0x111C0, 0x111C0,
    0x111CA, 0x111CC, 0x11235, 0x11236, 0x112E9, 0x112EA, 0x1133B, 0x1133C, 0x1134D, 0x1134D, 0x11366, 0x1136C,
    0x11370, 0x11374, 0x113CE, 0x113D0, 0x113D2, 0x113D3, 0x113E1, 0x113E2, 0x11442, 0x11442, 0x11446, 0x11446,
    0x114C2, 0x114C3, 0x115BF, 0x115C0, 0x1163F, 0x1163F, 0x116B6, 0x116B7, 0x1172B, 0x1172B, 0x11839, 0x1183A,
    0x1193D, 0x1193E, 0x11943, 0x11943, 0x119E0, 0x119E0, 0x11A34, 0x11A34, 0x11A47, 0x11A47, 0x11A99, 0x11A99,
    0x11C3F, 0x11C3F, 0x11D42, 0x11D42, 0x11D44, 0x11D45, 0x11D97, 0x11D97, 0x11DD9, 0x11DD9, 0x11F41, 0x11F42,
    0x11F5A, 0x11F5A, 0x13447, 0x13455, 0x1612F, 0x1612F, 0x16AF0, 0x16AF4, 0x16B30, 0x16B36, 0x16D6B, 0x16D6C,
    0x16F8F, 0x16F9F, 0x16FF0, 0x16FF1, 0x1AFF0, 0x1AFF3, 0x1AFF5, 0x1AFFB, 0x1AFFD, 0x1AFFE, 0x1CF00, 0x1CF2D,
    0x1CF30, 0x1CF46, 0x1D167, 0x1D169, 0x1D16D, 0x1D172, 0x1D17B, 0x1D182, 0x1D185, 0x1D18B, 0x1D1AA, 0x1D1AD,
    0x1D250, 0x1D252, 0x1D25B, 0x1D25C, 0x1DFCD, 0x1DFCF, 0x1DFD1, 0x1DFFF, 0x1E030, 0x1E06D, 0x1E130, 0x1E136,
    0x1E2AE, 0x1E2AE, 0x1E2EC, 0x1E2EF, 0x1E5EE, 0x1E5EF, 0x1E8D0, 0x1E8D6, 0x1E944, 0x1E946, 0x1E948, 0x1E94A,
};
static const uint32_t R_BP_Emoji[] = {
    0x23, 0x23, 0x2A, 0x2A, 0x30, 0x39, 0xA9, 0xA9, 0xAE, 0xAE, 0x203C, 0x203C,
    0x2049, 0x2049, 0x2122, 0x2122, 0x2139, 0x2139, 0x2194, 0x2199, 0x21A9, 0x21AA, 0x231A, 0x231B,
    0x2328, 0x2328, 0x23CF, 0x23CF, 0x23E9, 0x23F3, 0x23F8, 0x23FA, 0x24C2, 0x24C2, 0x25AA, 0x25AB,
    0x25B6, 0x25B6, 0x25C0, 0x25C0, 0x25FB, 0x25FE, 0x2600, 0x2604, 0x260E, 0x260E, 0x2611, 0x2611,
    0x2614, 0x2615, 0x2618, 0x2618, 0x261D, 0x261D, 0x2620, 0x2620, 0x2622, 0x2623, 0x2626, 0x2626,
    0x262A, 0x262A, 0x262E, 0x262F, 0x2638, 0x263A, 0x2640, 0x2640, 0x2642, 0x2642, 0x2648, 0x2653,
    0x265F, 0x2660, 0x2663, 0x2663, 0x2665, 0x2666, 0x2668, 0x2668, 0x267B, 0x267B, 0x267E, 0x267F,
    0x2692, 0x2697, 0x2699, 0x2699, 0x269B, 0x269C, 0x26A0, 0x26A1, 0x26A7, 0x26A7, 0x26AA, 0x26AB,
    0x26B0, 0x26B1, 0x26BD, 0x26BE, 0x26C4, 0x26C5, 0x26C8, 0x26C8, 0x26CE, 0x26CF, 0x26D1, 0x26D1,
    0x26D3, 0x26D4, 0x26E9, 0x26EA, 0x26F0, 0x26F5, 0x26F7, 0x26FA, 0x26FD, 0x26FD, 0x2702, 0x2702,
    0x2705, 0x2705, 0x2708, 0x270D, 0x270F, 0x270F, 0x2712, 0x2712, 0x2714, 0x2714, 0x2716, 0x2716,
    0x271D, 0x271D, 0x2721, 0x2721, 0x2728, 0x2728, 0x2733, 0x2734, 0x2744, 0x2744, 0x2747, 0x2747,
    0x274C, 0x274C, 0x274E, 0x274E, 0x2753, 0x2755, 0x2757, 0x2757, 0x2763, 0x2764, 0x2795, 0x2797,
    0x27A1, 0x27A1, 0x27B0, 0x27B0, 0x27BF, 0x27BF, 0x2934, 0x2935, 0x2B05, 0x2B07, 0x2B1B, 0x2B1C,
    0x2B50, 0x2B50, 0x2B55, 0x2B55, 0x3030, 0x3030, 0x303D, 0x303D, 0x3297, 0x3297, 0x3299, 0x3299,
    0x1F004, 0x1F004, 0x1F0CF, 0x1F0CF, 0x1F170, 0x1F171, 0x1F17E, 0x1F17F, 0x1F18E, 0x1F18E, 0x1F191, 0x1F19A,
    0x1F1E6, 0x1F1FF, 0x1F201, 0x1F202, 0x1F21A, 0x1F21A, 0x1F22F, 0x1F22F, 0x1F232, 0x1F23A, 0x1F250, 0x1F251,
    0x1F300, 0x1F321, 0x1F324, 0x1F393, 0x1F396, 0x1F397, 0x1F399, 0x1F39B, 0x1F39E, 0x1F3F0, 0x1F3F3, 0x1F3F5,
    0x1F3F7, 0x1F4FD, 0x1F4FF, 0x1F53D, 0x1F549, 0x1F54E, 0x1F550, 0x1F567, 0x1F56F, 0x1F570, 0x1F573, 0x1F57A,
    0x1F587, 0x1F587, 0x1F58A, 0x1F58D, 0x1F590, 0x1F590, 0x1F595, 0x1F596, 0x1F5A4, 0x1F5A5, 0x1F5A8, 0x1F5A8,
    0x1F5B1, 0x1F5B2, 0x1F5BC, 0x1F5BC, 0x1F5C2, 0x1F5C4, 0x1F5D1, 0x1F5D3, 0x1F5DC, 0x1F5DE, 0x1F5E1, 0x1F5E1,
    0x1F5E3, 0x1F5E3, 0x1F5E8, 0x1F5E8, 0x1F5EF, 0x1F5EF, 0x1F5F3, 0x1F5F3, 0x1F5FA, 0x1F64F, 0x1F680, 0x1F6C5,
    0x1F6CB, 0x1F6D2, 0x1F6D5, 0x1F6D9, 0x1F6DC, 0x1F6E5, 0x1F6E9, 0x1F6E9, 0x1F6EB, 0x1F6EC, 0x1F6F0, 0x1F6F0,
    0x1F6F3, 0x1F6FC, 0x1F7E0, 0x1F7EB, 0x1F7F0, 0x1F7F0, 0x1F90C, 0x1F93A, 0x1F93C, 0x1F945, 0x1F947, 0x1F9FF,
    0x1FA70, 0x1FA7C, 0x1FA80, 0x1FAC6, 0x1FAC8, 0x1FAC8, 0x1FACC, 0x1FADD, 0x1FADF, 0x1FAEB, 0x1FAEF, 0x1FAFA,
};
static const uint32_t R_BP_Emoji_Component[] = {
    0x23, 0x23, 0x2A, 0x2A, 0x30, 0x39, 0x200D, 0x200D, 0x20E3, 0x20E3, 0xFE0F, 0xFE0F,
    0x1F1E6, 0x1F1FF, 0x1F3FB, 0x1F3FF, 0x1F9B0, 0x1F9B3, 0xE0020, 0xE007F,
};
static const uint32_t R_BP_Emoji_Modifier[] = {
    0x1F3FB, 0x1F3FF,
};
static const uint32_t R_BP_Emoji_Modifier_Base[] = {
    0x261D, 0x261D, 0x26F9, 0x26F9, 0x270A, 0x270D, 0x1F385, 0x1F385, 0x1F3C2, 0x1F3C4, 0x1F3C7, 0x1F3C7,
    0x1F3CA, 0x1F3CC, 0x1F442, 0x1F443, 0x1F446, 0x1F450, 0x1F466, 0x1F478, 0x1F47C, 0x1F47C, 0x1F481, 0x1F483,
    0x1F485, 0x1F487, 0x1F48F, 0x1F48F, 0x1F491, 0x1F491, 0x1F4AA, 0x1F4AA, 0x1F574, 0x1F575, 0x1F57A, 0x1F57A,
    0x1F590, 0x1F590, 0x1F595, 0x1F596, 0x1F645, 0x1F647, 0x1F64B, 0x1F64F, 0x1F6A3, 0x1F6A3, 0x1F6B4, 0x1F6B6,
    0x1F6C0, 0x1F6C0, 0x1F6CC, 0x1F6CC, 0x1F90C, 0x1F90C, 0x1F90F, 0x1F90F, 0x1F918, 0x1F91F, 0x1F926, 0x1F926,
    0x1F930, 0x1F939, 0x1F93C, 0x1F93E, 0x1F977, 0x1F977, 0x1F9B5, 0x1F9B6, 0x1F9B8, 0x1F9B9, 0x1F9BB, 0x1F9BB,
    0x1F9CD, 0x1F9CF, 0x1F9D1, 0x1F9DD, 0x1FAC3, 0x1FAC5, 0x1FAF0, 0x1FAFA,
};
static const uint32_t R_BP_Emoji_Presentation[] = {
    0x231A, 0x231B, 0x23E9, 0x23EC, 0x23F0, 0x23F0, 0x23F3, 0x23F3, 0x25FD, 0x25FE, 0x2614, 0x2615,
    0x2648, 0x2653, 0x267F, 0x267F, 0x2693, 0x2693, 0x26A1, 0x26A1, 0x26AA, 0x26AB, 0x26BD, 0x26BE,
    0x26C4, 0x26C5, 0x26CE, 0x26CE, 0x26D4, 0x26D4, 0x26EA, 0x26EA, 0x26F2, 0x26F3, 0x26F5, 0x26F5,
    0x26FA, 0x26FA, 0x26FD, 0x26FD, 0x2705, 0x2705, 0x270A, 0x270B, 0x2728, 0x2728, 0x274C, 0x274C,
    0x274E, 0x274E, 0x2753, 0x2755, 0x2757, 0x2757, 0x2795, 0x2797, 0x27B0, 0x27B0, 0x27BF, 0x27BF,
    0x2B1B, 0x2B1C, 0x2B50, 0x2B50, 0x2B55, 0x2B55, 0x1F004, 0x1F004, 0x1F0CF, 0x1F0CF, 0x1F18E, 0x1F18E,
    0x1F191, 0x1F19A, 0x1F1E6, 0x1F1FF, 0x1F201, 0x1F201, 0x1F21A, 0x1F21A, 0x1F22F, 0x1F22F, 0x1F232, 0x1F236,
    0x1F238, 0x1F23A, 0x1F250, 0x1F251, 0x1F300, 0x1F320, 0x1F32D, 0x1F335, 0x1F337, 0x1F37C, 0x1F37E, 0x1F393,
    0x1F3A0, 0x1F3CA, 0x1F3CF, 0x1F3D3, 0x1F3E0, 0x1F3F0, 0x1F3F4, 0x1F3F4, 0x1F3F8, 0x1F43E, 0x1F440, 0x1F440,
    0x1F442, 0x1F4FC, 0x1F4FF, 0x1F53D, 0x1F54B, 0x1F54E, 0x1F550, 0x1F567, 0x1F57A, 0x1F57A, 0x1F595, 0x1F596,
    0x1F5A4, 0x1F5A4, 0x1F5FB, 0x1F64F, 0x1F680, 0x1F6C5, 0x1F6CC, 0x1F6CC, 0x1F6D0, 0x1F6D2, 0x1F6D5, 0x1F6D9,
    0x1F6DC, 0x1F6DF, 0x1F6EB, 0x1F6EC, 0x1F6F4, 0x1F6FC, 0x1F7E0, 0x1F7EB, 0x1F7F0, 0x1F7F0, 0x1F90C, 0x1F93A,
    0x1F93C, 0x1F945, 0x1F947, 0x1F9FF, 0x1FA70, 0x1FA7C, 0x1FA80, 0x1FAC6, 0x1FAC8, 0x1FAC8, 0x1FACC, 0x1FADD,
    0x1FADF, 0x1FAEB, 0x1FAEF, 0x1FAFA,
};
static const uint32_t R_BP_Extended_Pictographic[] = {
    0xA9, 0xA9, 0xAE, 0xAE, 0x203C, 0x203C, 0x2049, 0x2049, 0x2122, 0x2122, 0x2139, 0x2139,
    0x2194, 0x2199, 0x21A9, 0x21AA, 0x231A, 0x231B, 0x2328, 0x2328, 0x23CF, 0x23CF, 0x23E9, 0x23F3,
    0x23F8, 0x23FA, 0x24C2, 0x24C2, 0x25AA, 0x25AB, 0x25B6, 0x25B6, 0x25C0, 0x25C0, 0x25FB, 0x25FE,
    0x2600, 0x2604, 0x260E, 0x260E, 0x2611, 0x2611, 0x2614, 0x2615, 0x2618, 0x2618, 0x261D, 0x261D,
    0x2620, 0x2620, 0x2622, 0x2623, 0x2626, 0x2626, 0x262A, 0x262A, 0x262E, 0x262F, 0x2638, 0x263A,
    0x2640, 0x2640, 0x2642, 0x2642, 0x2648, 0x2653, 0x265F, 0x2660, 0x2663, 0x2663, 0x2665, 0x2666,
    0x2668, 0x2668, 0x267B, 0x267B, 0x267E, 0x267F, 0x2692, 0x2697, 0x2699, 0x2699, 0x269B, 0x269C,
    0x26A0, 0x26A1, 0x26A7, 0x26A7, 0x26AA, 0x26AB, 0x26B0, 0x26B1, 0x26BD, 0x26BE, 0x26C4, 0x26C5,
    0x26C8, 0x26C8, 0x26CE, 0x26CF, 0x26D1, 0x26D1, 0x26D3, 0x26D4, 0x26E9, 0x26EA, 0x26F0, 0x26F5,
    0x26F7, 0x26FA, 0x26FD, 0x26FD, 0x2702, 0x2702, 0x2705, 0x2705, 0x2708, 0x270D, 0x270F, 0x270F,
    0x2712, 0x2712, 0x2714, 0x2714, 0x2716, 0x2716, 0x271D, 0x271D, 0x2721, 0x2721, 0x2728, 0x2728,
    0x2733, 0x2734, 0x2744, 0x2744, 0x2747, 0x2747, 0x274C, 0x274C, 0x274E, 0x274E, 0x2753, 0x2755,
    0x2757, 0x2757, 0x2763, 0x2764, 0x2795, 0x2797, 0x27A1, 0x27A1, 0x27B0, 0x27B0, 0x27BF, 0x27BF,
    0x2934, 0x2935, 0x2B05, 0x2B07, 0x2B1B, 0x2B1C, 0x2B50, 0x2B50, 0x2B55, 0x2B55, 0x3030, 0x3030,
    0x303D, 0x303D, 0x3297, 0x3297, 0x3299, 0x3299, 0x1F004, 0x1F004, 0x1F02C, 0x1F02F, 0x1F094, 0x1F09F,
    0x1F0AF, 0x1F0B0, 0x1F0C0, 0x1F0C0, 0x1F0CF, 0x1F0D0, 0x1F0F6, 0x1F0FF, 0x1F170, 0x1F171, 0x1F17E, 0x1F17F,
    0x1F18E, 0x1F18E, 0x1F191, 0x1F19A, 0x1F1AF, 0x1F1E5, 0x1F201, 0x1F20F, 0x1F21A, 0x1F21A, 0x1F22F, 0x1F22F,
    0x1F232, 0x1F23A, 0x1F23C, 0x1F23F, 0x1F249, 0x1F25F, 0x1F266, 0x1F321, 0x1F324, 0x1F393, 0x1F396, 0x1F397,
    0x1F399, 0x1F39B, 0x1F39E, 0x1F3F0, 0x1F3F3, 0x1F3F5, 0x1F3F7, 0x1F3FA, 0x1F400, 0x1F4FD, 0x1F4FF, 0x1F53D,
    0x1F549, 0x1F54E, 0x1F550, 0x1F567, 0x1F56F, 0x1F570, 0x1F573, 0x1F57A, 0x1F587, 0x1F587, 0x1F58A, 0x1F58D,
    0x1F590, 0x1F590, 0x1F595, 0x1F596, 0x1F5A4, 0x1F5A5, 0x1F5A8, 0x1F5A8, 0x1F5B1, 0x1F5B2, 0x1F5BC, 0x1F5BC,
    0x1F5C2, 0x1F5C4, 0x1F5D1, 0x1F5D3, 0x1F5DC, 0x1F5DE, 0x1F5E1, 0x1F5E1, 0x1F5E3, 0x1F5E3, 0x1F5E8, 0x1F5E8,
    0x1F5EF, 0x1F5EF, 0x1F5F3, 0x1F5F3, 0x1F5FA, 0x1F64F, 0x1F680, 0x1F6C5, 0x1F6CB, 0x1F6D2, 0x1F6D5, 0x1F6E5,
    0x1F6E9, 0x1F6E9, 0x1F6EB, 0x1F6F0, 0x1F6F3, 0x1F6FF, 0x1F7DC, 0x1F7F0, 0x1F80C, 0x1F80F, 0x1F848, 0x1F84F,
    0x1F85A, 0x1F85F, 0x1F888, 0x1F88F, 0x1F8AE, 0x1F8AF, 0x1F8BC, 0x1F8BF, 0x1F8C2, 0x1F8CF, 0x1F8D9, 0x1F8FF,
    0x1F90C, 0x1F93A, 0x1F93C, 0x1F945, 0x1F947, 0x1F9FF, 0x1FA58, 0x1FA5F, 0x1FA6E, 0x1FAFF, 0x1FC00, 0x1FFFD,
};
static const uint32_t R_BP_Extender[] = {
    0xB7, 0xB7, 0x2D0, 0x2D1, 0x640, 0x640, 0x7FA, 0x7FA, 0xA71, 0xA71, 0xAFB, 0xAFB,
    0xB54, 0xB55, 0xE46, 0xE46, 0xEC6, 0xEC6, 0x180A, 0x180A, 0x1843, 0x1843, 0x1AA7, 0x1AA7,
    0x1C36, 0x1C36, 0x1C7B, 0x1C7B, 0x3005, 0x3005, 0x3031, 0x3035, 0x309D, 0x309E, 0x30FC, 0x30FE,
    0xA015, 0xA015, 0xA60C, 0xA60C, 0xA9CF, 0xA9CF, 0xA9E6, 0xA9E6, 0xAA70, 0xAA70, 0xAADD, 0xAADD,
    0xAAF3, 0xAAF4, 0xFF70, 0xFF70, 0x10781, 0x10782, 0x10D4E, 0x10D4E, 0x10D6A, 0x10D6A, 0x10D6F, 0x10D6F,
    0x11237, 0x11237, 0x1135D, 0x1135D, 0x113D2, 0x113D3, 0x115C6, 0x115C8, 0x11A98, 0x11A98, 0x11DD9, 0x11DD9,
    0x16B42, 0x16B43, 0x16FE0, 0x16FE1, 0x16FE3, 0x16FE3, 0x16FF2, 0x16FF3, 0x1E13C, 0x1E13D, 0x1E5EF, 0x1E5EF,
    0x1E944, 0x1E946,
};
static const uint32_t R_BP_Grapheme_Base[] = {
    0x20, 0x7E, 0xA0, 0xAC, 0xAE, 0x2FF, 0x370, 0x377, 0x37A, 0x37F, 0x384, 0x38A,
    0x38C, 0x38C, 0x38E, 0x3A1, 0x3A3, 0x482, 0x48A, 0x52F, 0x531, 0x556, 0x558, 0x58F,
    0x5BE, 0x5BE, 0x5C0, 0x5C0, 0x5C3, 0x5C3, 0x5C6, 0x5C6, 0x5D0, 0x5EA, 0x5EF, 0x5F4,
    0x606, 0x60F, 0x61B, 0x61B, 0x61D, 0x64A, 0x660, 0x66F, 0x671, 0x6D5, 0x6DE, 0x6DE,
    0x6E5, 0x6E6, 0x6E9, 0x6E9, 0x6EE, 0x70D, 0x710, 0x710, 0x712, 0x72F, 0x74D, 0x7A5,
    0x7B1, 0x7B1, 0x7C0, 0x7EA, 0x7F4, 0x7FA, 0x7FE, 0x815, 0x81A, 0x81A, 0x824, 0x824,
    0x828, 0x828, 0x830, 0x83E, 0x840, 0x858, 0x85E, 0x85E, 0x860, 0x86A, 0x870, 0x88F,
    0x8A0, 0x8C9, 0x903, 0x939, 0x93B, 0x93B, 0x93D, 0x940, 0x949, 0x94C, 0x94E, 0x950,
    0x958, 0x961, 0x964, 0x980, 0x982, 0x983, 0x985, 0x98C, 0x98F, 0x990, 0x993, 0x9A8,
    0x9AA, 0x9B0, 0x9B2, 0x9B2, 0x9B6, 0x9B9, 0x9BD, 0x9BD, 0x9BF, 0x9C0, 0x9C7, 0x9C8,
    0x9CB, 0x9CC, 0x9CE, 0x9CE, 0x9DC, 0x9DD, 0x9DF, 0x9E1, 0x9E6, 0x9FD, 0xA03, 0xA03,
    0xA05, 0xA0A, 0xA0F, 0xA10, 0xA13, 0xA28, 0xA2A, 0xA30, 0xA32, 0xA33, 0xA35, 0xA36,
    0xA38, 0xA39, 0xA3E, 0xA40, 0xA59, 0xA5C, 0xA5E, 0xA5E, 0xA66, 0xA6F, 0xA72, 0xA74,
    0xA76, 0xA76, 0xA83, 0xA83, 0xA85, 0xA8D, 0xA8F, 0xA91, 0xA93, 0xAA8, 0xAAA, 0xAB0,
    0xAB2, 0xAB3, 0xAB5, 0xAB9, 0xABD, 0xAC0, 0xAC9, 0xAC9, 0xACB, 0xACC, 0xAD0, 0xAD0,
    0xAE0, 0xAE1, 0xAE6, 0xAF1, 0xAF9, 0xAF9, 0xB02, 0xB03, 0xB05, 0xB0C, 0xB0F, 0xB10,
    0xB13, 0xB28, 0xB2A, 0xB30, 0xB32, 0xB33, 0xB35, 0xB39, 0xB3D, 0xB3D, 0xB40, 0xB40,
    0xB47, 0xB48, 0xB4B, 0xB4C, 0xB5C, 0xB5D, 0xB5F, 0xB61, 0xB66, 0xB77, 0xB83, 0xB83,
    0xB85, 0xB8A, 0xB8E, 0xB90, 0xB92, 0xB95, 0xB99, 0xB9A, 0xB9C, 0xB9C, 0xB9E, 0xB9F,
    0xBA3, 0xBA4, 0xBA8, 0xBAA, 0xBAE, 0xBB9, 0xBBF, 0xBBF, 0xBC1, 0xBC2, 0xBC6, 0xBC8,
    0xBCA, 0xBCC, 0xBD0, 0xBD0, 0xBE6, 0xBFA, 0xC01, 0xC03, 0xC05, 0xC0C, 0xC0E, 0xC10,
    0xC12, 0xC28, 0xC2A, 0xC39, 0xC3D, 0xC3D, 0xC41, 0xC44, 0xC58, 0xC5A, 0xC5C, 0xC5D,
    0xC60, 0xC61, 0xC66, 0xC6F, 0xC77, 0xC80, 0xC82, 0xC8C, 0xC8E, 0xC90, 0xC92, 0xCA8,
    0xCAA, 0xCB3, 0xCB5, 0xCB9, 0xCBD, 0xCBE, 0xCC1, 0xCC1, 0xCC3, 0xCC4, 0xCDC, 0xCDE,
    0xCE0, 0xCE1, 0xCE6, 0xCEF, 0xCF1, 0xCF3, 0xD02, 0xD0C, 0xD0E, 0xD10, 0xD12, 0xD3A,
    0xD3D, 0xD3D, 0xD3F, 0xD40, 0xD46, 0xD48, 0xD4A, 0xD4C, 0xD4E, 0xD4F, 0xD54, 0xD56,
    0xD58, 0xD61, 0xD66, 0xD7F, 0xD82, 0xD83, 0xD85, 0xD96, 0xD9A, 0xDB1, 0xDB3, 0xDBB,
    0xDBD, 0xDBD, 0xDC0, 0xDC6, 0xDD0, 0xDD1, 0xDD8, 0xDDE, 0xDE6, 0xDEF, 0xDF2, 0xDF4,
    0xE01, 0xE30, 0xE32, 0xE33, 0xE3F, 0xE46, 0xE4F, 0xE5B, 0xE81, 0xE82, 0xE84, 0xE84,
    0xE86, 0xE8A, 0xE8C, 0xEA3, 0xEA5, 0xEA5, 0xEA7, 0xEB0, 0xEB2, 0xEB3, 0xEBD, 0xEBD,
    0xEC0, 0xEC4, 0xEC6, 0xEC6, 0xED0, 0xED9, 0xEDC, 0xEDF, 0xF00, 0xF17, 0xF1A, 0xF34,
    0xF36, 0xF36, 0xF38, 0xF38, 0xF3A, 0xF47, 0xF49, 0xF6C, 0xF7F, 0xF7F, 0xF85, 0xF85,
    0xF88, 0xF8C, 0xFBE, 0xFC5, 0xFC7, 0xFCC, 0xFCE, 0xFDA, 0x1000, 0x102C, 0x1031, 0x1031,
    0x1038, 0x1038, 0x103B, 0x103C, 0x103F, 0x1057, 0x105A, 0x105D, 0x1061, 0x1070, 0x1075, 0x1081,
    0x1083, 0x1084, 0x1087, 0x108C, 0x108E, 0x109C, 0x109E, 0x10C5, 0x10C7, 0x10C7, 0x10CD, 0x10CD,
    0x10D0, 0x1248, 0x124A, 0x124D, 0x1250, 0x1256, 0x1258, 0x1258, 0x125A, 0x125D, 0x1260, 0x1288,
    0x128A, 0x128D, 0x1290, 0x12B0, 0x12B2, 0x12B5, 0x12B8, 0x12BE, 0x12C0, 0x12C0, 0x12C2, 0x12C5,
    0x12C8, 0x12D6, 0x12D8, 0x1310, 0x1312, 0x1315, 0x1318, 0x135A, 0x1360, 0x137C, 0x1380, 0x1399,
    0x13A0, 0x13F5, 0x13F8, 0x13FD, 0x1400, 0x169C, 0x16A0, 0x16F8, 0x1700, 0x1711, 0x171F, 0x1731,
    0x1735, 0x1736, 0x1740, 0x1751, 0x1760, 0x176C, 0x176E, 0x1770, 0x1780, 0x17B3, 0x17B6, 0x17B6,
    0x17BE, 0x17C5, 0x17C7, 0x17C8, 0x17D4, 0x17DC, 0x17E0, 0x17E9, 0x17F0, 0x17F9, 0x1800, 0x180A,
    0x1810, 0x1819, 0x1820, 0x1878, 0x1880, 0x1884, 0x1887, 0x18A8, 0x18AA, 0x18AA, 0x18B0, 0x18F5,
    0x1900, 0x191E, 0x1923, 0x1926, 0x1929, 0x192B, 0x1930, 0x1931, 0x1933, 0x1938, 0x1940, 0x1940,
    0x1944, 0x196D, 0x1970, 0x1974, 0x1980, 0x19AB, 0x19B0, 0x19C9, 0x19D0, 0x19DA, 0x19DE, 0x1A16,
    0x1A19, 0x1A1A, 0x1A1E, 0x1A55, 0x1A57, 0x1A57, 0x1A61, 0x1A61, 0x1A63, 0x1A64, 0x1A6D, 0x1A72,
    0x1A80, 0x1A89, 0x1A90, 0x1A99, 0x1AA0, 0x1AAD, 0x1B04, 0x1B33, 0x1B3E, 0x1B41, 0x1B45, 0x1B4C,
    0x1B4E, 0x1B6A, 0x1B74, 0x1B7F, 0x1B82, 0x1BA1, 0x1BA6, 0x1BA7, 0x1BAE, 0x1BE5, 0x1BE7, 0x1BE7,
    0x1BEA, 0x1BEC, 0x1BEE, 0x1BEE, 0x1BFC, 0x1C2B, 0x1C34, 0x1C35, 0x1C3B, 0x1C49, 0x1C4D, 0x1C8A,
    0x1C90, 0x1CBA, 0x1CBD, 0x1CC7, 0x1CD3, 0x1CD3, 0x1CE1, 0x1CE1, 0x1CE9, 0x1CEC, 0x1CEE, 0x1CF3,
    0x1CF5, 0x1CF7, 0x1CFA, 0x1CFA, 0x1D00, 0x1DBF, 0x1E00, 0x1F15, 0x1F18, 0x1F1D, 0x1F20, 0x1F45,
    0x1F48, 0x1F4D, 0x1F50, 0x1F57, 0x1F59, 0x1F59, 0x1F5B, 0x1F5B, 0x1F5D, 0x1F5D, 0x1F5F, 0x1F7D,
    0x1F80, 0x1FB4, 0x1FB6, 0x1FC4, 0x1FC6, 0x1FD3, 0x1FD6, 0x1FDB, 0x1FDD, 0x1FEF, 0x1FF2, 0x1FF4,
    0x1FF6, 0x1FFE, 0x2000, 0x200A, 0x2010, 0x2027, 0x202F, 0x205F, 0x2070, 0x2071, 0x2074, 0x20C4,
    0x2100, 0x218B, 0x2190, 0x2429, 0x2440, 0x244A, 0x2460, 0x2B73, 0x2B76, 0x2CEE, 0x2CF2, 0x2CF3,
    0x2CF9, 0x2D25, 0x2D27, 0x2D27, 0x2D2D, 0x2D2D, 0x2D30, 0x2D67, 0x2D6F, 0x2D70, 0x2D80, 0x2D96,
    0x2DA0, 0x2DA6, 0x2DA8, 0x2DAE, 0x2DB0, 0x2DB6, 0x2DB8, 0x2DBE, 0x2DC0, 0x2DC6, 0x2DC8, 0x2DCE,
    0x2DD0, 0x2DD6, 0x2DD8, 0x2DDE, 0x2E00, 0x2E5D, 0x2E60, 0x2E63, 0x2E80, 0x2E99, 0x2E9B, 0x2EF3,
    0x2F00, 0x2FD5, 0x2FF0, 0x3029, 0x3030, 0x303F, 0x3041, 0x3096, 0x309B, 0x30FF, 0x3105, 0x312F,
    0x3131, 0x318E, 0x3190, 0x31E5, 0x31EF, 0x321E, 0x3220, 0xA48C, 0xA490, 0xA4C6, 0xA4D0, 0xA62B,
    0xA640, 0xA66E, 0xA673, 0xA673, 0xA67E, 0xA69D, 0xA6A0, 0xA6EF, 0xA6F2, 0xA6F7, 0xA700, 0xA7DD,
    0xA7E2, 0xA7E2, 0xA7F1, 0xA801, 0xA803, 0xA805, 0xA807, 0xA80A, 0xA80C, 0xA824, 0xA827, 0xA82B,
    0xA830, 0xA839, 0xA840, 0xA877, 0xA880, 0xA8C3, 0xA8CE, 0xA8D9, 0xA8F2, 0xA8FE, 0xA900, 0xA925,
    0xA92E, 0xA946, 0xA952, 0xA952, 0xA95F, 0xA97C, 0xA983, 0xA9B2, 0xA9B4, 0xA9B5, 0xA9BA, 0xA9BB,
    0xA9BE, 0xA9BF, 0xA9C1, 0xA9CD, 0xA9CF, 0xA9D9, 0xA9DE, 0xA9E4, 0xA9E6, 0xA9FE, 0xAA00, 0xAA28,
    0xAA2F, 0xAA30, 0xAA33, 0xAA34, 0xAA40, 0xAA42, 0xAA44, 0xAA4B, 0xAA4D, 0xAA4D, 0xAA50, 0xAA59,
    0xAA5C, 0xAA7B, 0xAA7D, 0xAAAF, 0xAAB1, 0xAAB1, 0xAAB5, 0xAAB6, 0xAAB9, 0xAABD, 0xAAC0, 0xAAC0,
    0xAAC2, 0xAAC2, 0xAADB, 0xAAEB, 0xAAEE, 0xAAF5, 0xAB01, 0xAB06, 0xAB09, 0xAB0E, 0xAB11, 0xAB16,
    0xAB20, 0xAB26, 0xAB28, 0xAB2E, 0xAB30, 0xAB6D, 0xAB70, 0xABE4, 0xABE6, 0xABE7, 0xABE9, 0xABEC,
    0xABF0, 0xABF9, 0xAC00, 0xD7A3, 0xD7B0, 0xD7C6, 0xD7CB, 0xD7FB, 0xF900, 0xFA6D, 0xFA70, 0xFAD9,
    0xFB00, 0xFB06, 0xFB13, 0xFB17, 0xFB1D, 0xFB1D, 0xFB1F, 0xFB36, 0xFB38, 0xFB3C, 0xFB3E, 0xFB3E,
    0xFB40, 0xFB41, 0xFB43, 0xFB44, 0xFB46, 0xFDCF, 0xFDF0, 0xFDFF, 0xFE10, 0xFE19, 0xFE30, 0xFE52,
    0xFE54, 0xFE66, 0xFE68, 0xFE6B, 0xFE70, 0xFE74, 0xFE76, 0xFEFC, 0xFF01, 0xFF9D, 0xFFA0, 0xFFBE,
    0xFFC2, 0xFFC7, 0xFFCA, 0xFFCF, 0xFFD2, 0xFFD7, 0xFFDA, 0xFFDC, 0xFFE0, 0xFFE6, 0xFFE8, 0xFFEE,
    0xFFFC, 0xFFFD, 0x10000, 0x1000B, 0x1000D, 0x10026, 0x10028, 0x1003A, 0x1003C, 0x1003D, 0x1003F, 0x1004D,
    0x10050, 0x1005D, 0x10080, 0x100FA, 0x10100, 0x10102, 0x10107, 0x10133, 0x10137, 0x1018E, 0x10190, 0x1019C,
    0x101A0, 0x101A0, 0x101D0, 0x101FC, 0x10280, 0x1029C, 0x102A0, 0x102D0, 0x102E1, 0x102FB, 0x10300, 0x10323,
    0x1032D, 0x1034A, 0x10350, 0x10375, 0x10380, 0x1039D, 0x1039F, 0x103C3, 0x103C8, 0x103D5, 0x10400, 0x1049D,
    0x104A0, 0x104A9, 0x104B0, 0x104D3, 0x104D8, 0x104FB, 0x10500, 0x10527, 0x10530, 0x10563, 0x1056F, 0x1057A,
    0x1057C, 0x1058A, 0x1058C, 0x10592, 0x10594, 0x10595, 0x10597, 0x105A1, 0x105A3, 0x105B1, 0x105B3, 0x105B9,
    0x105BB, 0x105BC, 0x105C0, 0x105F3, 0x10600, 0x10736, 0x10740, 0x10755, 0x10760, 0x10767, 0x10780, 0x10785,
    0x10787, 0x107B0, 0x107B2, 0x107BF, 0x10800, 0x10805, 0x10808, 0x10808, 0x1080A, 0x10835, 0x10837, 0x10838,
    0x1083C, 0x1083C, 0x1083F, 0x10855, 0x10857, 0x1089E, 0x108A7, 0x108AF, 0x108E0, 0x108F2, 0x108F4, 0x108F5,
    0x108FB, 0x1091B, 0x1091F, 0x10939, 0x1093F, 0x10959, 0x10980, 0x109B7, 0x109BC, 0x109CF, 0x109D2, 0x10A00,
    0x10A10, 0x10A13, 0x10A15, 0x10A17, 0x10A19, 0x10A35, 0x10A40, 0x10A48, 0x10A50, 0x10A58, 0x10A60, 0x10A9F,
    0x10AC0, 0x10AE4, 0x10AEB, 0x10AF6, 0x10B00, 0x10B35, 0x10B39, 0x10B55, 0x10B58, 0x10B72, 0x10B78, 0x10B91,
    0x10B99, 0x10B9C, 0x10BA9, 0x10BAF, 0x10C00, 0x10C48, 0x10C80, 0x10CB2, 0x10CC0, 0x10CF2, 0x10CFA, 0x10D23,
    0x10D30, 0x10D39, 0x10D40, 0x10D65, 0x10D6E, 0x10D85, 0x10D8E, 0x10D8F, 0x10E60, 0x10E7E, 0x10E80, 0x10EA9,
    0x10EAD, 0x10EAD, 0x10EB0, 0x10EB1, 0x10EC2, 0x10EC7, 0x10EC9, 0x10ECA, 0x10ED0, 0x10EEE, 0x10F00, 0x10F27,
    0x10F30, 0x10F45, 0x10F51, 0x10F59, 0x10F70, 0x10F81, 0x10F86, 0x10F89, 0x10FB0, 0x10FCB, 0x10FE0, 0x10FF6,
    0x11000, 0x11000, 0x11002, 0x11037, 0x11047, 0x1104D, 0x11052, 0x1106F, 0x11071, 0x11072, 0x11075, 0x11075,
    0x11082, 0x110B2, 0x110B7, 0x110B8, 0x110BB, 0x110BC, 0x110BE, 0x110C1, 0x110D0, 0x110E8, 0x110F0, 0x110F9,
    0x11103, 0x11126, 0x1112C, 0x1112C, 0x11136, 0x11147, 0x11150, 0x11172, 0x11174, 0x11176, 0x11182, 0x111B5,
    0x111BF, 0x111BF, 0x111C1, 0x111C8, 0x111CD, 0x111CE, 0x111D0, 0x111DF, 0x111E1, 0x111F4, 0x11200, 0x11211,
    0x11213, 0x1122E, 0x11232, 0x11233, 0x11238, 0x1123D, 0x1123F, 0x11240, 0x11280, 0x11286, 0x11288, 0x11288,
    0x1128A, 0x1128D, 0x1128F, 0x1129D, 0x1129F, 0x112A9, 0x112B0, 0x112DE, 0x112E0, 0x112E2, 0x112F0, 0x112F9,
    0x11302, 0x11303, 0x11305, 0x1130C, 0x1130F, 0x11310, 0x11313, 0x11328, 0x1132A, 0x11330, 0x11332, 0x11333,
    0x11335, 0x11339, 0x1133D, 0x1133D, 0x1133F, 0x1133F, 0x11341, 0x11344, 0x11347, 0x11348, 0x1134B, 0x1134C,
    0x11350, 0x11350, 0x1135D, 0x11363, 0x11380, 0x11389, 0x1138B, 0x1138B, 0x1138E, 0x1138E, 0x11390, 0x113B5,
    0x113B7, 0x113B7, 0x113B9, 0x113BA, 0x113CA, 0x113CA, 0x113CC, 0x113CD, 0x113D1, 0x113D1, 0x113D3, 0x113D5,
    0x113D7, 0x113D8, 0x11400, 0x11437, 0x11440, 0x11441, 0x11445, 0x11445, 0x11447, 0x1145B, 0x1145D, 0x1145D,
    0x1145F, 0x11461, 0x11480, 0x114AF, 0x114B1, 0x114B2, 0x114B9, 0x114B9, 0x114BB, 0x114BC, 0x114BE, 0x114BE,
    0x114C1, 0x114C1, 0x114C4, 0x114C7, 0x114D0, 0x114D9, 0x11580, 0x115AE, 0x115B0, 0x115B1, 0x115B8, 0x115BB,
    0x115BE, 0x115BE, 0x115C1, 0x115DB, 0x11600, 0x11632, 0x1163B, 0x1163C, 0x1163E, 0x1163E, 0x11641, 0x11644,
    0x11650, 0x11659, 0x11660, 0x1166C, 0x11680, 0x116AA, 0x116AC, 0x116AC, 0x116AE, 0x116AF, 0x116B8, 0x116B9,
    0x116C0, 0x116C9, 0x116D0, 0x116E3, 0x11700, 0x1171A, 0x1171E, 0x1171E, 0x11720, 0x11721, 0x11726, 0x11726,
    0x11730, 0x11746, 0x11800, 0x1182E, 0x11838, 0x11838, 0x1183B, 0x1183B, 0x118A0, 0x118F2, 0x118FF, 0x11906,
    0x11909, 0x11909, 0x1190C, 0x11913, 0x11915, 0x11916, 0x11918, 0x1192F, 0x11931, 0x11935, 0x11937, 0x11938,
    0x1193F, 0x11942, 0x11944, 0x11946, 0x11950, 0x11959, 0x119A0, 0x119A7, 0x119AA, 0x119D3, 0x119DC, 0x119DF,
    0x119E1, 0x119E4, 0x11A00, 0x11A00, 0x11A0B, 0x11A32, 0x11A39, 0x11A3A, 0x11A3F, 0x11A46, 0x11A50, 0x11A50,
    0x11A57, 0x11A58, 0x11A5C, 0x11A89, 0x11A97, 0x11A97, 0x11A9A, 0x11AA2, 0x11AB0, 0x11AF8, 0x11B00, 0x11B0A,
    0x11B61, 0x11B61, 0x11B65, 0x11B65, 0x11B67, 0x11B67, 0x11BC0, 0x11BE1, 0x11BF0, 0x11BF9, 0x11C00, 0x11C08,
    0x11C0A, 0x11C2F, 0x11C3E, 0x11C3E, 0x11C40, 0x11C45, 0x11C50, 0x11C6C, 0x11C70, 0x11C8F, 0x11CA9, 0x11CA9,
    0x11CB1, 0x11CB1, 0x11CB4, 0x11CB4, 0x11D00, 0x11D06, 0x11D08, 0x11D09, 0x11D0B, 0x11D30, 0x11D46, 0x11D46,
    0x11D50, 0x11D59, 0x11D60, 0x11D65, 0x11D67, 0x11D68, 0x11D6A, 0x11D8E, 0x11D93, 0x11D94, 0x11D96, 0x11D96,
    0x11D98, 0x11D98, 0x11DA0, 0x11DA9, 0x11DB0, 0x11DDB, 0x11DE0, 0x11DE9, 0x11DF1, 0x11DF1, 0x11EE0, 0x11EF2,
    0x11EF5, 0x11EF8, 0x11F02, 0x11F10, 0x11F12, 0x11F35, 0x11F3E, 0x11F3F, 0x11F43, 0x11F59, 0x11FB0, 0x11FB0,
    0x11FC0, 0x11FF1, 0x11FFF, 0x12399, 0x12400, 0x12543, 0x12550, 0x12686, 0x12F90, 0x12FF2, 0x13000, 0x1342F,
    0x13441, 0x13446, 0x13460, 0x143FA, 0x14400, 0x14646, 0x16100, 0x1611D, 0x1612A, 0x1612C, 0x16130, 0x16139,
    0x16800, 0x16A38, 0x16A40, 0x16A5E, 0x16A60, 0x16A69, 0x16A6E, 0x16ABE, 0x16AC0, 0x16AC9, 0x16AD0, 0x16AED,
    0x16AF5, 0x16AF5, 0x16B00, 0x16B2F, 0x16B37, 0x16B45, 0x16B50, 0x16B59, 0x16B5B, 0x16B61, 0x16B63, 0x16B77,
    0x16B7D, 0x16B8F, 0x16D40, 0x16D79, 0x16E40, 0x16E9A, 0x16EA0, 0x16EB8, 0x16EBB, 0x16ED3, 0x16F00, 0x16F4A,
    0x16F50, 0x16F87, 0x16F93, 0x16F9F, 0x16FE0, 0x16FE3, 0x16FF2, 0x16FF6, 0x17000, 0x18CDA, 0x18CFF, 0x18D20,
    0x18D80, 0x18DF2, 0x18E00, 0x19191, 0x191A0, 0x191D2, 0x1AFF0, 0x1AFF3, 0x1AFF5, 0x1AFFB, 0x1AFFD, 0x1AFFE,
    0x1B000, 0x1B128, 0x1B132, 0x1B132, 0x1B150, 0x1B152, 0x1B155, 0x1B155, 0x1B164, 0x1B168, 0x1B170, 0x1B2FB,
    0x1BC00, 0x1BC6A, 0x1BC70, 0x1BC7C, 0x1BC80, 0x1BC88, 0x1BC90, 0x1BC99, 0x1BC9C, 0x1BC9C, 0x1BC9F, 0x1BC9F,
    0x1CC00, 0x1CCFC, 0x1CD00, 0x1CEB3, 0x1CEBA, 0x1CED0, 0x1CED2, 0x1CED4, 0x1CEDD, 0x1CEFD, 0x1CF50, 0x1CFC3,
    0x1D000, 0x1D0F5, 0x1D100, 0x1D126, 0x1D129, 0x1D164, 0x1D16A, 0x1D16C, 0x1D183, 0x1D184, 0x1D18C, 0x1D1A9,
    0x1D1AE, 0x1D241, 0x1D245, 0x1D245, 0x1D253, 0x1D25A, 0x1D25D, 0x1D25E, 0x1D260, 0x1D27F, 0x1D2C0, 0x1D2D3,
    0x1D2E0, 0x1D2F3, 0x1D300, 0x1D356, 0x1D360, 0x1D378, 0x1D400, 0x1D454, 0x1D456, 0x1D49C, 0x1D49E, 0x1D49F,
    0x1D4A2, 0x1D4A2, 0x1D4A5, 0x1D4A6, 0x1D4A9, 0x1D4AC, 0x1D4AE, 0x1D4B9, 0x1D4BB, 0x1D4BB, 0x1D4BD, 0x1D4C3,
    0x1D4C5, 0x1D505, 0x1D507, 0x1D50A, 0x1D50D, 0x1D514, 0x1D516, 0x1D51C, 0x1D51E, 0x1D539, 0x1D53B, 0x1D53E,
    0x1D540, 0x1D544, 0x1D546, 0x1D546, 0x1D54A, 0x1D550, 0x1D552, 0x1D6A6, 0x1D6A8, 0x1D7CB, 0x1D7CE, 0x1D9FF,
    0x1DA37, 0x1DA3A, 0x1DA6D, 0x1DA74, 0x1DA76, 0x1DA83, 0x1DA85, 0x1DA8B, 0x1DB00, 0x1DB1C, 0x1DF00, 0x1DF81,
    0x1DF90, 0x1DF96, 0x1DFCD, 0x1DFFF, 0x1E030, 0x1E06D, 0x1E100, 0x1E12C, 0x1E137, 0x1E13D, 0x1E140, 0x1E149,
    0x1E14E, 0x1E14F, 0x1E290, 0x1E2AD, 0x1E2C0, 0x1E2EB, 0x1E2F0, 0x1E2F9, 0x1E2FF, 0x1E2FF, 0x1E4D0, 0x1E4EB,
    0x1E4F0, 0x1E4F9, 0x1E5D0, 0x1E5ED, 0x1E5F0, 0x1E5FA, 0x1E5FF, 0x1E5FF, 0x1E6C0, 0x1E6DE, 0x1E6E0, 0x1E6E2,
    0x1E6E4, 0x1E6E5, 0x1E6E7, 0x1E6ED, 0x1E6F0, 0x1E6F4, 0x1E6FE, 0x1E6FF, 0x1E7E0, 0x1E7E6, 0x1E7E8, 0x1E7EB,
    0x1E7ED, 0x1E7EE, 0x1E7F0, 0x1E7FE, 0x1E800, 0x1E8C4, 0x1E8C7, 0x1E8CF, 0x1E900, 0x1E943, 0x1E94B, 0x1E94B,
    0x1E950, 0x1E959, 0x1E95E, 0x1E95F, 0x1EC71, 0x1ECB4, 0x1ED01, 0x1ED3D, 0x1EE00, 0x1EE03, 0x1EE05, 0x1EE1F,
    0x1EE21, 0x1EE22, 0x1EE24, 0x1EE24, 0x1EE27, 0x1EE27, 0x1EE29, 0x1EE32, 0x1EE34, 0x1EE37, 0x1EE39, 0x1EE39,
    0x1EE3B, 0x1EE3B, 0x1EE42, 0x1EE42, 0x1EE47, 0x1EE47, 0x1EE49, 0x1EE49, 0x1EE4B, 0x1EE4B, 0x1EE4D, 0x1EE4F,
    0x1EE51, 0x1EE52, 0x1EE54, 0x1EE54, 0x1EE57, 0x1EE57, 0x1EE59, 0x1EE59, 0x1EE5B, 0x1EE5B, 0x1EE5D, 0x1EE5D,
    0x1EE5F, 0x1EE5F, 0x1EE61, 0x1EE62, 0x1EE64, 0x1EE64, 0x1EE67, 0x1EE6A, 0x1EE6C, 0x1EE72, 0x1EE74, 0x1EE77,
    0x1EE79, 0x1EE7C, 0x1EE7E, 0x1EE7E, 0x1EE80, 0x1EE89, 0x1EE8B, 0x1EE9B, 0x1EEA1, 0x1EEA3, 0x1EEA5, 0x1EEA9,
    0x1EEAB, 0x1EEBB, 0x1EEF0, 0x1EEF1, 0x1F000, 0x1F02B, 0x1F030, 0x1F093, 0x1F0A0, 0x1F0AE, 0x1F0B1, 0x1F0BF,
    0x1F0C1, 0x1F0CF, 0x1F0D1, 0x1F0F5, 0x1F100, 0x1F1AE, 0x1F1E6, 0x1F202, 0x1F210, 0x1F23B, 0x1F240, 0x1F248,
    0x1F250, 0x1F251, 0x1F260, 0x1F265, 0x1F300, 0x1F6D9, 0x1F6DC, 0x1F6EC, 0x1F6F0, 0x1F6FC, 0x1F700, 0x1F7DB,
    0x1F7E0, 0x1F7EB, 0x1F7F0, 0x1F80B, 0x1F810, 0x1F847, 0x1F850, 0x1F859, 0x1F860, 0x1F887, 0x1F890, 0x1F8AD,
    0x1F8B0, 0x1F8BB, 0x1F8C0, 0x1F8C1, 0x1F8D0, 0x1F8D8, 0x1F900, 0x1FA57, 0x1FA60, 0x1FA6D, 0x1FA70, 0x1FA7C,
    0x1FA80, 0x1FAC6, 0x1FAC8, 0x1FAC8, 0x1FACC, 0x1FADD, 0x1FADF, 0x1FAEB, 0x1FAEF, 0x1FAFA, 0x1FB00, 0x1FB92,
    0x1FB94, 0x1FBFA, 0x20000, 0x2A6DF, 0x2A700, 0x2B81E, 0x2B820, 0x2CEAD, 0x2CEB0, 0x2EBE0, 0x2EBF0, 0x2EE5D,
    0x2F800, 0x2FA1D, 0x30000, 0x3134A, 0x31350, 0x33479, 0x3D000, 0x3FC3F,
};
static const uint32_t R_BP_Grapheme_Extend[] = {
    0x300, 0x36F, 0x483, 0x489, 0x591, 0x5BD, 0x5BF, 0x5BF, 0x5C1, 0x5C2, 0x5C4, 0x5C5,
    0x5C7, 0x5C9, 0x610, 0x61A, 0x64B, 0x65F, 0x670, 0x670, 0x6D6, 0x6DC, 0x6DF, 0x6E4,
    0x6E7, 0x6E8, 0x6EA, 0x6ED, 0x711, 0x711, 0x730, 0x74A, 0x7A6, 0x7B0, 0x7EB, 0x7F3,
    0x7FD, 0x7FD, 0x816, 0x819, 0x81B, 0x823, 0x825, 0x827, 0x829, 0x82D, 0x859, 0x85B,
    0x897, 0x89F, 0x8CA, 0x8E1, 0x8E3, 0x902, 0x93A, 0x93A, 0x93C, 0x93C, 0x941, 0x948,
    0x94D, 0x94D, 0x951, 0x957, 0x962, 0x963, 0x981, 0x981, 0x9BC, 0x9BC, 0x9BE, 0x9BE,
    0x9C1, 0x9C4, 0x9CD, 0x9CD, 0x9D7, 0x9D7, 0x9E2, 0x9E3, 0x9FE, 0x9FE, 0xA01, 0xA02,
    0xA3C, 0xA3C, 0xA41, 0xA42, 0xA47, 0xA48, 0xA4B, 0xA4D, 0xA51, 0xA51, 0xA70, 0xA71,
    0xA75, 0xA75, 0xA81, 0xA82, 0xABC, 0xABC, 0xAC1, 0xAC5, 0xAC7, 0xAC8, 0xACD, 0xACD,
    0xAE2, 0xAE3, 0xAFA, 0xAFF, 0xB01, 0xB01, 0xB3C, 0xB3C, 0xB3E, 0xB3F, 0xB41, 0xB44,
    0xB4D, 0xB4D, 0xB53, 0xB57, 0xB62, 0xB63, 0xB82, 0xB82, 0xBBE, 0xBBE, 0xBC0, 0xBC0,
    0xBCD, 0xBCD, 0xBD7, 0xBD7, 0xC00, 0xC00, 0xC04, 0xC04, 0xC3C, 0xC3C, 0xC3E, 0xC40,
    0xC46, 0xC48, 0xC4A, 0xC4D, 0xC55, 0xC56, 0xC62, 0xC63, 0xC81, 0xC81, 0xCBC, 0xCBC,
    0xCBF, 0xCC0, 0xCC2, 0xCC2, 0xCC6, 0xCC8, 0xCCA, 0xCCD, 0xCD5, 0xCD6, 0xCE2, 0xCE3,
    0xD00, 0xD01, 0xD3B, 0xD3C, 0xD3E, 0xD3E, 0xD41, 0xD44, 0xD4D, 0xD4D, 0xD57, 0xD57,
    0xD62, 0xD63, 0xD81, 0xD81, 0xDCA, 0xDCA, 0xDCF, 0xDCF, 0xDD2, 0xDD4, 0xDD6, 0xDD6,
    0xDDF, 0xDDF, 0xE31, 0xE31, 0xE34, 0xE3A, 0xE47, 0xE4E, 0xEB1, 0xEB1, 0xEB4, 0xEBC,
    0xEC8, 0xECE, 0xF18, 0xF19, 0xF35, 0xF35, 0xF37, 0xF37, 0xF39, 0xF39, 0xF71, 0xF7E,
    0xF80, 0xF84, 0xF86, 0xF87, 0xF8D, 0xF97, 0xF99, 0xFBC, 0xFC6, 0xFC6, 0x102D, 0x1030,
    0x1032, 0x1037, 0x1039, 0x103A, 0x103D, 0x103E, 0x1058, 0x1059, 0x105E, 0x1060, 0x1071, 0x1074,
    0x1082, 0x1082, 0x1085, 0x1086, 0x108D, 0x108D, 0x109D, 0x109D, 0x135D, 0x135F, 0x1712, 0x1715,
    0x1732, 0x1734, 0x1752, 0x1753, 0x1772, 0x1773, 0x17B4, 0x17B5, 0x17B7, 0x17BD, 0x17C6, 0x17C6,
    0x17C9, 0x17D3, 0x17DD, 0x17DD, 0x180B, 0x180D, 0x180F, 0x180F, 0x1885, 0x1886, 0x18A9, 0x18A9,
    0x1920, 0x1922, 0x1927, 0x1928, 0x1932, 0x1932, 0x1939, 0x193B, 0x1A17, 0x1A18, 0x1A1B, 0x1A1B,
    0x1A56, 0x1A56, 0x1A58, 0x1A5E, 0x1A60, 0x1A60, 0x1A62, 0x1A62, 0x1A65, 0x1A6C, 0x1A73, 0x1A7C,
    0x1A7F, 0x1A7F, 0x1AB0, 0x1AF0, 0x1B00, 0x1B03, 0x1B34, 0x1B3D, 0x1B42, 0x1B44, 0x1B6B, 0x1B73,
    0x1B80, 0x1B81, 0x1BA2, 0x1BA5, 0x1BA8, 0x1BAD, 0x1BE6, 0x1BE6, 0x1BE8, 0x1BE9, 0x1BED, 0x1BED,
    0x1BEF, 0x1BF3, 0x1C2C, 0x1C33, 0x1C36, 0x1C37, 0x1CD0, 0x1CD2, 0x1CD4, 0x1CE0, 0x1CE2, 0x1CE8,
    0x1CED, 0x1CED, 0x1CF4, 0x1CF4, 0x1CF8, 0x1CF9, 0x1DC0, 0x1DFF, 0x200C, 0x200C, 0x20D0, 0x20F0,
    0x2CEF, 0x2CF1, 0x2D7F, 0x2D7F, 0x2DE0, 0x2DFF, 0x302A, 0x302F, 0x3099, 0x309A, 0xA66F, 0xA672,
    0xA674, 0xA67D, 0xA69E, 0xA69F, 0xA6F0, 0xA6F1, 0xA802, 0xA802, 0xA806, 0xA806, 0xA80B, 0xA80B,
    0xA825, 0xA826, 0xA82C, 0xA82C, 0xA8C4, 0xA8C5, 0xA8E0, 0xA8F1, 0xA8FF, 0xA8FF, 0xA926, 0xA92D,
    0xA947, 0xA951, 0xA953, 0xA953, 0xA980, 0xA982, 0xA9B3, 0xA9B3, 0xA9B6, 0xA9B9, 0xA9BC, 0xA9BD,
    0xA9C0, 0xA9C0, 0xA9E5, 0xA9E5, 0xAA29, 0xAA2E, 0xAA31, 0xAA32, 0xAA35, 0xAA36, 0xAA43, 0xAA43,
    0xAA4C, 0xAA4C, 0xAA7C, 0xAA7C, 0xAAB0, 0xAAB0, 0xAAB2, 0xAAB4, 0xAAB7, 0xAAB8, 0xAABE, 0xAABF,
    0xAAC1, 0xAAC1, 0xAAEC, 0xAAED, 0xAAF6, 0xAAF6, 0xABE5, 0xABE5, 0xABE8, 0xABE8, 0xABED, 0xABED,
    0xFB1E, 0xFB1E, 0xFE00, 0xFE0F, 0xFE20, 0xFE2F, 0xFF9E, 0xFF9F, 0x101FD, 0x101FD, 0x102E0, 0x102E0,
    0x10376, 0x1037A, 0x10A01, 0x10A03, 0x10A05, 0x10A06, 0x10A0C, 0x10A0F, 0x10A38, 0x10A3A, 0x10A3F, 0x10A3F,
    0x10AE5, 0x10AE6, 0x10D24, 0x10D27, 0x10D69, 0x10D6D, 0x10EAB, 0x10EAC, 0x10ECB, 0x10ECF, 0x10EF0, 0x10EFF,
    0x10F46, 0x10F50, 0x10F82, 0x10F85, 0x11001, 0x11001, 0x11038, 0x11046, 0x11070, 0x11070, 0x11073, 0x11074,
    0x1107F, 0x11081, 0x110B3, 0x110B6, 0x110B9, 0x110BA, 0x110C2, 0x110C2, 0x11100, 0x11102, 0x11127, 0x1112B,
    0x1112D, 0x11134, 0x11173, 0x11173, 0x11180, 0x11181, 0x111B6, 0x111BE, 0x111C0, 0x111C0, 0x111C9, 0x111CC,
    0x111CF, 0x111CF, 0x1122F, 0x11231, 0x11234, 0x11237, 0x1123E, 0x1123E, 0x11241, 0x11241, 0x112DF, 0x112DF,
    0x112E3, 0x112EA, 0x11300, 0x11301, 0x1133B, 0x1133C, 0x1133E, 0x1133E, 0x11340, 0x11340, 0x1134D, 0x1134D,
    0x11357, 0x11357, 0x11366, 0x1136C, 0x11370, 0x11374, 0x113B8, 0x113B8, 0x113BB, 0x113C0, 0x113C2, 0x113C2,
    0x113C5, 0x113C5, 0x113C7, 0x113C9, 0x113CE, 0x113D0, 0x113D2, 0x113D2, 0x113E1, 0x113E2, 0x11438, 0x1143F,
    0x11442, 0x11444, 0x11446, 0x11446, 0x1145E, 0x1145E, 0x114B0, 0x114B0, 0x114B3, 0x114B8, 0x114BA, 0x114BA,
    0x114BD, 0x114BD, 0x114BF, 0x114C0, 0x114C2, 0x114C3, 0x115AF, 0x115AF, 0x115B2, 0x115B5, 0x115BC, 0x115BD,
    0x115BF, 0x115C0, 0x115DC, 0x115DD, 0x11633, 0x1163A, 0x1163D, 0x1163D, 0x1163F, 0x11640, 0x116AB, 0x116AB,
    0x116AD, 0x116AD, 0x116B0, 0x116B7, 0x1171D, 0x1171D, 0x1171F, 0x1171F, 0x11722, 0x11725, 0x11727, 0x1172B,
    0x1182F, 0x11837, 0x11839, 0x1183A, 0x11930, 0x11930, 0x1193B, 0x1193E, 0x11943, 0x11943, 0x119D4, 0x119D7,
    0x119DA, 0x119DB, 0x119E0, 0x119E0, 0x11A01, 0x11A0A, 0x11A33, 0x11A38, 0x11A3B, 0x11A3E, 0x11A47, 0x11A47,
    0x11A51, 0x11A56, 0x11A59, 0x11A5B, 0x11A8A, 0x11A96, 0x11A98, 0x11A99, 0x11B60, 0x11B60, 0x11B62, 0x11B64,
    0x11B66, 0x11B66, 0x11C30, 0x11C36, 0x11C38, 0x11C3D, 0x11C3F, 0x11C3F, 0x11C92, 0x11CA7, 0x11CAA, 0x11CB0,
    0x11CB2, 0x11CB3, 0x11CB5, 0x11CB6, 0x11D31, 0x11D36, 0x11D3A, 0x11D3A, 0x11D3C, 0x11D3D, 0x11D3F, 0x11D45,
    0x11D47, 0x11D47, 0x11D90, 0x11D91, 0x11D95, 0x11D95, 0x11D97, 0x11D97, 0x11DF0, 0x11DF0, 0x11EF3, 0x11EF4,
    0x11F00, 0x11F01, 0x11F36, 0x11F3A, 0x11F40, 0x11F42, 0x11F5A, 0x11F5A, 0x13440, 0x13440, 0x13447, 0x13455,
    0x1611E, 0x16129, 0x1612D, 0x1612F, 0x16AF0, 0x16AF4, 0x16B30, 0x16B36, 0x16F4F, 0x16F4F, 0x16F8F, 0x16F92,
    0x16FE4, 0x16FE4, 0x16FF0, 0x16FF1, 0x1BC9D, 0x1BC9E, 0x1CF00, 0x1CF2D, 0x1CF30, 0x1CF46, 0x1D127, 0x1D128,
    0x1D165, 0x1D169, 0x1D16D, 0x1D172, 0x1D17B, 0x1D182, 0x1D185, 0x1D18B, 0x1D1AA, 0x1D1AD, 0x1D242, 0x1D244,
    0x1D250, 0x1D252, 0x1D25B, 0x1D25C, 0x1D25F, 0x1D25F, 0x1D280, 0x1D281, 0x1DA00, 0x1DA36, 0x1DA3B, 0x1DA6C,
    0x1DA75, 0x1DA75, 0x1DA84, 0x1DA84, 0x1DA9B, 0x1DA9F, 0x1DAA1, 0x1DAAF, 0x1E000, 0x1E006, 0x1E008, 0x1E018,
    0x1E01B, 0x1E021, 0x1E023, 0x1E024, 0x1E026, 0x1E02A, 0x1E08F, 0x1E08F, 0x1E130, 0x1E136, 0x1E2AE, 0x1E2AE,
    0x1E2EC, 0x1E2EF, 0x1E4EC, 0x1E4EF, 0x1E5EE, 0x1E5EF, 0x1E6E3, 0x1E6E3, 0x1E6E6, 0x1E6E6, 0x1E6EE, 0x1E6EF,
    0x1E6F5, 0x1E6F5, 0x1E8D0, 0x1E8D6, 0x1E944, 0x1E94A, 0xE0020, 0xE007F, 0xE0100, 0xE01EF,
};
static const uint32_t R_BP_Hex_Digit[] = {
    0x30, 0x39, 0x41, 0x46, 0x61, 0x66, 0xFF10, 0xFF19, 0xFF21, 0xFF26, 0xFF41, 0xFF46,
};
static const uint32_t R_BP_IDS_Binary_Operator[] = {
    0x2FF0, 0x2FF1, 0x2FF4, 0x2FFD, 0x31EF, 0x31EF,
};
static const uint32_t R_BP_IDS_Trinary_Operator[] = {
    0x2FF2, 0x2FF3,
};
static const uint32_t R_BP_ID_Continue[] = {
    0x30, 0x39, 0x41, 0x5A, 0x5F, 0x5F, 0x61, 0x7A, 0xAA, 0xAA, 0xB5, 0xB5,
    0xB7, 0xB7, 0xBA, 0xBA, 0xC0, 0xD6, 0xD8, 0xF6, 0xF8, 0x2C1, 0x2C6, 0x2D1,
    0x2E0, 0x2E4, 0x2EC, 0x2EC, 0x2EE, 0x2EE, 0x300, 0x374, 0x376, 0x377, 0x37A, 0x37D,
    0x37F, 0x37F, 0x386, 0x38A, 0x38C, 0x38C, 0x38E, 0x3A1, 0x3A3, 0x3F5, 0x3F7, 0x481,
    0x483, 0x487, 0x48A, 0x52F, 0x531, 0x556, 0x558, 0x559, 0x560, 0x588, 0x58B, 0x58C,
    0x591, 0x5BD, 0x5BF, 0x5BF, 0x5C1, 0x5C2, 0x5C4, 0x5C5, 0x5C7, 0x5C9, 0x5D0, 0x5EA,
    0x5EF, 0x5F2, 0x610, 0x61A, 0x620, 0x669, 0x66E, 0x6D3, 0x6D5, 0x6DC, 0x6DF, 0x6E8,
    0x6EA, 0x6FC, 0x6FF, 0x6FF, 0x710, 0x74A, 0x74D, 0x7B1, 0x7C0, 0x7F5, 0x7FA, 0x7FA,
    0x7FD, 0x7FD, 0x800, 0x82D, 0x840, 0x85B, 0x860, 0x86A, 0x870, 0x887, 0x889, 0x88F,
    0x897, 0x8E1, 0x8E3, 0x963, 0x966, 0x96F, 0x971, 0x983, 0x985, 0x98C, 0x98F, 0x990,
    0x993, 0x9A8, 0x9AA, 0x9B0, 0x9B2, 0x9B2, 0x9B6, 0x9B9, 0x9BC, 0x9C4, 0x9C7, 0x9C8,
    0x9CB, 0x9CE, 0x9D7, 0x9D7, 0x9DC, 0x9DD, 0x9DF, 0x9E3, 0x9E6, 0x9F1, 0x9FC, 0x9FC,
    0x9FE, 0x9FE, 0xA01, 0xA03, 0xA05, 0xA0A, 0xA0F, 0xA10, 0xA13, 0xA28, 0xA2A, 0xA30,
    0xA32, 0xA33, 0xA35, 0xA36, 0xA38, 0xA39, 0xA3C, 0xA3C, 0xA3E, 0xA42, 0xA47, 0xA48,
    0xA4B, 0xA4D, 0xA51, 0xA51, 0xA59, 0xA5C, 0xA5E, 0xA5E, 0xA66, 0xA75, 0xA81, 0xA83,
    0xA85, 0xA8D, 0xA8F, 0xA91, 0xA93, 0xAA8, 0xAAA, 0xAB0, 0xAB2, 0xAB3, 0xAB5, 0xAB9,
    0xABC, 0xAC5, 0xAC7, 0xAC9, 0xACB, 0xACD, 0xAD0, 0xAD0, 0xAE0, 0xAE3, 0xAE6, 0xAEF,
    0xAF9, 0xAFF, 0xB01, 0xB03, 0xB05, 0xB0C, 0xB0F, 0xB10, 0xB13, 0xB28, 0xB2A, 0xB30,
    0xB32, 0xB33, 0xB35, 0xB39, 0xB3C, 0xB44, 0xB47, 0xB48, 0xB4B, 0xB4D, 0xB53, 0xB57,
    0xB5C, 0xB5D, 0xB5F, 0xB63, 0xB66, 0xB6F, 0xB71, 0xB71, 0xB82, 0xB83, 0xB85, 0xB8A,
    0xB8E, 0xB90, 0xB92, 0xB95, 0xB99, 0xB9A, 0xB9C, 0xB9C, 0xB9E, 0xB9F, 0xBA3, 0xBA4,
    0xBA8, 0xBAA, 0xBAE, 0xBB9, 0xBBE, 0xBC2, 0xBC6, 0xBC8, 0xBCA, 0xBCD, 0xBD0, 0xBD0,
    0xBD7, 0xBD7, 0xBE6, 0xBEF, 0xC00, 0xC0C, 0xC0E, 0xC10, 0xC12, 0xC28, 0xC2A, 0xC39,
    0xC3C, 0xC44, 0xC46, 0xC48, 0xC4A, 0xC4D, 0xC55, 0xC56, 0xC58, 0xC5A, 0xC5C, 0xC5D,
    0xC60, 0xC63, 0xC66, 0xC6F, 0xC80, 0xC83, 0xC85, 0xC8C, 0xC8E, 0xC90, 0xC92, 0xCA8,
    0xCAA, 0xCB3, 0xCB5, 0xCB9, 0xCBC, 0xCC4, 0xCC6, 0xCC8, 0xCCA, 0xCCD, 0xCD5, 0xCD6,
    0xCDC, 0xCDE, 0xCE0, 0xCE3, 0xCE6, 0xCEF, 0xCF1, 0xCF3, 0xD00, 0xD0C, 0xD0E, 0xD10,
    0xD12, 0xD44, 0xD46, 0xD48, 0xD4A, 0xD4E, 0xD54, 0xD57, 0xD5F, 0xD63, 0xD66, 0xD6F,
    0xD7A, 0xD7F, 0xD81, 0xD83, 0xD85, 0xD96, 0xD9A, 0xDB1, 0xDB3, 0xDBB, 0xDBD, 0xDBD,
    0xDC0, 0xDC6, 0xDCA, 0xDCA, 0xDCF, 0xDD4, 0xDD6, 0xDD6, 0xDD8, 0xDDF, 0xDE6, 0xDEF,
    0xDF2, 0xDF3, 0xE01, 0xE3A, 0xE40, 0xE4E, 0xE50, 0xE59, 0xE81, 0xE82, 0xE84, 0xE84,
    0xE86, 0xE8A, 0xE8C, 0xEA3, 0xEA5, 0xEA5, 0xEA7, 0xEBD, 0xEC0, 0xEC4, 0xEC6, 0xEC6,
    0xEC8, 0xECE, 0xED0, 0xED9, 0xEDC, 0xEDF, 0xF00, 0xF00, 0xF18, 0xF19, 0xF20, 0xF29,
    0xF35, 0xF35, 0xF37, 0xF37, 0xF39, 0xF39, 0xF3E, 0xF47, 0xF49, 0xF6C, 0xF71, 0xF84,
    0xF86, 0xF97, 0xF99, 0xFBC, 0xFC6, 0xFC6, 0x1000, 0x1049, 0x1050, 0x109D, 0x10A0, 0x10C5,
    0x10C7, 0x10C7, 0x10CD, 0x10CD, 0x10D0, 0x10FA, 0x10FC, 0x1248, 0x124A, 0x124D, 0x1250, 0x1256,
    0x1258, 0x1258, 0x125A, 0x125D, 0x1260, 0x1288, 0x128A, 0x128D, 0x1290, 0x12B0, 0x12B2, 0x12B5,
    0x12B8, 0x12BE, 0x12C0, 0x12C0, 0x12C2, 0x12C5, 0x12C8, 0x12D6, 0x12D8, 0x1310, 0x1312, 0x1315,
    0x1318, 0x135A, 0x135D, 0x135F, 0x1369, 0x1371, 0x1380, 0x138F, 0x13A0, 0x13F5, 0x13F8, 0x13FD,
    0x1401, 0x166C, 0x166F, 0x167F, 0x1681, 0x169A, 0x16A0, 0x16EA, 0x16EE, 0x16F8, 0x1700, 0x1715,
    0x171F, 0x1734, 0x1740, 0x1753, 0x1760, 0x176C, 0x176E, 0x1770, 0x1772, 0x1773, 0x1780, 0x17D3,
    0x17D7, 0x17D7, 0x17DC, 0x17DD, 0x17E0, 0x17E9, 0x180B, 0x180D, 0x180F, 0x1819, 0x1820, 0x1878,
    0x1880, 0x18AA, 0x18B0, 0x18F5, 0x1900, 0x191E, 0x1920, 0x192B, 0x1930, 0x193B, 0x1946, 0x196D,
    0x1970, 0x1974, 0x1980, 0x19AB, 0x19B0, 0x19C9, 0x19D0, 0x19DA, 0x1A00, 0x1A1B, 0x1A20, 0x1A5E,
    0x1A60, 0x1A7C, 0x1A7F, 0x1A89, 0x1A90, 0x1A99, 0x1AA7, 0x1AA7, 0x1AB0, 0x1ABD, 0x1ABF, 0x1AF0,
    0x1B00, 0x1B4C, 0x1B50, 0x1B59, 0x1B6B, 0x1B73, 0x1B80, 0x1BF3, 0x1C00, 0x1C37, 0x1C40, 0x1C49,
    0x1C4D, 0x1C7D, 0x1C80, 0x1C8A, 0x1C90, 0x1CBA, 0x1CBD, 0x1CBF, 0x1CD0, 0x1CD2, 0x1CD4, 0x1CFA,
    0x1D00, 0x1F15, 0x1F18, 0x1F1D, 0x1F20, 0x1F45, 0x1F48, 0x1F4D, 0x1F50, 0x1F57, 0x1F59, 0x1F59,
    0x1F5B, 0x1F5B, 0x1F5D, 0x1F5D, 0x1F5F, 0x1F7D, 0x1F80, 0x1FB4, 0x1FB6, 0x1FBC, 0x1FBE, 0x1FBE,
    0x1FC2, 0x1FC4, 0x1FC6, 0x1FCC, 0x1FD0, 0x1FD3, 0x1FD6, 0x1FDB, 0x1FE0, 0x1FEC, 0x1FF2, 0x1FF4,
    0x1FF6, 0x1FFC, 0x200C, 0x200D, 0x203F, 0x2040, 0x2054, 0x2054, 0x2071, 0x2071, 0x207F, 0x207F,
    0x208F, 0x209F, 0x20D0, 0x20DC, 0x20E1, 0x20E1, 0x20E5, 0x20F0, 0x2102, 0x2102, 0x2107, 0x2107,
    0x210A, 0x2113, 0x2115, 0x2115, 0x2118, 0x211D, 0x2124, 0x2124, 0x2126, 0x2126, 0x2128, 0x2128,
    0x212A, 0x2139, 0x213C, 0x213F, 0x2145, 0x2149, 0x214E, 0x214E, 0x2160, 0x2188, 0x2C00, 0x2CE4,
    0x2CEB, 0x2CF3, 0x2D00, 0x2D25, 0x2D27, 0x2D27, 0x2D2D, 0x2D2D, 0x2D30, 0x2D67, 0x2D6F, 0x2D6F,
    0x2D7F, 0x2D96, 0x2DA0, 0x2DA6, 0x2DA8, 0x2DAE, 0x2DB0, 0x2DB6, 0x2DB8, 0x2DBE, 0x2DC0, 0x2DC6,
    0x2DC8, 0x2DCE, 0x2DD0, 0x2DD6, 0x2DD8, 0x2DDE, 0x2DE0, 0x2DFF, 0x3005, 0x3007, 0x3021, 0x302F,
    0x3031, 0x3035, 0x3038, 0x303C, 0x3041, 0x3096, 0x3099, 0x309F, 0x30A1, 0x30FF, 0x3105, 0x312F,
    0x3131, 0x318E, 0x31A0, 0x31BF, 0x31F0, 0x31FF, 0x3400, 0x4DBF, 0x4E00, 0xA48C, 0xA4D0, 0xA4FD,
    0xA500, 0xA60C, 0xA610, 0xA62B, 0xA640, 0xA66F, 0xA674, 0xA67D, 0xA67F, 0xA6F1, 0xA717, 0xA71F,
    0xA722, 0xA788, 0xA78B, 0xA7DD, 0xA7E2, 0xA7E2, 0xA7F1, 0xA827, 0xA82C, 0xA82C, 0xA840, 0xA873,
    0xA880, 0xA8C5, 0xA8D0, 0xA8D9, 0xA8E0, 0xA8F7, 0xA8FB, 0xA8FB, 0xA8FD, 0xA92D, 0xA930, 0xA953,
    0xA960, 0xA97C, 0xA980, 0xA9C0, 0xA9CF, 0xA9D9, 0xA9E0, 0xA9FE, 0xAA00, 0xAA36, 0xAA40, 0xAA4D,
    0xAA50, 0xAA59, 0xAA60, 0xAA76, 0xAA7A, 0xAAC2, 0xAADB, 0xAADD, 0xAAE0, 0xAAEF, 0xAAF2, 0xAAF6,
    0xAB01, 0xAB06, 0xAB09, 0xAB0E, 0xAB11, 0xAB16, 0xAB20, 0xAB26, 0xAB28, 0xAB2E, 0xAB30, 0xAB5A,
    0xAB5C, 0xAB69, 0xAB6C, 0xAB6D, 0xAB70, 0xABEA, 0xABEC, 0xABED, 0xABF0, 0xABF9, 0xAC00, 0xD7A3,
    0xD7B0, 0xD7C6, 0xD7CB, 0xD7FB, 0xF900, 0xFA6D, 0xFA70, 0xFAD9, 0xFB00, 0xFB06, 0xFB13, 0xFB17,
    0xFB1D, 0xFB28, 0xFB2A, 0xFB36, 0xFB38, 0xFB3C, 0xFB3E, 0xFB3E, 0xFB40, 0xFB41, 0xFB43, 0xFB44,
    0xFB46, 0xFBB1, 0xFBD3, 0xFD3D, 0xFD50, 0xFD8F, 0xFD92, 0xFDC7, 0xFDF0, 0xFDFB, 0xFE00, 0xFE0F,
    0xFE20, 0xFE2F, 0xFE33, 0xFE34, 0xFE4D, 0xFE4F, 0xFE70, 0xFE74, 0xFE76, 0xFEFC, 0xFF10, 0xFF19,
    0xFF21, 0xFF3A, 0xFF3F, 0xFF3F, 0xFF41, 0xFF5A, 0xFF65, 0xFFBE, 0xFFC2, 0xFFC7, 0xFFCA, 0xFFCF,
    0xFFD2, 0xFFD7, 0xFFDA, 0xFFDC, 0x10000, 0x1000B, 0x1000D, 0x10026, 0x10028, 0x1003A, 0x1003C, 0x1003D,
    0x1003F, 0x1004D, 0x10050, 0x1005D, 0x10080, 0x100FA, 0x10140, 0x10174, 0x101FD, 0x101FD, 0x10280, 0x1029C,
    0x102A0, 0x102D0, 0x102E0, 0x102E0, 0x10300, 0x1031F, 0x1032D, 0x1034A, 0x10350, 0x1037A, 0x10380, 0x1039D,
    0x103A0, 0x103C3, 0x103C8, 0x103CF, 0x103D1, 0x103D5, 0x10400, 0x1049D, 0x104A0, 0x104A9, 0x104B0, 0x104D3,
    0x104D8, 0x104FB, 0x10500, 0x10527, 0x10530, 0x10563, 0x10570, 0x1057A, 0x1057C, 0x1058A, 0x1058C, 0x10592,
    0x10594, 0x10595, 0x10597, 0x105A1, 0x105A3, 0x105B1, 0x105B3, 0x105B9, 0x105BB, 0x105BC, 0x105C0, 0x105F3,
    0x10600, 0x10736, 0x10740, 0x10755, 0x10760, 0x10767, 0x10780, 0x10785, 0x10787, 0x107B0, 0x107B2, 0x107BF,
    0x10800, 0x10805, 0x10808, 0x10808, 0x1080A, 0x10835, 0x10837, 0x10838, 0x1083C, 0x1083C, 0x1083F, 0x10855,
    0x10860, 0x10876, 0x10880, 0x1089E, 0x108E0, 0x108F2, 0x108F4, 0x108F5, 0x10900, 0x10915, 0x10920, 0x10939,
    0x10940, 0x10959, 0x10980, 0x109B7, 0x109BE, 0x109BF, 0x10A00, 0x10A03, 0x10A05, 0x10A06, 0x10A0C, 0x10A13,
    0x10A15, 0x10A17, 0x10A19, 0x10A35, 0x10A38, 0x10A3A, 0x10A3F, 0x10A3F, 0x10A60, 0x10A7C, 0x10A80, 0x10A9C,
    0x10AC0, 0x10AC7, 0x10AC9, 0x10AE6, 0x10B00, 0x10B35, 0x10B40, 0x10B55, 0x10B60, 0x10B72, 0x10B80, 0x10B91,
    0x10C00, 0x10C48, 0x10C80, 0x10CB2, 0x10CC0, 0x10CF2, 0x10D00, 0x10D27, 0x10D30, 0x10D39, 0x10D40, 0x10D65,
    0x10D69, 0x10D6D, 0x10D6F, 0x10D85, 0x10E80, 0x10EA9, 0x10EAB, 0x10EAC, 0x10EB0, 0x10EB1, 0x10EC2, 0x10EC7,
    0x10ECB, 0x10ECF, 0x10ED9, 0x10EEE, 0x10EF0, 0x10F1C, 0x10F27, 0x10F27, 0x10F30, 0x10F50, 0x10F70, 0x10F85,
    0x10FB0, 0x10FC4, 0x10FE0, 0x10FF6, 0x11000, 0x11046, 0x11066, 0x11075, 0x1107F, 0x110BA, 0x110C2, 0x110C2,
    0x110D0, 0x110E8, 0x110F0, 0x110F9, 0x11100, 0x11134, 0x11136, 0x1113F, 0x11144, 0x11147, 0x11150, 0x11173,
    0x11176, 0x11176, 0x11180, 0x111C4, 0x111C9, 0x111CC, 0x111CE, 0x111DA, 0x111DC, 0x111DC, 0x11200, 0x11211,
    0x11213, 0x11237, 0x1123E, 0x11241, 0x11280, 0x11286, 0x11288, 0x11288, 0x1128A, 0x1128D, 0x1128F, 0x1129D,
    0x1129F, 0x112A8, 0x112B0, 0x112EA, 0x112F0, 0x112F9, 0x11300, 0x11303, 0x11305, 0x1130C, 0x1130F, 0x11310,
    0x11313, 0x11328, 0x1132A, 0x11330, 0x11332, 0x11333, 0x11335, 0x11339, 0x1133B, 0x11344, 0x11347, 0x11348,
    0x1134B, 0x1134D, 0x11350, 0x11350, 0x11357, 0x11357, 0x1135D, 0x11363, 0x11366, 0x1136C, 0x11370, 0x11374,
    0x11380, 0x11389, 0x1138B, 0x1138B, 0x1138E, 0x1138E, 0x11390, 0x113B5, 0x113B7, 0x113C0, 0x113C2, 0x113C2,
    0x113C5, 0x113C5, 0x113C7, 0x113CA, 0x113CC, 0x113D3, 0x113E1, 0x113E2, 0x11400, 0x1144A, 0x11450, 0x11459,
    0x1145E, 0x11461, 0x11480, 0x114C5, 0x114C7, 0x114C7, 0x114D0, 0x114D9, 0x11580, 0x115B5, 0x115B8, 0x115C0,
    0x115D8, 0x115DD, 0x11600, 0x11640, 0x11644, 0x11644, 0x11650, 0x11659, 0x11680, 0x116B8, 0x116C0, 0x116C9,
    0x116D0, 0x116E3, 0x11700, 0x1171A, 0x1171D, 0x1172B, 0x11730, 0x11739, 0x11740, 0x11746, 0x11800, 0x1183A,
    0x118A0, 0x118E9, 0x118FF, 0x11906, 0x11909, 0x11909, 0x1190C, 0x11913, 0x11915, 0x11916, 0x11918, 0x11935,
    0x11937, 0x11938, 0x1193B, 0x11943, 0x11950, 0x11959, 0x119A0, 0x119A7, 0x119AA, 0x119D7, 0x119DA, 0x119E1,
    0x119E3, 0x119E4, 0x11A00, 0x11A3E, 0x11A47, 0x11A47, 0x11A50, 0x11A99, 0x11A9D, 0x11A9D, 0x11AB0, 0x11AF8,
    0x11B0A, 0x11B0A, 0x11B60, 0x11B67, 0x11BC0, 0x11BE0, 0x11BF0, 0x11BF9, 0x11C00, 0x11C08, 0x11C0A, 0x11C36,
    0x11C38, 0x11C40, 0x11C50, 0x11C59, 0x11C72, 0x11C8F, 0x11C92, 0x11CA7, 0x11CA9, 0x11CB6, 0x11D00, 0x11D06,
    0x11D08, 0x11D09, 0x11D0B, 0x11D36, 0x11D3A, 0x11D3A, 0x11D3C, 0x11D3D, 0x11D3F, 0x11D47, 0x11D50, 0x11D59,
    0x11D60, 0x11D65, 0x11D67, 0x11D68, 0x11D6A, 0x11D8E, 0x11D90, 0x11D91, 0x11D93, 0x11D98, 0x11DA0, 0x11DA9,
    0x11DB0, 0x11DDB, 0x11DE0, 0x11DE9, 0x11DF0, 0x11DF1, 0x11EE0, 0x11EF6, 0x11F00, 0x11F10, 0x11F12, 0x11F3A,
    0x11F3E, 0x11F42, 0x11F50, 0x11F5A, 0x11FB0, 0x11FB0, 0x12000, 0x12399, 0x12400, 0x1246F, 0x12475, 0x12543,
    0x12550, 0x12686, 0x12F90, 0x12FF0, 0x13000, 0x1342F, 0x13440, 0x13455, 0x13460, 0x143FA, 0x14400, 0x14646,
    0x16100, 0x16139, 0x16800, 0x16A38, 0x16A40, 0x16A5E, 0x16A60, 0x16A69, 0x16A70, 0x16ABE, 0x16AC0, 0x16AC9,
    0x16AD0, 0x16AED, 0x16AF0, 0x16AF4, 0x16B00, 0x16B36, 0x16B40, 0x16B43, 0x16B50, 0x16B59, 0x16B63, 0x16B77,
    0x16B7D, 0x16B8F, 0x16D40, 0x16D6C, 0x16D70, 0x16D79, 0x16E40, 0x16E7F, 0x16EA0, 0x16EB8, 0x16EBB, 0x16ED3,
    0x16F00, 0x16F4A, 0x16F4F, 0x16F87, 0x16F8F, 0x16F9F, 0x16FE0, 0x16FE1, 0x16FE3, 0x16FE4, 0x16FF0, 0x16FF6,
    0x17000, 0x18CDA, 0x18CFF, 0x18D20, 0x18D80, 0x18DF2, 0x18E00, 0x19191, 0x191A0, 0x191D2, 0x1AFF0, 0x1AFF3,
    0x1AFF5, 0x1AFFB, 0x1AFFD, 0x1AFFE, 0x1B000, 0x1B128, 0x1B132, 0x1B132, 0x1B150, 0x1B152, 0x1B155, 0x1B155,
    0x1B164, 0x1B168, 0x1B170, 0x1B2FB, 0x1BC00, 0x1BC6A, 0x1BC70, 0x1BC7C, 0x1BC80, 0x1BC88, 0x1BC90, 0x1BC99,
    0x1BC9D, 0x1BC9E, 0x1CCF0, 0x1CCF9, 0x1CF00, 0x1CF2D, 0x1CF30, 0x1CF46, 0x1D127, 0x1D128, 0x1D165, 0x1D169,
    0x1D16D, 0x1D172, 0x1D17B, 0x1D182, 0x1D185, 0x1D18B, 0x1D1AA, 0x1D1AD, 0x1D242, 0x1D244, 0x1D250, 0x1D252,
    0x1D25B, 0x1D25C, 0x1D25F, 0x1D25F, 0x1D280, 0x1D281, 0x1D400, 0x1D454, 0x1D456, 0x1D49C, 0x1D49E, 0x1D49F,
    0x1D4A2, 0x1D4A2, 0x1D4A5, 0x1D4A6, 0x1D4A9, 0x1D4AC, 0x1D4AE, 0x1D4B9, 0x1D4BB, 0x1D4BB, 0x1D4BD, 0x1D4C3,
    0x1D4C5, 0x1D505, 0x1D507, 0x1D50A, 0x1D50D, 0x1D514, 0x1D516, 0x1D51C, 0x1D51E, 0x1D539, 0x1D53B, 0x1D53E,
    0x1D540, 0x1D544, 0x1D546, 0x1D546, 0x1D54A, 0x1D550, 0x1D552, 0x1D6A6, 0x1D6A8, 0x1D6C0, 0x1D6C2, 0x1D6DA,
    0x1D6DC, 0x1D6FA, 0x1D6FC, 0x1D714, 0x1D716, 0x1D734, 0x1D736, 0x1D74E, 0x1D750, 0x1D76E, 0x1D770, 0x1D788,
    0x1D78A, 0x1D7A8, 0x1D7AA, 0x1D7C2, 0x1D7C4, 0x1D7CB, 0x1D7CE, 0x1D7FF, 0x1DA00, 0x1DA36, 0x1DA3B, 0x1DA6C,
    0x1DA75, 0x1DA75, 0x1DA84, 0x1DA84, 0x1DA9B, 0x1DA9F, 0x1DAA1, 0x1DAAF, 0x1DF00, 0x1DF81, 0x1DF90, 0x1DF96,
    0x1DFCD, 0x1E006, 0x1E008, 0x1E018, 0x1E01B, 0x1E021, 0x1E023, 0x1E024, 0x1E026, 0x1E02A, 0x1E030, 0x1E06D,
    0x1E08F, 0x1E08F, 0x1E100, 0x1E12C, 0x1E130, 0x1E13D, 0x1E140, 0x1E149, 0x1E14E, 0x1E14E, 0x1E290, 0x1E2AE,
    0x1E2C0, 0x1E2F9, 0x1E4D0, 0x1E4F9, 0x1E5D0, 0x1E5FA, 0x1E6C0, 0x1E6DE, 0x1E6E0, 0x1E6F5, 0x1E6FE, 0x1E6FF,
    0x1E7E0, 0x1E7E6, 0x1E7E8, 0x1E7EB, 0x1E7ED, 0x1E7EE, 0x1E7F0, 0x1E7FE, 0x1E800, 0x1E8C4, 0x1E8D0, 0x1E8D6,
    0x1E900, 0x1E94B, 0x1E950, 0x1E959, 0x1EE00, 0x1EE03, 0x1EE05, 0x1EE1F, 0x1EE21, 0x1EE22, 0x1EE24, 0x1EE24,
    0x1EE27, 0x1EE27, 0x1EE29, 0x1EE32, 0x1EE34, 0x1EE37, 0x1EE39, 0x1EE39, 0x1EE3B, 0x1EE3B, 0x1EE42, 0x1EE42,
    0x1EE47, 0x1EE47, 0x1EE49, 0x1EE49, 0x1EE4B, 0x1EE4B, 0x1EE4D, 0x1EE4F, 0x1EE51, 0x1EE52, 0x1EE54, 0x1EE54,
    0x1EE57, 0x1EE57, 0x1EE59, 0x1EE59, 0x1EE5B, 0x1EE5B, 0x1EE5D, 0x1EE5D, 0x1EE5F, 0x1EE5F, 0x1EE61, 0x1EE62,
    0x1EE64, 0x1EE64, 0x1EE67, 0x1EE6A, 0x1EE6C, 0x1EE72, 0x1EE74, 0x1EE77, 0x1EE79, 0x1EE7C, 0x1EE7E, 0x1EE7E,
    0x1EE80, 0x1EE89, 0x1EE8B, 0x1EE9B, 0x1EEA1, 0x1EEA3, 0x1EEA5, 0x1EEA9, 0x1EEAB, 0x1EEBB, 0x1FBF0, 0x1FBF9,
    0x20000, 0x2A6DF, 0x2A700, 0x2B81E, 0x2B820, 0x2CEAD, 0x2CEB0, 0x2EBE0, 0x2EBF0, 0x2EE5D, 0x2F800, 0x2FA1D,
    0x30000, 0x3134A, 0x31350, 0x33479, 0x3D000, 0x3FC3F, 0xE0100, 0xE01EF,
};
static const uint32_t R_BP_ID_Start[] = {
    0x41, 0x5A, 0x61, 0x7A, 0xAA, 0xAA, 0xB5, 0xB5, 0xBA, 0xBA, 0xC0, 0xD6,
    0xD8, 0xF6, 0xF8, 0x2C1, 0x2C6, 0x2D1, 0x2E0, 0x2E4, 0x2EC, 0x2EC, 0x2EE, 0x2EE,
    0x370, 0x374, 0x376, 0x377, 0x37A, 0x37D, 0x37F, 0x37F, 0x386, 0x386, 0x388, 0x38A,
    0x38C, 0x38C, 0x38E, 0x3A1, 0x3A3, 0x3F5, 0x3F7, 0x481, 0x48A, 0x52F, 0x531, 0x556,
    0x558, 0x559, 0x560, 0x588, 0x58B, 0x58C, 0x5D0, 0x5EA, 0x5EF, 0x5F2, 0x620, 0x64A,
    0x66E, 0x66F, 0x671, 0x6D3, 0x6D5, 0x6D5, 0x6E5, 0x6E6, 0x6EE, 0x6EF, 0x6FA, 0x6FC,
    0x6FF, 0x6FF, 0x710, 0x710, 0x712, 0x72F, 0x74D, 0x7A5, 0x7B1, 0x7B1, 0x7CA, 0x7EA,
    0x7F4, 0x7F5, 0x7FA, 0x7FA, 0x800, 0x815, 0x81A, 0x81A, 0x824, 0x824, 0x828, 0x828,
    0x840, 0x858, 0x860, 0x86A, 0x870, 0x887, 0x889, 0x88F, 0x8A0, 0x8C9, 0x904, 0x939,
    0x93D, 0x93D, 0x950, 0x950, 0x958, 0x961, 0x971, 0x980, 0x985, 0x98C, 0x98F, 0x990,
    0x993, 0x9A8, 0x9AA, 0x9B0, 0x9B2, 0x9B2, 0x9B6, 0x9B9, 0x9BD, 0x9BD, 0x9CE, 0x9CE,
    0x9DC, 0x9DD, 0x9DF, 0x9E1, 0x9F0, 0x9F1, 0x9FC, 0x9FC, 0xA05, 0xA0A, 0xA0F, 0xA10,
    0xA13, 0xA28, 0xA2A, 0xA30, 0xA32, 0xA33, 0xA35, 0xA36, 0xA38, 0xA39, 0xA59, 0xA5C,
    0xA5E, 0xA5E, 0xA72, 0xA74, 0xA85, 0xA8D, 0xA8F, 0xA91, 0xA93, 0xAA8, 0xAAA, 0xAB0,
    0xAB2, 0xAB3, 0xAB5, 0xAB9, 0xABD, 0xABD, 0xAD0, 0xAD0, 0xAE0, 0xAE1, 0xAF9, 0xAF9,
    0xB05, 0xB0C, 0xB0F, 0xB10, 0xB13, 0xB28, 0xB2A, 0xB30, 0xB32, 0xB33, 0xB35, 0xB39,
    0xB3D, 0xB3D, 0xB5C, 0xB5D, 0xB5F, 0xB61, 0xB71, 0xB71, 0xB83, 0xB83, 0xB85, 0xB8A,
    0xB8E, 0xB90, 0xB92, 0xB95, 0xB99, 0xB9A, 0xB9C, 0xB9C, 0xB9E, 0xB9F, 0xBA3, 0xBA4,
    0xBA8, 0xBAA, 0xBAE, 0xBB9, 0xBD0, 0xBD0, 0xC05, 0xC0C, 0xC0E, 0xC10, 0xC12, 0xC28,
    0xC2A, 0xC39, 0xC3D, 0xC3D, 0xC58, 0xC5A, 0xC5C, 0xC5D, 0xC60, 0xC61, 0xC80, 0xC80,
    0xC85, 0xC8C, 0xC8E, 0xC90, 0xC92, 0xCA8, 0xCAA, 0xCB3, 0xCB5, 0xCB9, 0xCBD, 0xCBD,
    0xCDC, 0xCDE, 0xCE0, 0xCE1, 0xCF1, 0xCF2, 0xD04, 0xD0C, 0xD0E, 0xD10, 0xD12, 0xD3A,
    0xD3D, 0xD3D, 0xD4E, 0xD4E, 0xD54, 0xD56, 0xD5F, 0xD61, 0xD7A, 0xD7F, 0xD85, 0xD96,
    0xD9A, 0xDB1, 0xDB3, 0xDBB, 0xDBD, 0xDBD, 0xDC0, 0xDC6, 0xE01, 0xE30, 0xE32, 0xE33,
    0xE40, 0xE46, 0xE81, 0xE82, 0xE84, 0xE84, 0xE86, 0xE8A, 0xE8C, 0xEA3, 0xEA5, 0xEA5,
    0xEA7, 0xEB0, 0xEB2, 0xEB3, 0xEBD, 0xEBD, 0xEC0, 0xEC4, 0xEC6, 0xEC6, 0xEDC, 0xEDF,
    0xF00, 0xF00, 0xF40, 0xF47, 0xF49, 0xF6C, 0xF88, 0xF8C, 0x1000, 0x102A, 0x103F, 0x103F,
    0x1050, 0x1055, 0x105A, 0x105D, 0x1061, 0x1061, 0x1065, 0x1066, 0x106E, 0x1070, 0x1075, 0x1081,
    0x108E, 0x108E, 0x10A0, 0x10C5, 0x10C7, 0x10C7, 0x10CD, 0x10CD, 0x10D0, 0x10FA, 0x10FC, 0x1248,
    0x124A, 0x124D, 0x1250, 0x1256, 0x1258, 0x1258, 0x125A, 0x125D, 0x1260, 0x1288, 0x128A, 0x128D,
    0x1290, 0x12B0, 0x12B2, 0x12B5, 0x12B8, 0x12BE, 0x12C0, 0x12C0, 0x12C2, 0x12C5, 0x12C8, 0x12D6,
    0x12D8, 0x1310, 0x1312, 0x1315, 0x1318, 0x135A, 0x1380, 0x138F, 0x13A0, 0x13F5, 0x13F8, 0x13FD,
    0x1401, 0x166C, 0x166F, 0x167F, 0x1681, 0x169A, 0x16A0, 0x16EA, 0x16EE, 0x16F8, 0x1700, 0x1711,
    0x171F, 0x1731, 0x1740, 0x1751, 0x1760, 0x176C, 0x176E, 0x1770, 0x1780, 0x17B3, 0x17D7, 0x17D7,
    0x17DC, 0x17DC, 0x1820, 0x1878, 0x1880, 0x18A8, 0x18AA, 0x18AA, 0x18B0, 0x18F5, 0x1900, 0x191E,
    0x1950, 0x196D, 0x1970, 0x1974, 0x1980, 0x19AB, 0x19B0, 0x19C9, 0x1A00, 0x1A16, 0x1A20, 0x1A54,
    0x1AA7, 0x1AA7, 0x1B05, 0x1B33, 0x1B45, 0x1B4C, 0x1B83, 0x1BA0, 0x1BAE, 0x1BAF, 0x1BBA, 0x1BE5,
    0x1C00, 0x1C23, 0x1C4D, 0x1C4F, 0x1C5A, 0x1C7D, 0x1C80, 0x1C8A, 0x1C90, 0x1CBA, 0x1CBD, 0x1CBF,
    0x1CE9, 0x1CEC, 0x1CEE, 0x1CF3, 0x1CF5, 0x1CF6, 0x1CFA, 0x1CFA, 0x1D00, 0x1DBF, 0x1E00, 0x1F15,
    0x1F18, 0x1F1D, 0x1F20, 0x1F45, 0x1F48, 0x1F4D, 0x1F50, 0x1F57, 0x1F59, 0x1F59, 0x1F5B, 0x1F5B,
    0x1F5D, 0x1F5D, 0x1F5F, 0x1F7D, 0x1F80, 0x1FB4, 0x1FB6, 0x1FBC, 0x1FBE, 0x1FBE, 0x1FC2, 0x1FC4,
    0x1FC6, 0x1FCC, 0x1FD0, 0x1FD3, 0x1FD6, 0x1FDB, 0x1FE0, 0x1FEC, 0x1FF2, 0x1FF4, 0x1FF6, 0x1FFC,
    0x2071, 0x2071, 0x207F, 0x207F, 0x208F, 0x209F, 0x2102, 0x2102, 0x2107, 0x2107, 0x210A, 0x2113,
    0x2115, 0x2115, 0x2118, 0x211D, 0x2124, 0x2124, 0x2126, 0x2126, 0x2128, 0x2128, 0x212A, 0x2139,
    0x213C, 0x213F, 0x2145, 0x2149, 0x214E, 0x214E, 0x2160, 0x2188, 0x2C00, 0x2CE4, 0x2CEB, 0x2CEE,
    0x2CF2, 0x2CF3, 0x2D00, 0x2D25, 0x2D27, 0x2D27, 0x2D2D, 0x2D2D, 0x2D30, 0x2D67, 0x2D6F, 0x2D6F,
    0x2D80, 0x2D96, 0x2DA0, 0x2DA6, 0x2DA8, 0x2DAE, 0x2DB0, 0x2DB6, 0x2DB8, 0x2DBE, 0x2DC0, 0x2DC6,
    0x2DC8, 0x2DCE, 0x2DD0, 0x2DD6, 0x2DD8, 0x2DDE, 0x3005, 0x3007, 0x3021, 0x3029, 0x3031, 0x3035,
    0x3038, 0x303C, 0x3041, 0x3096, 0x309B, 0x309F, 0x30A1, 0x30FA, 0x30FC, 0x30FF, 0x3105, 0x312F,
    0x3131, 0x318E, 0x31A0, 0x31BF, 0x31F0, 0x31FF, 0x3400, 0x4DBF, 0x4E00, 0xA48C, 0xA4D0, 0xA4FD,
    0xA500, 0xA60C, 0xA610, 0xA61F, 0xA62A, 0xA62B, 0xA640, 0xA66E, 0xA67F, 0xA69D, 0xA6A0, 0xA6EF,
    0xA717, 0xA71F, 0xA722, 0xA788, 0xA78B, 0xA7DD, 0xA7E2, 0xA7E2, 0xA7F1, 0xA801, 0xA803, 0xA805,
    0xA807, 0xA80A, 0xA80C, 0xA822, 0xA840, 0xA873, 0xA882, 0xA8B3, 0xA8F2, 0xA8F7, 0xA8FB, 0xA8FB,
    0xA8FD, 0xA8FE, 0xA90A, 0xA925, 0xA930, 0xA946, 0xA960, 0xA97C, 0xA984, 0xA9B2, 0xA9CF, 0xA9CF,
    0xA9E0, 0xA9E4, 0xA9E6, 0xA9EF, 0xA9FA, 0xA9FE, 0xAA00, 0xAA28, 0xAA40, 0xAA42, 0xAA44, 0xAA4B,
    0xAA60, 0xAA76, 0xAA7A, 0xAA7A, 0xAA7E, 0xAAAF, 0xAAB1, 0xAAB1, 0xAAB5, 0xAAB6, 0xAAB9, 0xAABD,
    0xAAC0, 0xAAC0, 0xAAC2, 0xAAC2, 0xAADB, 0xAADD, 0xAAE0, 0xAAEA, 0xAAF2, 0xAAF4, 0xAB01, 0xAB06,
    0xAB09, 0xAB0E, 0xAB11, 0xAB16, 0xAB20, 0xAB26, 0xAB28, 0xAB2E, 0xAB30, 0xAB5A, 0xAB5C, 0xAB69,
    0xAB6C, 0xAB6D, 0xAB70, 0xABE2, 0xAC00, 0xD7A3, 0xD7B0, 0xD7C6, 0xD7CB, 0xD7FB, 0xF900, 0xFA6D,
    0xFA70, 0xFAD9, 0xFB00, 0xFB06, 0xFB13, 0xFB17, 0xFB1D, 0xFB1D, 0xFB1F, 0xFB28, 0xFB2A, 0xFB36,
    0xFB38, 0xFB3C, 0xFB3E, 0xFB3E, 0xFB40, 0xFB41, 0xFB43, 0xFB44, 0xFB46, 0xFBB1, 0xFBD3, 0xFD3D,
    0xFD50, 0xFD8F, 0xFD92, 0xFDC7, 0xFDF0, 0xFDFB, 0xFE70, 0xFE74, 0xFE76, 0xFEFC, 0xFF21, 0xFF3A,
    0xFF41, 0xFF5A, 0xFF66, 0xFFBE, 0xFFC2, 0xFFC7, 0xFFCA, 0xFFCF, 0xFFD2, 0xFFD7, 0xFFDA, 0xFFDC,
    0x10000, 0x1000B, 0x1000D, 0x10026, 0x10028, 0x1003A, 0x1003C, 0x1003D, 0x1003F, 0x1004D, 0x10050, 0x1005D,
    0x10080, 0x100FA, 0x10140, 0x10174, 0x10280, 0x1029C, 0x102A0, 0x102D0, 0x10300, 0x1031F, 0x1032D, 0x1034A,
    0x10350, 0x10375, 0x10380, 0x1039D, 0x103A0, 0x103C3, 0x103C8, 0x103CF, 0x103D1, 0x103D5, 0x10400, 0x1049D,
    0x104B0, 0x104D3, 0x104D8, 0x104FB, 0x10500, 0x10527, 0x10530, 0x10563, 0x10570, 0x1057A, 0x1057C, 0x1058A,
    0x1058C, 0x10592, 0x10594, 0x10595, 0x10597, 0x105A1, 0x105A3, 0x105B1, 0x105B3, 0x105B9, 0x105BB, 0x105BC,
    0x105C0, 0x105F3, 0x10600, 0x10736, 0x10740, 0x10755, 0x10760, 0x10767, 0x10780, 0x10785, 0x10787, 0x107B0,
    0x107B2, 0x107BF, 0x10800, 0x10805, 0x10808, 0x10808, 0x1080A, 0x10835, 0x10837, 0x10838, 0x1083C, 0x1083C,
    0x1083F, 0x10855, 0x10860, 0x10876, 0x10880, 0x1089E, 0x108E0, 0x108F2, 0x108F4, 0x108F5, 0x10900, 0x10915,
    0x10920, 0x10939, 0x10940, 0x10959, 0x10980, 0x109B7, 0x109BE, 0x109BF, 0x10A00, 0x10A00, 0x10A10, 0x10A13,
    0x10A15, 0x10A17, 0x10A19, 0x10A35, 0x10A60, 0x10A7C, 0x10A80, 0x10A9C, 0x10AC0, 0x10AC7, 0x10AC9, 0x10AE4,
    0x10B00, 0x10B35, 0x10B40, 0x10B55, 0x10B60, 0x10B72, 0x10B80, 0x10B91, 0x10C00, 0x10C48, 0x10C80, 0x10CB2,
    0x10CC0, 0x10CF2, 0x10D00, 0x10D23, 0x10D4A, 0x10D65, 0x10D6F, 0x10D85, 0x10E80, 0x10EA9, 0x10EB0, 0x10EB1,
    0x10EC2, 0x10EC7, 0x10ED9, 0x10EEE, 0x10F00, 0x10F1C, 0x10F27, 0x10F27, 0x10F30, 0x10F45, 0x10F70, 0x10F81,
    0x10FB0, 0x10FC4, 0x10FE0, 0x10FF6, 0x11003, 0x11037, 0x11071, 0x11072, 0x11075, 0x11075, 0x11083, 0x110AF,
    0x110D0, 0x110E8, 0x11103, 0x11126, 0x11144, 0x11144, 0x11147, 0x11147, 0x11150, 0x11172, 0x11176, 0x11176,
    0x11183, 0x111B2, 0x111C1, 0x111C4, 0x111DA, 0x111DA, 0x111DC, 0x111DC, 0x11200, 0x11211, 0x11213, 0x1122B,
    0x1123F, 0x11240, 0x11280, 0x11286, 0x11288, 0x11288, 0x1128A, 0x1128D, 0x1128F, 0x1129D, 0x1129F, 0x112A8,
    0x112B0, 0x112DE, 0x11305, 0x1130C, 0x1130F, 0x11310, 0x11313, 0x11328, 0x1132A, 0x11330, 0x11332, 0x11333,
    0x11335, 0x11339, 0x1133D, 0x1133D, 0x11350, 0x11350, 0x1135D, 0x11361, 0x11380, 0x11389, 0x1138B, 0x1138B,
    0x1138E, 0x1138E, 0x11390, 0x113B5, 0x113B7, 0x113B7, 0x113D1, 0x113D1, 0x113D3, 0x113D3, 0x11400, 0x11434,
    0x11447, 0x1144A, 0x1145F, 0x11461, 0x11480, 0x114AF, 0x114C4, 0x114C5, 0x114C7, 0x114C7, 0x11580, 0x115AE,
    0x115D8, 0x115DB, 0x11600, 0x1162F, 0x11644, 0x11644, 0x11680, 0x116AA, 0x116B8, 0x116B8, 0x11700, 0x1171A,
    0x11740, 0x11746, 0x11800, 0x1182B, 0x118A0, 0x118DF, 0x118FF, 0x11906, 0x11909, 0x11909, 0x1190C, 0x11913,
    0x11915, 0x11916, 0x11918, 0x1192F, 0x1193F, 0x1193F, 0x11941, 0x11941, 0x119A0, 0x119A7, 0x119AA, 0x119D0,
    0x119E1, 0x119E1, 0x119E3, 0x119E3, 0x11A00, 0x11A00, 0x11A0B, 0x11A32, 0x11A3A, 0x11A3A, 0x11A50, 0x11A50,
    0x11A5C, 0x11A89, 0x11A9D, 0x11A9D, 0x11AB0, 0x11AF8, 0x11B0A, 0x11B0A, 0x11BC0, 0x11BE0, 0x11C00, 0x11C08,
    0x11C0A, 0x11C2E, 0x11C40, 0x11C40, 0x11C72, 0x11C8F, 0x11D00, 0x11D06, 0x11D08, 0x11D09, 0x11D0B, 0x11D30,
    0x11D46, 0x11D46, 0x11D60, 0x11D65, 0x11D67, 0x11D68, 0x11D6A, 0x11D89, 0x11D98, 0x11D98, 0x11DB0, 0x11DDB,
    0x11DF1, 0x11DF1, 0x11EE0, 0x11EF2, 0x11F02, 0x11F02, 0x11F04, 0x11F10, 0x11F12, 0x11F33, 0x11FB0, 0x11FB0,
    0x12000, 0x12399, 0x12400, 0x1246F, 0x12475, 0x12543, 0x12550, 0x12686, 0x12F90, 0x12FF0, 0x13000, 0x1342F,
    0x13441, 0x13446, 0x13460, 0x143FA, 0x14400, 0x14646, 0x16100, 0x1611D, 0x16800, 0x16A38, 0x16A40, 0x16A5E,
    0x16A70, 0x16ABE, 0x16AD0, 0x16AED, 0x16B00, 0x16B2F, 0x16B40, 0x16B43, 0x16B63, 0x16B77, 0x16B7D, 0x16B8F,
    0x16D40, 0x16D6C, 0x16E40, 0x16E7F, 0x16EA0, 0x16EB8, 0x16EBB, 0x16ED3, 0x16F00, 0x16F4A, 0x16F50, 0x16F50,
    0x16F93, 0x16F9F, 0x16FE0, 0x16FE1, 0x16FE3, 0x16FE3, 0x16FF2, 0x16FF6, 0x17000, 0x18CDA, 0x18CFF, 0x18D20,
    0x18D80, 0x18DF2, 0x18E00, 0x19191, 0x191A0, 0x191D2, 0x1AFF0, 0x1AFF3, 0x1AFF5, 0x1AFFB, 0x1AFFD, 0x1AFFE,
    0x1B000, 0x1B128, 0x1B132, 0x1B132, 0x1B150, 0x1B152, 0x1B155, 0x1B155, 0x1B164, 0x1B168, 0x1B170, 0x1B2FB,
    0x1BC00, 0x1BC6A, 0x1BC70, 0x1BC7C, 0x1BC80, 0x1BC88, 0x1BC90, 0x1BC99, 0x1D400, 0x1D454, 0x1D456, 0x1D49C,
    0x1D49E, 0x1D49F, 0x1D4A2, 0x1D4A2, 0x1D4A5, 0x1D4A6, 0x1D4A9, 0x1D4AC, 0x1D4AE, 0x1D4B9, 0x1D4BB, 0x1D4BB,
    0x1D4BD, 0x1D4C3, 0x1D4C5, 0x1D505, 0x1D507, 0x1D50A, 0x1D50D, 0x1D514, 0x1D516, 0x1D51C, 0x1D51E, 0x1D539,
    0x1D53B, 0x1D53E, 0x1D540, 0x1D544, 0x1D546, 0x1D546, 0x1D54A, 0x1D550, 0x1D552, 0x1D6A6, 0x1D6A8, 0x1D6C0,
    0x1D6C2, 0x1D6DA, 0x1D6DC, 0x1D6FA, 0x1D6FC, 0x1D714, 0x1D716, 0x1D734, 0x1D736, 0x1D74E, 0x1D750, 0x1D76E,
    0x1D770, 0x1D788, 0x1D78A, 0x1D7A8, 0x1D7AA, 0x1D7C2, 0x1D7C4, 0x1D7CB, 0x1DF00, 0x1DF81, 0x1DF90, 0x1DF96,
    0x1DFCD, 0x1DFFF, 0x1E030, 0x1E06D, 0x1E100, 0x1E12C, 0x1E137, 0x1E13D, 0x1E14E, 0x1E14E, 0x1E290, 0x1E2AD,
    0x1E2C0, 0x1E2EB, 0x1E4D0, 0x1E4EB, 0x1E5D0, 0x1E5ED, 0x1E5F0, 0x1E5F0, 0x1E6C0, 0x1E6DE, 0x1E6E0, 0x1E6E2,
    0x1E6E4, 0x1E6E5, 0x1E6E7, 0x1E6ED, 0x1E6F0, 0x1E6F4, 0x1E6FE, 0x1E6FF, 0x1E7E0, 0x1E7E6, 0x1E7E8, 0x1E7EB,
    0x1E7ED, 0x1E7EE, 0x1E7F0, 0x1E7FE, 0x1E800, 0x1E8C4, 0x1E900, 0x1E943, 0x1E94B, 0x1E94B, 0x1EE00, 0x1EE03,
    0x1EE05, 0x1EE1F, 0x1EE21, 0x1EE22, 0x1EE24, 0x1EE24, 0x1EE27, 0x1EE27, 0x1EE29, 0x1EE32, 0x1EE34, 0x1EE37,
    0x1EE39, 0x1EE39, 0x1EE3B, 0x1EE3B, 0x1EE42, 0x1EE42, 0x1EE47, 0x1EE47, 0x1EE49, 0x1EE49, 0x1EE4B, 0x1EE4B,
    0x1EE4D, 0x1EE4F, 0x1EE51, 0x1EE52, 0x1EE54, 0x1EE54, 0x1EE57, 0x1EE57, 0x1EE59, 0x1EE59, 0x1EE5B, 0x1EE5B,
    0x1EE5D, 0x1EE5D, 0x1EE5F, 0x1EE5F, 0x1EE61, 0x1EE62, 0x1EE64, 0x1EE64, 0x1EE67, 0x1EE6A, 0x1EE6C, 0x1EE72,
    0x1EE74, 0x1EE77, 0x1EE79, 0x1EE7C, 0x1EE7E, 0x1EE7E, 0x1EE80, 0x1EE89, 0x1EE8B, 0x1EE9B, 0x1EEA1, 0x1EEA3,
    0x1EEA5, 0x1EEA9, 0x1EEAB, 0x1EEBB, 0x20000, 0x2A6DF, 0x2A700, 0x2B81E, 0x2B820, 0x2CEAD, 0x2CEB0, 0x2EBE0,
    0x2EBF0, 0x2EE5D, 0x2F800, 0x2FA1D, 0x30000, 0x3134A, 0x31350, 0x33479, 0x3D000, 0x3FC3F,
};
static const uint32_t R_BP_Ideographic[] = {
    0x3006, 0x3007, 0x3021, 0x3029, 0x3038, 0x303A, 0x3400, 0x4DBF, 0x4E00, 0x9FFF, 0xF900, 0xFA6D,
    0xFA70, 0xFAD9, 0x16FE4, 0x16FE4, 0x16FF2, 0x16FF6, 0x17000, 0x18CDA, 0x18CFF, 0x18D20, 0x18D80, 0x18DF2,
    0x18E00, 0x19191, 0x191A0, 0x191D2, 0x1B170, 0x1B2FB, 0x20000, 0x2A6DF, 0x2A700, 0x2B81E, 0x2B820, 0x2CEAD,
    0x2CEB0, 0x2EBE0, 0x2EBF0, 0x2EE5D, 0x2F800, 0x2FA1D, 0x30000, 0x3134A, 0x31350, 0x33479, 0x3D000, 0x3FC3F,
};
static const uint32_t R_BP_Join_Control[] = {
    0x200C, 0x200D,
};
static const uint32_t R_BP_Logical_Order_Exception[] = {
    0xE40, 0xE44, 0xEC0, 0xEC4, 0x19B5, 0x19B7, 0x19BA, 0x19BA, 0xAAB5, 0xAAB6, 0xAAB9, 0xAAB9,
    0xAABB, 0xAABC,
};
static const uint32_t R_BP_Lowercase[] = {
    0x61, 0x7A, 0xAA, 0xAA, 0xB5, 0xB5, 0xBA, 0xBA, 0xDF, 0xF6, 0xF8, 0xFF,
    0x101, 0x101, 0x103, 0x103, 0x105, 0x105, 0x107, 0x107, 0x109, 0x109, 0x10B, 0x10B,
    0x10D, 0x10D, 0x10F, 0x10F, 0x111, 0x111, 0x113, 0x113, 0x115, 0x115, 0x117, 0x117,
    0x119, 0x119, 0x11B, 0x11B, 0x11D, 0x11D, 0x11F, 0x11F, 0x121, 0x121, 0x123, 0x123,
    0x125, 0x125, 0x127, 0x127, 0x129, 0x129, 0x12B, 0x12B, 0x12D, 0x12D, 0x12F, 0x12F,
    0x131, 0x131, 0x133, 0x133, 0x135, 0x135, 0x137, 0x138, 0x13A, 0x13A, 0x13C, 0x13C,
    0x13E, 0x13E, 0x140, 0x140, 0x142, 0x142, 0x144, 0x144, 0x146, 0x146, 0x148, 0x149,
    0x14B, 0x14B, 0x14D, 0x14D, 0x14F, 0x14F, 0x151, 0x151, 0x153, 0x153, 0x155, 0x155,
    0x157, 0x157, 0x159, 0x159, 0x15B, 0x15B, 0x15D, 0x15D, 0x15F, 0x15F, 0x161, 0x161,
    0x163, 0x163, 0x165, 0x165, 0x167, 0x167, 0x169, 0x169, 0x16B, 0x16B, 0x16D, 0x16D,
    0x16F, 0x16F, 0x171, 0x171, 0x173, 0x173, 0x175, 0x175, 0x177, 0x177, 0x17A, 0x17A,
    0x17C, 0x17C, 0x17E, 0x180, 0x183, 0x183, 0x185, 0x185, 0x188, 0x188, 0x18C, 0x18D,
    0x192, 0x192, 0x195, 0x195, 0x199, 0x19B, 0x19E, 0x19E, 0x1A1, 0x1A1, 0x1A3, 0x1A3,
    0x1A5, 0x1A5, 0x1A8, 0x1A8, 0x1AA, 0x1AB, 0x1AD, 0x1AD, 0x1B0, 0x1B0, 0x1B4, 0x1B4,
    0x1B6, 0x1B6, 0x1B9, 0x1BA, 0x1BD, 0x1BF, 0x1C6, 0x1C6, 0x1C9, 0x1C9, 0x1CC, 0x1CC,
    0x1CE, 0x1CE, 0x1D0, 0x1D0, 0x1D2, 0x1D2, 0x1D4, 0x1D4, 0x1D6, 0x1D6, 0x1D8, 0x1D8,
    0x1DA, 0x1DA, 0x1DC, 0x1DD, 0x1DF, 0x1DF, 0x1E1, 0x1E1, 0x1E3, 0x1E3, 0x1E5, 0x1E5,
    0x1E7, 0x1E7, 0x1E9, 0x1E9, 0x1EB, 0x1EB, 0x1ED, 0x1ED, 0x1EF, 0x1F0, 0x1F3, 0x1F3,
    0x1F5, 0x1F5, 0x1F9, 0x1F9, 0x1FB, 0x1FB, 0x1FD, 0x1FD, 0x1FF, 0x1FF, 0x201, 0x201,
    0x203, 0x203, 0x205, 0x205, 0x207, 0x207, 0x209, 0x209, 0x20B, 0x20B, 0x20D, 0x20D,
    0x20F, 0x20F, 0x211, 0x211, 0x213, 0x213, 0x215, 0x215, 0x217, 0x217, 0x219, 0x219,
    0x21B, 0x21B, 0x21D, 0x21D, 0x21F, 0x21F, 0x221, 0x221, 0x223, 0x223, 0x225, 0x225,
    0x227, 0x227, 0x229, 0x229, 0x22B, 0x22B, 0x22D, 0x22D, 0x22F, 0x22F, 0x231, 0x231,
    0x233, 0x239, 0x23C, 0x23C, 0x23F, 0x240, 0x242, 0x242, 0x247, 0x247, 0x249, 0x249,
    0x24B, 0x24B, 0x24D, 0x24D, 0x24F, 0x293, 0x296, 0x2B8, 0x2C0, 0x2C1, 0x2E0, 0x2E4,
    0x345, 0x345, 0x371, 0x371, 0x373, 0x373, 0x377, 0x377, 0x37A, 0x37D, 0x390, 0x390,
    0x3AC, 0x3CE, 0x3D0, 0x3D1, 0x3D5, 0x3D7, 0x3D9, 0x3D9, 0x3DB, 0x3DB, 0x3DD, 0x3DD,
    0x3DF, 0x3DF, 0x3E1, 0x3E1, 0x3E3, 0x3E3, 0x3E5, 0x3E5, 0x3E7, 0x3E7, 0x3E9, 0x3E9,
    0x3EB, 0x3EB, 0x3ED, 0x3ED, 0x3EF, 0x3F3, 0x3F5, 0x3F5, 0x3F8, 0x3F8, 0x3FB, 0x3FC,
    0x430, 0x45F, 0x461, 0x461, 0x463, 0x463, 0x465, 0x465, 0x467, 0x467, 0x469, 0x469,
    0x46B, 0x46B, 0x46D, 0x46D, 0x46F, 0x46F, 0x471, 0x471, 0x473, 0x473, 0x475, 0x475,
    0x477, 0x477, 0x479, 0x479, 0x47B, 0x47B, 0x47D, 0x47D, 0x47F, 0x47F, 0x481, 0x481,
    0x48B, 0x48B, 0x48D, 0x48D, 0x48F, 0x48F, 0x491, 0x491, 0x493, 0x493, 0x495, 0x495,
    0x497, 0x497, 0x499, 0x499, 0x49B, 0x49B, 0x49D, 0x49D, 0x49F, 0x49F, 0x4A1, 0x4A1,
    0x4A3, 0x4A3, 0x4A5, 0x4A5, 0x4A7, 0x4A7, 0x4A9, 0x4A9, 0x4AB, 0x4AB, 0x4AD, 0x4AD,
    0x4AF, 0x4AF, 0x4B1, 0x4B1, 0x4B3, 0x4B3, 0x4B5, 0x4B5, 0x4B7, 0x4B7, 0x4B9, 0x4B9,
    0x4BB, 0x4BB, 0x4BD, 0x4BD, 0x4BF, 0x4BF, 0x4C2, 0x4C2, 0x4C4, 0x4C4, 0x4C6, 0x4C6,
    0x4C8, 0x4C8, 0x4CA, 0x4CA, 0x4CC, 0x4CC, 0x4CE, 0x4CF, 0x4D1, 0x4D1, 0x4D3, 0x4D3,
    0x4D5, 0x4D5, 0x4D7, 0x4D7, 0x4D9, 0x4D9, 0x4DB, 0x4DB, 0x4DD, 0x4DD, 0x4DF, 0x4DF,
    0x4E1, 0x4E1, 0x4E3, 0x4E3, 0x4E5, 0x4E5, 0x4E7, 0x4E7, 0x4E9, 0x4E9, 0x4EB, 0x4EB,
    0x4ED, 0x4ED, 0x4EF, 0x4EF, 0x4F1, 0x4F1, 0x4F3, 0x4F3, 0x4F5, 0x4F5, 0x4F7, 0x4F7,
    0x4F9, 0x4F9, 0x4FB, 0x4FB, 0x4FD, 0x4FD, 0x4FF, 0x4FF, 0x501, 0x501, 0x503, 0x503,
    0x505, 0x505, 0x507, 0x507, 0x509, 0x509, 0x50B, 0x50B, 0x50D, 0x50D, 0x50F, 0x50F,
    0x511, 0x511, 0x513, 0x513, 0x515, 0x515, 0x517, 0x517, 0x519, 0x519, 0x51B, 0x51B,
    0x51D, 0x51D, 0x51F, 0x51F, 0x521, 0x521, 0x523, 0x523, 0x525, 0x525, 0x527, 0x527,
    0x529, 0x529, 0x52B, 0x52B, 0x52D, 0x52D, 0x52F, 0x52F, 0x558, 0x558, 0x560, 0x588,
    0x58B, 0x58C, 0x10D0, 0x10FA, 0x10FC, 0x10FF, 0x13F8, 0x13FD, 0x1C80, 0x1C88, 0x1C8A, 0x1C8A,
    0x1D00, 0x1DBF, 0x1E01, 0x1E01, 0x1E03, 0x1E03, 0x1E05, 0x1E05, 0x1E07, 0x1E07, 0x1E09, 0x1E09,
    0x1E0B, 0x1E0B, 0x1E0D, 0x1E0D, 0x1E0F, 0x1E0F, 0x1E11, 0x1E11, 0x1E13, 0x1E13, 0x1E15, 0x1E15,
    0x1E17, 0x1E17, 0x1E19, 0x1E19, 0x1E1B, 0x1E1B, 0x1E1D, 0x1E1D, 0x1E1F, 0x1E1F, 0x1E21, 0x1E21,
    0x1E23, 0x1E23, 0x1E25, 0x1E25, 0x1E27, 0x1E27, 0x1E29, 0x1E29, 0x1E2B, 0x1E2B, 0x1E2D, 0x1E2D,
    0x1E2F, 0x1E2F, 0x1E31, 0x1E31, 0x1E33, 0x1E33, 0x1E35, 0x1E35, 0x1E37, 0x1E37, 0x1E39, 0x1E39,
    0x1E3B, 0x1E3B, 0x1E3D, 0x1E3D, 0x1E3F, 0x1E3F, 0x1E41, 0x1E41, 0x1E43, 0x1E43, 0x1E45, 0x1E45,
    0x1E47, 0x1E47, 0x1E49, 0x1E49, 0x1E4B, 0x1E4B, 0x1E4D, 0x1E4D, 0x1E4F, 0x1E4F, 0x1E51, 0x1E51,
    0x1E53, 0x1E53, 0x1E55, 0x1E55, 0x1E57, 0x1E57, 0x1E59, 0x1E59, 0x1E5B, 0x1E5B, 0x1E5D, 0x1E5D,
    0x1E5F, 0x1E5F, 0x1E61, 0x1E61, 0x1E63, 0x1E63, 0x1E65, 0x1E65, 0x1E67, 0x1E67, 0x1E69, 0x1E69,
    0x1E6B, 0x1E6B, 0x1E6D, 0x1E6D, 0x1E6F, 0x1E6F, 0x1E71, 0x1E71, 0x1E73, 0x1E73, 0x1E75, 0x1E75,
    0x1E77, 0x1E77, 0x1E79, 0x1E79, 0x1E7B, 0x1E7B, 0x1E7D, 0x1E7D, 0x1E7F, 0x1E7F, 0x1E81, 0x1E81,
    0x1E83, 0x1E83, 0x1E85, 0x1E85, 0x1E87, 0x1E87, 0x1E89, 0x1E89, 0x1E8B, 0x1E8B, 0x1E8D, 0x1E8D,
    0x1E8F, 0x1E8F, 0x1E91, 0x1E91, 0x1E93, 0x1E93, 0x1E95, 0x1E9D, 0x1E9F, 0x1E9F, 0x1EA1, 0x1EA1,
    0x1EA3, 0x1EA3, 0x1EA5, 0x1EA5, 0x1EA7, 0x1EA7, 0x1EA9, 0x1EA9, 0x1EAB, 0x1EAB, 0x1EAD, 0x1EAD,
    0x1EAF, 0x1EAF, 0x1EB1, 0x1EB1, 0x1EB3, 0x1EB3, 0x1EB5, 0x1EB5, 0x1EB7, 0x1EB7, 0x1EB9, 0x1EB9,
    0x1EBB, 0x1EBB, 0x1EBD, 0x1EBD, 0x1EBF, 0x1EBF, 0x1EC1, 0x1EC1, 0x1EC3, 0x1EC3, 0x1EC5, 0x1EC5,
    0x1EC7, 0x1EC7, 0x1EC9, 0x1EC9, 0x1ECB, 0x1ECB, 0x1ECD, 0x1ECD, 0x1ECF, 0x1ECF, 0x1ED1, 0x1ED1,
    0x1ED3, 0x1ED3, 0x1ED5, 0x1ED5, 0x1ED7, 0x1ED7, 0x1ED9, 0x1ED9, 0x1EDB, 0x1EDB, 0x1EDD, 0x1EDD,
    0x1EDF, 0x1EDF, 0x1EE1, 0x1EE1, 0x1EE3, 0x1EE3, 0x1EE5, 0x1EE5, 0x1EE7, 0x1EE7, 0x1EE9, 0x1EE9,
    0x1EEB, 0x1EEB, 0x1EED, 0x1EED, 0x1EEF, 0x1EEF, 0x1EF1, 0x1EF1, 0x1EF3, 0x1EF3, 0x1EF5, 0x1EF5,
    0x1EF7, 0x1EF7, 0x1EF9, 0x1EF9, 0x1EFB, 0x1EFB, 0x1EFD, 0x1EFD, 0x1EFF, 0x1F07, 0x1F10, 0x1F15,
    0x1F20, 0x1F27, 0x1F30, 0x1F37, 0x1F40, 0x1F45, 0x1F50, 0x1F57, 0x1F60, 0x1F67, 0x1F70, 0x1F7D,
    0x1F80, 0x1F87, 0x1F90, 0x1F97, 0x1FA0, 0x1FA7, 0x1FB0, 0x1FB4, 0x1FB6, 0x1FB7, 0x1FBE, 0x1FBE,
    0x1FC2, 0x1FC4, 0x1FC6, 0x1FC7, 0x1FD0, 0x1FD3, 0x1FD6, 0x1FD7, 0x1FE0, 0x1FE7, 0x1FF2, 0x1FF4,
    0x1FF6, 0x1FF7, 0x2071, 0x2071, 0x207F, 0x207F, 0x2090, 0x209F, 0x210A, 0x210A, 0x210E, 0x210F,
    0x2113, 0x2113, 0x212F, 0x212F, 0x2134, 0x2134, 0x2139, 0x2139, 0x213C, 0x213D, 0x2146, 0x2149,
    0x214E, 0x214E, 0x2170, 0x217F, 0x2184, 0x2184, 0x24D0, 0x24E9, 0x2C30, 0x2C5F, 0x2C61, 0x2C61,
    0x2C65, 0x2C66, 0x2C68, 0x2C68, 0x2C6A, 0x2C6A, 0x2C6C, 0x2C6C, 0x2C71, 0x2C71, 0x2C73, 0x2C74,
    0x2C76, 0x2C7D, 0x2C81, 0x2C81, 0x2C83, 0x2C83, 0x2C85, 0x2C85, 0x2C87, 0x2C87, 0x2C89, 0x2C89,
    0x2C8B, 0x2C8B, 0x2C8D, 0x2C8D, 0x2C8F, 0x2C8F, 0x2C91, 0x2C91, 0x2C93, 0x2C93, 0x2C95, 0x2C95,
    0x2C97, 0x2C97, 0x2C99, 0x2C99, 0x2C9B, 0x2C9B, 0x2C9D, 0x2C9D, 0x2C9F, 0x2C9F, 0x2CA1, 0x2CA1,
    0x2CA3, 0x2CA3, 0x2CA5, 0x2CA5, 0x2CA7, 0x2CA7, 0x2CA9, 0x2CA9, 0x2CAB, 0x2CAB, 0x2CAD, 0x2CAD,
    0x2CAF, 0x2CAF, 0x2CB1, 0x2CB1, 0x2CB3, 0x2CB3, 0x2CB5, 0x2CB5, 0x2CB7, 0x2CB7, 0x2CB9, 0x2CB9,
    0x2CBB, 0x2CBB, 0x2CBD, 0x2CBD, 0x2CBF, 0x2CBF, 0x2CC1, 0x2CC1, 0x2CC3, 0x2CC3, 0x2CC5, 0x2CC5,
    0x2CC7, 0x2CC7, 0x2CC9, 0x2CC9, 0x2CCB, 0x2CCB, 0x2CCD, 0x2CCD, 0x2CCF, 0x2CCF, 0x2CD1, 0x2CD1,
    0x2CD3, 0x2CD3, 0x2CD5, 0x2CD5, 0x2CD7, 0x2CD7, 0x2CD9, 0x2CD9, 0x2CDB, 0x2CDB, 0x2CDD, 0x2CDD,
    0x2CDF, 0x2CDF, 0x2CE1, 0x2CE1, 0x2CE3, 0x2CE4, 0x2CEC, 0x2CEC, 0x2CEE, 0x2CEE, 0x2CF3, 0x2CF3,
    0x2D00, 0x2D25, 0x2D27, 0x2D27, 0x2D2D, 0x2D2D, 0xA641, 0xA641, 0xA643, 0xA643, 0xA645, 0xA645,
    0xA647, 0xA647, 0xA649, 0xA649, 0xA64B, 0xA64B, 0xA64D, 0xA64D, 0xA64F, 0xA64F, 0xA651, 0xA651,
    0xA653, 0xA653, 0xA655, 0xA655, 0xA657, 0xA657, 0xA659, 0xA659, 0xA65B, 0xA65B, 0xA65D, 0xA65D,
    0xA65F, 0xA65F, 0xA661, 0xA661, 0xA663, 0xA663, 0xA665, 0xA665, 0xA667, 0xA667, 0xA669, 0xA669,
    0xA66B, 0xA66B, 0xA66D, 0xA66D, 0xA681, 0xA681, 0xA683, 0xA683, 0xA685, 0xA685, 0xA687, 0xA687,
    0xA689, 0xA689, 0xA68B, 0xA68B, 0xA68D, 0xA68D, 0xA68F, 0xA68F, 0xA691, 0xA691, 0xA693, 0xA693,
    0xA695, 0xA695, 0xA697, 0xA697, 0xA699, 0xA699, 0xA69B, 0xA69D, 0xA723, 0xA723, 0xA725, 0xA725,
    0xA727, 0xA727, 0xA729, 0xA729, 0xA72B, 0xA72B, 0xA72D, 0xA72D, 0xA72F, 0xA731, 0xA733, 0xA733,
    0xA735, 0xA735, 0xA737, 0xA737, 0xA739, 0xA739, 0xA73B, 0xA73B, 0xA73D, 0xA73D, 0xA73F, 0xA73F,
    0xA741, 0xA741, 0xA743, 0xA743, 0xA745, 0xA745, 0xA747, 0xA747, 0xA749, 0xA749, 0xA74B, 0xA74B,
    0xA74D, 0xA74D, 0xA74F, 0xA74F, 0xA751, 0xA751, 0xA753, 0xA753, 0xA755, 0xA755, 0xA757, 0xA757,
    0xA759, 0xA759, 0xA75B, 0xA75B, 0xA75D, 0xA75D, 0xA75F, 0xA75F, 0xA761, 0xA761, 0xA763, 0xA763,
    0xA765, 0xA765, 0xA767, 0xA767, 0xA769, 0xA769, 0xA76B, 0xA76B, 0xA76D, 0xA76D, 0xA76F, 0xA778,
    0xA77A, 0xA77A, 0xA77C, 0xA77C, 0xA77F, 0xA77F, 0xA781, 0xA781, 0xA783, 0xA783, 0xA785, 0xA785,
    0xA787, 0xA787, 0xA78C, 0xA78C, 0xA78E, 0xA78E, 0xA791, 0xA791, 0xA793, 0xA795, 0xA797, 0xA797,
    0xA799, 0xA799, 0xA79B, 0xA79B, 0xA79D, 0xA79D, 0xA79F, 0xA79F, 0xA7A1, 0xA7A1, 0xA7A3, 0xA7A3,
    0xA7A5, 0xA7A5, 0xA7A7, 0xA7A7, 0xA7A9, 0xA7A9, 0xA7AF, 0xA7AF, 0xA7B5, 0xA7B5, 0xA7B7, 0xA7B7,
    0xA7B9, 0xA7B9, 0xA7BB, 0xA7BB, 0xA7BD, 0xA7BD, 0xA7BF, 0xA7BF, 0xA7C1, 0xA7C1, 0xA7C3, 0xA7C3,
    0xA7C8, 0xA7C8, 0xA7CA, 0xA7CA, 0xA7CD, 0xA7CD, 0xA7CF, 0xA7CF, 0xA7D1, 0xA7D1, 0xA7D3, 0xA7D3,
    0xA7D5, 0xA7D5, 0xA7D7, 0xA7D7, 0xA7D9, 0xA7D9, 0xA7DB, 0xA7DB, 0xA7F1, 0xA7F4, 0xA7F6, 0xA7F6,
    0xA7F8, 0xA7FA, 0xAB30, 0xAB5A, 0xAB5C, 0xAB69, 0xAB70, 0xABBF, 0xFB00, 0xFB06, 0xFB13, 0xFB17,
    0xFF41, 0xFF5A, 0x10428, 0x1044F, 0x104D8, 0x104FB, 0x10597, 0x105A1, 0x105A3, 0x105B1, 0x105B3, 0x105B9,
    0x105BB, 0x105BC, 0x10780, 0x10780, 0x10783, 0x10785, 0x10787, 0x107B0, 0x107B2, 0x107BF, 0x10CC0, 0x10CF2,
    0x10D70, 0x10D85, 0x118C0, 0x118DF, 0x16E60, 0x16E7F, 0x16EBB, 0x16ED3, 0x1D41A, 0x1D433, 0x1D44E, 0x1D454,
    0x1D456, 0x1D467, 0x1D482, 0x1D49B, 0x1D4B6, 0x1D4B9, 0x1D4BB, 0x1D4BB, 0x1D4BD, 0x1D4C3, 0x1D4C5, 0x1D4CF,
    0x1D4EA, 0x1D503, 0x1D51E, 0x1D537, 0x1D552, 0x1D56B, 0x1D586, 0x1D59F, 0x1D5BA, 0x1D5D3, 0x1D5EE, 0x1D607,
    0x1D622, 0x1D63B, 0x1D656, 0x1D66F, 0x1D68A, 0x1D6A6, 0x1D6C2, 0x1D6DA, 0x1D6DC, 0x1D6E1, 0x1D6FC, 0x1D714,
    0x1D716, 0x1D71B, 0x1D736, 0x1D74E, 0x1D750, 0x1D755, 0x1D770, 0x1D788, 0x1D78A, 0x1D78F, 0x1D7AA, 0x1D7C2,
    0x1D7C4, 0x1D7C9, 0x1D7CB, 0x1D7CB, 0x1DF00, 0x1DF09, 0x1DF0B, 0x1DF3F, 0x1DF41, 0x1DF47, 0x1DF49, 0x1DF49,
    0x1DF4B, 0x1DF4C, 0x1DF4E, 0x1DF50, 0x1DF52, 0x1DF67, 0x1DF69, 0x1DF69, 0x1DF6B, 0x1DF6B, 0x1DF6D, 0x1DF6D,
    0x1DF6F, 0x1DF71, 0x1DF73, 0x1DF73, 0x1DF75, 0x1DF75, 0x1DF77, 0x1DF77, 0x1DF79, 0x1DF79, 0x1DF7B, 0x1DF7B,
    0x1DF7D, 0x1DF7D, 0x1DF7F, 0x1DF7F, 0x1DF90, 0x1DF96, 0x1DFCD, 0x1DFFF, 0x1E030, 0x1E06D, 0x1E922, 0x1E943,
};
static const uint32_t R_BP_Math[] = {
    0x2B, 0x2B, 0x3C, 0x3E, 0x5E, 0x5E, 0x7C, 0x7C, 0x7E, 0x7E, 0xAC, 0xAC,
    0xB1, 0xB1, 0xD7, 0xD7, 0xF7, 0xF7, 0x3D0, 0x3D2, 0x3D5, 0x3D5, 0x3F0, 0x3F1,
    0x3F4, 0x3F6, 0x606, 0x608, 0x2016, 0x2016, 0x2032, 0x2034, 0x2040, 0x2040, 0x2044, 0x2044,
    0x2052, 0x2052, 0x2061, 0x2064, 0x207A, 0x207E, 0x208A, 0x208E, 0x20D0, 0x20DC, 0x20E1, 0x20E1,
    0x20E5, 0x20E6, 0x20EB, 0x20EF, 0x2102, 0x2102, 0x2107, 0x2107, 0x210A, 0x2113, 0x2115, 0x2115,
    0x2118, 0x211D, 0x2124, 0x2124, 0x2128, 0x2129, 0x212C, 0x212D, 0x212F, 0x2131, 0x2133, 0x2138,
    0x213C, 0x2149, 0x214B, 0x214B, 0x2190, 0x21A7, 0x21A9, 0x21AE, 0x21B0, 0x21B1, 0x21B6, 0x21B7,
    0x21BC, 0x21DB, 0x21DD, 0x21DD, 0x21E4, 0x21E5, 0x21F4, 0x22FF, 0x2308, 0x230B, 0x2320, 0x2321,
    0x237C, 0x237C, 0x239B, 0x23B5, 0x23B7, 0x23B7, 0x23D0, 0x23D0, 0x23DC, 0x23E2, 0x25A0, 0x25A1,
    0x25AE, 0x25B7, 0x25BC, 0x25C1, 0x25C6, 0x25C7, 0x25CA, 0x25CB, 0x25CF, 0x25D3, 0x25E2, 0x25E2,
    0x25E4, 0x25E4, 0x25E7, 0x25EC, 0x25F8, 0x25FF, 0x2605, 0x2606, 0x2640, 0x2640, 0x2642, 0x2642,
    0x2660, 0x2663, 0x266D, 0x266F, 0x27C0, 0x27FF, 0x2900, 0x2AFF, 0x2B30, 0x2B44, 0x2B47, 0x2B4C,
    0xFB29, 0xFB29, 0xFE61, 0xFE66, 0xFE68, 0xFE68, 0xFF0B, 0xFF0B, 0xFF1C, 0xFF1E, 0xFF3C, 0xFF3C,
    0xFF3E, 0xFF3E, 0xFF5C, 0xFF5C, 0xFF5E, 0xFF5E, 0xFFE2, 0xFFE2, 0xFFE9, 0xFFEC, 0x10D8E, 0x10D8F,
    0x1CEDD, 0x1CEDF, 0x1CEF0, 0x1CEFD, 0x1D400, 0x1D454, 0x1D456, 0x1D49C, 0x1D49E, 0x1D49F, 0x1D4A2, 0x1D4A2,
    0x1D4A5, 0x1D4A6, 0x1D4A9, 0x1D4AC, 0x1D4AE, 0x1D4B9, 0x1D4BB, 0x1D4BB, 0x1D4BD, 0x1D4C3, 0x1D4C5, 0x1D505,
    0x1D507, 0x1D50A, 0x1D50D, 0x1D514, 0x1D516, 0x1D51C, 0x1D51E, 0x1D539, 0x1D53B, 0x1D53E, 0x1D540, 0x1D544,
    0x1D546, 0x1D546, 0x1D54A, 0x1D550, 0x1D552, 0x1D6A6, 0x1D6A8, 0x1D7CB, 0x1D7CE, 0x1D7FF, 0x1DB00, 0x1DB1C,
    0x1EE00, 0x1EE03, 0x1EE05, 0x1EE1F, 0x1EE21, 0x1EE22, 0x1EE24, 0x1EE24, 0x1EE27, 0x1EE27, 0x1EE29, 0x1EE32,
    0x1EE34, 0x1EE37, 0x1EE39, 0x1EE39, 0x1EE3B, 0x1EE3B, 0x1EE42, 0x1EE42, 0x1EE47, 0x1EE47, 0x1EE49, 0x1EE49,
    0x1EE4B, 0x1EE4B, 0x1EE4D, 0x1EE4F, 0x1EE51, 0x1EE52, 0x1EE54, 0x1EE54, 0x1EE57, 0x1EE57, 0x1EE59, 0x1EE59,
    0x1EE5B, 0x1EE5B, 0x1EE5D, 0x1EE5D, 0x1EE5F, 0x1EE5F, 0x1EE61, 0x1EE62, 0x1EE64, 0x1EE64, 0x1EE67, 0x1EE6A,
    0x1EE6C, 0x1EE72, 0x1EE74, 0x1EE77, 0x1EE79, 0x1EE7C, 0x1EE7E, 0x1EE7E, 0x1EE80, 0x1EE89, 0x1EE8B, 0x1EE9B,
    0x1EEA1, 0x1EEA3, 0x1EEA5, 0x1EEA9, 0x1EEAB, 0x1EEBB, 0x1EEF0, 0x1EEF1, 0x1F7DB, 0x1F7DB, 0x1F7F1, 0x1F7FF,
    0x1F8D0, 0x1F8D8,
};
static const uint32_t R_BP_Noncharacter_Code_Point[] = {
    0xFDD0, 0xFDEF, 0xFFFE, 0xFFFF, 0x1FFFE, 0x1FFFF, 0x2FFFE, 0x2FFFF, 0x3FFFE, 0x3FFFF, 0x4FFFE, 0x4FFFF,
    0x5FFFE, 0x5FFFF, 0x6FFFE, 0x6FFFF, 0x7FFFE, 0x7FFFF, 0x8FFFE, 0x8FFFF, 0x9FFFE, 0x9FFFF, 0xAFFFE, 0xAFFFF,
    0xBFFFE, 0xBFFFF, 0xCFFFE, 0xCFFFF, 0xDFFFE, 0xDFFFF, 0xEFFFE, 0xEFFFF, 0xFFFFE, 0xFFFFF, 0x10FFFE, 0x10FFFF,
};
static const uint32_t R_BP_Pattern_Syntax[] = {
    0x21, 0x2F, 0x3A, 0x40, 0x5B, 0x5E, 0x60, 0x60, 0x7B, 0x7E, 0xA1, 0xA7,
    0xA9, 0xA9, 0xAB, 0xAC, 0xAE, 0xAE, 0xB0, 0xB1, 0xB6, 0xB6, 0xBB, 0xBB,
    0xBF, 0xBF, 0xD7, 0xD7, 0xF7, 0xF7, 0x2010, 0x2027, 0x2030, 0x203E, 0x2041, 0x2053,
    0x2055, 0x205E, 0x2190, 0x245F, 0x2500, 0x2775, 0x2794, 0x2BFF, 0x2E00, 0x2E7F, 0x3001, 0x3003,
    0x3008, 0x3020, 0x3030, 0x3030, 0xFD3E, 0xFD3F, 0xFE45, 0xFE46,
};
static const uint32_t R_BP_Pattern_White_Space[] = {
    0x9, 0xD, 0x20, 0x20, 0x85, 0x85, 0x200E, 0x200F, 0x2028, 0x2029,
};
static const uint32_t R_BP_Quotation_Mark[] = {
    0x22, 0x22, 0x27, 0x27, 0xAB, 0xAB, 0xBB, 0xBB, 0x2018, 0x201F, 0x2039, 0x203A,
    0x2E42, 0x2E42, 0x300C, 0x300F, 0x301D, 0x301F, 0xFE41, 0xFE44, 0xFF02, 0xFF02, 0xFF07, 0xFF07,
    0xFF62, 0xFF63,
};
static const uint32_t R_BP_Radical[] = {
    0x2E80, 0x2E99, 0x2E9B, 0x2EF3, 0x2F00, 0x2FD5,
};
static const uint32_t R_BP_Regional_Indicator[] = {
    0x1F1E6, 0x1F1FF,
};
static const uint32_t R_BP_Sentence_Terminal[] = {
    0x21, 0x21, 0x2E, 0x2E, 0x3F, 0x3F, 0x589, 0x589, 0x61D, 0x61F, 0x6D4, 0x6D4,
    0x700, 0x702, 0x7F9, 0x7F9, 0x837, 0x837, 0x839, 0x839, 0x83D, 0x83E, 0x964, 0x965,
    0x104A, 0x104B, 0x1362, 0x1362, 0x1367, 0x1368, 0x166E, 0x166E, 0x1735, 0x1736, 0x17D4, 0x17D5,
    0x1803, 0x1803, 0x1809, 0x1809, 0x1944, 0x1945, 0x1AA8, 0x1AAB, 0x1B4E, 0x1B4F, 0x1B5A, 0x1B5B,
    0x1B5E, 0x1B5F, 0x1B7D, 0x1B7F, 0x1C3B, 0x1C3C, 0x1C7E, 0x1C7F, 0x2024, 0x2024, 0x203C, 0x203D,
    0x2047, 0x2049, 0x2CF9, 0x2CFB, 0x2E2E, 0x2E2E, 0x2E3C, 0x2E3C, 0x2E53, 0x2E54, 0x2E60, 0x2E61,
    0x3002, 0x3002, 0xA4FF, 0xA4FF, 0xA60E, 0xA60F, 0xA6F3, 0xA6F3, 0xA6F7, 0xA6F7, 0xA876, 0xA877,
    0xA8CE, 0xA8CF, 0xA92F, 0xA92F, 0xA9C8, 0xA9C9, 0xAA5D, 0xAA5F, 0xAAF0, 0xAAF1, 0xABEB, 0xABEB,
    0xFE12, 0xFE12, 0xFE15, 0xFE16, 0xFE52, 0xFE52, 0xFE56, 0xFE57, 0xFF01, 0xFF01, 0xFF0E, 0xFF0E,
    0xFF1F, 0xFF1F, 0xFF61, 0xFF61, 0x10A56, 0x10A57, 0x10F55, 0x10F59, 0x10F86, 0x10F89, 0x11047, 0x11048,
    0x110BE, 0x110C1, 0x11141, 0x11143, 0x111C5, 0x111C6, 0x111CD, 0x111CD, 0x111DE, 0x111DF, 0x11238, 0x11239,
    0x1123B, 0x1123C, 0x112A9, 0x112A9, 0x113D4, 0x113D5, 0x1144B, 0x1144C, 0x115C2, 0x115C3, 0x115C9, 0x115D7,
    0x11641, 0x11642, 0x1173C, 0x1173E, 0x11944, 0x11944, 0x11946, 0x11946, 0x11A42, 0x11A43, 0x11A9B, 0x11A9C,
    0x11C41, 0x11C42, 0x11EF7, 0x11EF8, 0x11F43, 0x11F44, 0x16A6E, 0x16A6F, 0x16AF5, 0x16AF5, 0x16B37, 0x16B38,
    0x16B44, 0x16B44, 0x16D6E, 0x16D6F, 0x16E98, 0x16E98, 0x1BC9F, 0x1BC9F, 0x1DA88, 0x1DA88,
};
static const uint32_t R_BP_Soft_Dotted[] = {
    0x69, 0x6A, 0x12F, 0x12F, 0x249, 0x249, 0x268, 0x268, 0x29D, 0x29D, 0x2B2, 0x2B2,
    0x3F3, 0x3F3, 0x456, 0x456, 0x458, 0x458, 0x1D62, 0x1D62, 0x1D96, 0x1D96, 0x1DA4, 0x1DA4,
    0x1DA8, 0x1DA8, 0x1E2D, 0x1E2D, 0x1ECB, 0x1ECB, 0x2071, 0x2071, 0x2148, 0x2149, 0x2C7C, 0x2C7C,
    0x1D422, 0x1D423, 0x1D456, 0x1D457, 0x1D48A, 0x1D48B, 0x1D4BE, 0x1D4BF, 0x1D4F2, 0x1D4F3, 0x1D526, 0x1D527,
    0x1D55A, 0x1D55B, 0x1D58E, 0x1D58F, 0x1D5C2, 0x1D5C3, 0x1D5F6, 0x1D5F7, 0x1D62A, 0x1D62B, 0x1D65E, 0x1D65F,
    0x1D692, 0x1D693, 0x1DF1A, 0x1DF1A, 0x1DF6F, 0x1DF71, 0x1DFD9, 0x1DFD9, 0x1E04C, 0x1E04D, 0x1E068, 0x1E068,
};
static const uint32_t R_BP_Terminal_Punctuation[] = {
    0x21, 0x21, 0x2C, 0x2C, 0x2E, 0x2E, 0x3A, 0x3B, 0x3F, 0x3F, 0x37E, 0x37E,
    0x387, 0x387, 0x589, 0x589, 0x5C3, 0x5C3, 0x60C, 0x60C, 0x61B, 0x61B, 0x61D, 0x61F,
    0x6D4, 0x6D4, 0x700, 0x70A, 0x70C, 0x70C, 0x7F8, 0x7F9, 0x830, 0x835, 0x837, 0x83E,
    0x85E, 0x85E, 0x964, 0x965, 0xE5A, 0xE5B, 0xF08, 0xF08, 0xF0D, 0xF12, 0x104A, 0x104B,
    0x1361, 0x1368, 0x166E, 0x166E, 0x16EB, 0x16ED, 0x1735, 0x1736, 0x17D4, 0x17D6, 0x17DA, 0x17DA,
    0x1802, 0x1805, 0x1808, 0x1809, 0x1944, 0x1945, 0x1AA8, 0x1AAB, 0x1B4E, 0x1B4F, 0x1B5A, 0x1B5B,
    0x1B5D, 0x1B5F, 0x1B7D, 0x1B7F, 0x1C3B, 0x1C3F, 0x1C7E, 0x1C7F, 0x2024, 0x2024, 0x203C, 0x203D,
    0x2047, 0x2049, 0x2CF9, 0x2CFB, 0x2E2E, 0x2E2E, 0x2E3C, 0x2E3C, 0x2E41, 0x2E41, 0x2E4C, 0x2E4C,
    0x2E4E, 0x2E4F, 0x2E53, 0x2E54, 0x2E60, 0x2E61, 0x3001, 0x3002, 0xA4FE, 0xA4FF, 0xA60D, 0xA60F,
    0xA6F3, 0xA6F7, 0xA876, 0xA877, 0xA8CE, 0xA8CF, 0xA92F, 0xA92F, 0xA9C7, 0xA9C9, 0xAA5D, 0xAA5F,
    0xAADF, 0xAADF, 0xAAF0, 0xAAF1, 0xABEB, 0xABEB, 0xFE12, 0xFE12, 0xFE15, 0xFE16, 0xFE50, 0xFE52,
    0xFE54, 0xFE57, 0xFF01, 0xFF01, 0xFF0C, 0xFF0C, 0xFF0E, 0xFF0E, 0xFF1A, 0xFF1B, 0xFF1F, 0xFF1F,
    0xFF61, 0xFF61, 0xFF64, 0xFF64, 0x1039F, 0x1039F, 0x103D0, 0x103D0, 0x10857, 0x10857, 0x1091F, 0x1091F,
    0x10A56, 0x10A57, 0x10AF0, 0x10AF5, 0x10B3A, 0x10B3F, 0x10B99, 0x10B9C, 0x10F55, 0x10F59, 0x10F86, 0x10F89,
    0x11047, 0x1104D, 0x110BE, 0x110C1, 0x11141, 0x11143, 0x111C5, 0x111C6, 0x111CD, 0x111CD, 0x111DE, 0x111DF,
    0x11238, 0x1123C, 0x112A9, 0x112A9, 0x113D4, 0x113D5, 0x1144B, 0x1144D, 0x1145A, 0x1145B, 0x115C2, 0x115C5,
    0x115C9, 0x115D7, 0x11641, 0x11642, 0x1173C, 0x1173E, 0x11944, 0x11944, 0x11946, 0x11946, 0x11A42, 0x11A43,
    0x11A9B, 0x11A9C, 0x11AA1, 0x11AA2, 0x11C41, 0x11C43, 0x11C71, 0x11C71, 0x11EF7, 0x11EF8, 0x11F43, 0x11F44,
    0x12470, 0x12474, 0x16A6E, 0x16A6F, 0x16AF5, 0x16AF5, 0x16B37, 0x16B39, 0x16B44, 0x16B44, 0x16D6E, 0x16D6F,
    0x16E97, 0x16E98, 0x1BC9F, 0x1BC9F, 0x1DA87, 0x1DA8A,
};
static const uint32_t R_BP_Unified_Ideograph[] = {
    0x3400, 0x4DBF, 0x4E00, 0x9FFF, 0xFA0E, 0xFA0F, 0xFA11, 0xFA11, 0xFA13, 0xFA14, 0xFA1F, 0xFA1F,
    0xFA21, 0xFA21, 0xFA23, 0xFA24, 0xFA27, 0xFA29, 0x20000, 0x2A6DF, 0x2A700, 0x2B81E, 0x2B820, 0x2CEAD,
    0x2CEB0, 0x2EBE0, 0x2EBF0, 0x2EE5D, 0x30000, 0x3134A, 0x31350, 0x33479,
};
static const uint32_t R_BP_Uppercase[] = {
    0x41, 0x5A, 0xC0, 0xD6, 0xD8, 0xDE, 0x100, 0x100, 0x102, 0x102, 0x104, 0x104,
    0x106, 0x106, 0x108, 0x108, 0x10A, 0x10A, 0x10C, 0x10C, 0x10E, 0x10E, 0x110, 0x110,
    0x112, 0x112, 0x114, 0x114, 0x116, 0x116, 0x118, 0x118, 0x11A, 0x11A, 0x11C, 0x11C,
    0x11E, 0x11E, 0x120, 0x120, 0x122, 0x122, 0x124, 0x124, 0x126, 0x126, 0x128, 0x128,
    0x12A, 0x12A, 0x12C, 0x12C, 0x12E, 0x12E, 0x130, 0x130, 0x132, 0x132, 0x134, 0x134,
    0x136, 0x136, 0x139, 0x139, 0x13B, 0x13B, 0x13D, 0x13D, 0x13F, 0x13F, 0x141, 0x141,
    0x143, 0x143, 0x145, 0x145, 0x147, 0x147, 0x14A, 0x14A, 0x14C, 0x14C, 0x14E, 0x14E,
    0x150, 0x150, 0x152, 0x152, 0x154, 0x154, 0x156, 0x156, 0x158, 0x158, 0x15A, 0x15A,
    0x15C, 0x15C, 0x15E, 0x15E, 0x160, 0x160, 0x162, 0x162, 0x164, 0x164, 0x166, 0x166,
    0x168, 0x168, 0x16A, 0x16A, 0x16C, 0x16C, 0x16E, 0x16E, 0x170, 0x170, 0x172, 0x172,
    0x174, 0x174, 0x176, 0x176, 0x178, 0x179, 0x17B, 0x17B, 0x17D, 0x17D, 0x181, 0x182,
    0x184, 0x184, 0x186, 0x187, 0x189, 0x18B, 0x18E, 0x191, 0x193, 0x194, 0x196, 0x198,
    0x19C, 0x19D, 0x19F, 0x1A0, 0x1A2, 0x1A2, 0x1A4, 0x1A4, 0x1A6, 0x1A7, 0x1A9, 0x1A9,
    0x1AC, 0x1AC, 0x1AE, 0x1AF, 0x1B1, 0x1B3, 0x1B5, 0x1B5, 0x1B7, 0x1B8, 0x1BC, 0x1BC,
    0x1C4, 0x1C4, 0x1C7, 0x1C7, 0x1CA, 0x1CA, 0x1CD, 0x1CD, 0x1CF, 0x1CF, 0x1D1, 0x1D1,
    0x1D3, 0x1D3, 0x1D5, 0x1D5, 0x1D7, 0x1D7, 0x1D9, 0x1D9, 0x1DB, 0x1DB, 0x1DE, 0x1DE,
    0x1E0, 0x1E0, 0x1E2, 0x1E2, 0x1E4, 0x1E4, 0x1E6, 0x1E6, 0x1E8, 0x1E8, 0x1EA, 0x1EA,
    0x1EC, 0x1EC, 0x1EE, 0x1EE, 0x1F1, 0x1F1, 0x1F4, 0x1F4, 0x1F6, 0x1F8, 0x1FA, 0x1FA,
    0x1FC, 0x1FC, 0x1FE, 0x1FE, 0x200, 0x200, 0x202, 0x202, 0x204, 0x204, 0x206, 0x206,
    0x208, 0x208, 0x20A, 0x20A, 0x20C, 0x20C, 0x20E, 0x20E, 0x210, 0x210, 0x212, 0x212,
    0x214, 0x214, 0x216, 0x216, 0x218, 0x218, 0x21A, 0x21A, 0x21C, 0x21C, 0x21E, 0x21E,
    0x220, 0x220, 0x222, 0x222, 0x224, 0x224, 0x226, 0x226, 0x228, 0x228, 0x22A, 0x22A,
    0x22C, 0x22C, 0x22E, 0x22E, 0x230, 0x230, 0x232, 0x232, 0x23A, 0x23B, 0x23D, 0x23E,
    0x241, 0x241, 0x243, 0x246, 0x248, 0x248, 0x24A, 0x24A, 0x24C, 0x24C, 0x24E, 0x24E,
    0x370, 0x370, 0x372, 0x372, 0x376, 0x376, 0x37F, 0x37F, 0x386, 0x386, 0x388, 0x38A,
    0x38C, 0x38C, 0x38E, 0x38F, 0x391, 0x3A1, 0x3A3, 0x3AB, 0x3CF, 0x3CF, 0x3D2, 0x3D4,
    0x3D8, 0x3D8, 0x3DA, 0x3DA, 0x3DC, 0x3DC, 0x3DE, 0x3DE, 0x3E0, 0x3E0, 0x3E2, 0x3E2,
    0x3E4, 0x3E4, 0x3E6, 0x3E6, 0x3E8, 0x3E8, 0x3EA, 0x3EA, 0x3EC, 0x3EC, 0x3EE, 0x3EE,
    0x3F4, 0x3F4, 0x3F7, 0x3F7, 0x3F9, 0x3FA, 0x3FD, 0x42F, 0x460, 0x460, 0x462, 0x462,
    0x464, 0x464, 0x466, 0x466, 0x468, 0x468, 0x46A, 0x46A, 0x46C, 0x46C, 0x46E, 0x46E,
    0x470, 0x470, 0x472, 0x472, 0x474, 0x474, 0x476, 0x476, 0x478, 0x478, 0x47A, 0x47A,
    0x47C, 0x47C, 0x47E, 0x47E, 0x480, 0x480, 0x48A, 0x48A, 0x48C, 0x48C, 0x48E, 0x48E,
    0x490, 0x490, 0x492, 0x492, 0x494, 0x494, 0x496, 0x496, 0x498, 0x498, 0x49A, 0x49A,
    0x49C, 0x49C, 0x49E, 0x49E, 0x4A0, 0x4A0, 0x4A2, 0x4A2, 0x4A4, 0x4A4, 0x4A6, 0x4A6,
    0x4A8, 0x4A8, 0x4AA, 0x4AA, 0x4AC, 0x4AC, 0x4AE, 0x4AE, 0x4B0, 0x4B0, 0x4B2, 0x4B2,
    0x4B4, 0x4B4, 0x4B6, 0x4B6, 0x4B8, 0x4B8, 0x4BA, 0x4BA, 0x4BC, 0x4BC, 0x4BE, 0x4BE,
    0x4C0, 0x4C1, 0x4C3, 0x4C3, 0x4C5, 0x4C5, 0x4C7, 0x4C7, 0x4C9, 0x4C9, 0x4CB, 0x4CB,
    0x4CD, 0x4CD, 0x4D0, 0x4D0, 0x4D2, 0x4D2, 0x4D4, 0x4D4, 0x4D6, 0x4D6, 0x4D8, 0x4D8,
    0x4DA, 0x4DA, 0x4DC, 0x4DC, 0x4DE, 0x4DE, 0x4E0, 0x4E0, 0x4E2, 0x4E2, 0x4E4, 0x4E4,
    0x4E6, 0x4E6, 0x4E8, 0x4E8, 0x4EA, 0x4EA, 0x4EC, 0x4EC, 0x4EE, 0x4EE, 0x4F0, 0x4F0,
    0x4F2, 0x4F2, 0x4F4, 0x4F4, 0x4F6, 0x4F6, 0x4F8, 0x4F8, 0x4FA, 0x4FA, 0x4FC, 0x4FC,
    0x4FE, 0x4FE, 0x500, 0x500, 0x502, 0x502, 0x504, 0x504, 0x506, 0x506, 0x508, 0x508,
    0x50A, 0x50A, 0x50C, 0x50C, 0x50E, 0x50E, 0x510, 0x510, 0x512, 0x512, 0x514, 0x514,
    0x516, 0x516, 0x518, 0x518, 0x51A, 0x51A, 0x51C, 0x51C, 0x51E, 0x51E, 0x520, 0x520,
    0x522, 0x522, 0x524, 0x524, 0x526, 0x526, 0x528, 0x528, 0x52A, 0x52A, 0x52C, 0x52C,
    0x52E, 0x52E, 0x531, 0x556, 0x10A0, 0x10C5, 0x10C7, 0x10C7, 0x10CD, 0x10CD, 0x13A0, 0x13F5,
    0x1C89, 0x1C89, 0x1C90, 0x1CBA, 0x1CBD, 0x1CBF, 0x1E00, 0x1E00, 0x1E02, 0x1E02, 0x1E04, 0x1E04,
    0x1E06, 0x1E06, 0x1E08, 0x1E08, 0x1E0A, 0x1E0A, 0x1E0C, 0x1E0C, 0x1E0E, 0x1E0E, 0x1E10, 0x1E10,
    0x1E12, 0x1E12, 0x1E14, 0x1E14, 0x1E16, 0x1E16, 0x1E18, 0x1E18, 0x1E1A, 0x1E1A, 0x1E1C, 0x1E1C,
    0x1E1E, 0x1E1E, 0x1E20, 0x1E20, 0x1E22, 0x1E22, 0x1E24, 0x1E24, 0x1E26, 0x1E26, 0x1E28, 0x1E28,
    0x1E2A, 0x1E2A, 0x1E2C, 0x1E2C, 0x1E2E, 0x1E2E, 0x1E30, 0x1E30, 0x1E32, 0x1E32, 0x1E34, 0x1E34,
    0x1E36, 0x1E36, 0x1E38, 0x1E38, 0x1E3A, 0x1E3A, 0x1E3C, 0x1E3C, 0x1E3E, 0x1E3E, 0x1E40, 0x1E40,
    0x1E42, 0x1E42, 0x1E44, 0x1E44, 0x1E46, 0x1E46, 0x1E48, 0x1E48, 0x1E4A, 0x1E4A, 0x1E4C, 0x1E4C,
    0x1E4E, 0x1E4E, 0x1E50, 0x1E50, 0x1E52, 0x1E52, 0x1E54, 0x1E54, 0x1E56, 0x1E56, 0x1E58, 0x1E58,
    0x1E5A, 0x1E5A, 0x1E5C, 0x1E5C, 0x1E5E, 0x1E5E, 0x1E60, 0x1E60, 0x1E62, 0x1E62, 0x1E64, 0x1E64,
    0x1E66, 0x1E66, 0x1E68, 0x1E68, 0x1E6A, 0x1E6A, 0x1E6C, 0x1E6C, 0x1E6E, 0x1E6E, 0x1E70, 0x1E70,
    0x1E72, 0x1E72, 0x1E74, 0x1E74, 0x1E76, 0x1E76, 0x1E78, 0x1E78, 0x1E7A, 0x1E7A, 0x1E7C, 0x1E7C,
    0x1E7E, 0x1E7E, 0x1E80, 0x1E80, 0x1E82, 0x1E82, 0x1E84, 0x1E84, 0x1E86, 0x1E86, 0x1E88, 0x1E88,
    0x1E8A, 0x1E8A, 0x1E8C, 0x1E8C, 0x1E8E, 0x1E8E, 0x1E90, 0x1E90, 0x1E92, 0x1E92, 0x1E94, 0x1E94,
    0x1E9E, 0x1E9E, 0x1EA0, 0x1EA0, 0x1EA2, 0x1EA2, 0x1EA4, 0x1EA4, 0x1EA6, 0x1EA6, 0x1EA8, 0x1EA8,
    0x1EAA, 0x1EAA, 0x1EAC, 0x1EAC, 0x1EAE, 0x1EAE, 0x1EB0, 0x1EB0, 0x1EB2, 0x1EB2, 0x1EB4, 0x1EB4,
    0x1EB6, 0x1EB6, 0x1EB8, 0x1EB8, 0x1EBA, 0x1EBA, 0x1EBC, 0x1EBC, 0x1EBE, 0x1EBE, 0x1EC0, 0x1EC0,
    0x1EC2, 0x1EC2, 0x1EC4, 0x1EC4, 0x1EC6, 0x1EC6, 0x1EC8, 0x1EC8, 0x1ECA, 0x1ECA, 0x1ECC, 0x1ECC,
    0x1ECE, 0x1ECE, 0x1ED0, 0x1ED0, 0x1ED2, 0x1ED2, 0x1ED4, 0x1ED4, 0x1ED6, 0x1ED6, 0x1ED8, 0x1ED8,
    0x1EDA, 0x1EDA, 0x1EDC, 0x1EDC, 0x1EDE, 0x1EDE, 0x1EE0, 0x1EE0, 0x1EE2, 0x1EE2, 0x1EE4, 0x1EE4,
    0x1EE6, 0x1EE6, 0x1EE8, 0x1EE8, 0x1EEA, 0x1EEA, 0x1EEC, 0x1EEC, 0x1EEE, 0x1EEE, 0x1EF0, 0x1EF0,
    0x1EF2, 0x1EF2, 0x1EF4, 0x1EF4, 0x1EF6, 0x1EF6, 0x1EF8, 0x1EF8, 0x1EFA, 0x1EFA, 0x1EFC, 0x1EFC,
    0x1EFE, 0x1EFE, 0x1F08, 0x1F0F, 0x1F18, 0x1F1D, 0x1F28, 0x1F2F, 0x1F38, 0x1F3F, 0x1F48, 0x1F4D,
    0x1F59, 0x1F59, 0x1F5B, 0x1F5B, 0x1F5D, 0x1F5D, 0x1F5F, 0x1F5F, 0x1F68, 0x1F6F, 0x1FB8, 0x1FBB,
    0x1FC8, 0x1FCB, 0x1FD8, 0x1FDB, 0x1FE8, 0x1FEC, 0x1FF8, 0x1FFB, 0x2102, 0x2102, 0x2107, 0x2107,
    0x210B, 0x210D, 0x2110, 0x2112, 0x2115, 0x2115, 0x2119, 0x211D, 0x2124, 0x2124, 0x2126, 0x2126,
    0x2128, 0x2128, 0x212A, 0x212D, 0x2130, 0x2133, 0x213E, 0x213F, 0x2145, 0x2145, 0x2160, 0x216F,
    0x2183, 0x2183, 0x24B6, 0x24CF, 0x2C00, 0x2C2F, 0x2C60, 0x2C60, 0x2C62, 0x2C64, 0x2C67, 0x2C67,
    0x2C69, 0x2C69, 0x2C6B, 0x2C6B, 0x2C6D, 0x2C70, 0x2C72, 0x2C72, 0x2C75, 0x2C75, 0x2C7E, 0x2C80,
    0x2C82, 0x2C82, 0x2C84, 0x2C84, 0x2C86, 0x2C86, 0x2C88, 0x2C88, 0x2C8A, 0x2C8A, 0x2C8C, 0x2C8C,
    0x2C8E, 0x2C8E, 0x2C90, 0x2C90, 0x2C92, 0x2C92, 0x2C94, 0x2C94, 0x2C96, 0x2C96, 0x2C98, 0x2C98,
    0x2C9A, 0x2C9A, 0x2C9C, 0x2C9C, 0x2C9E, 0x2C9E, 0x2CA0, 0x2CA0, 0x2CA2, 0x2CA2, 0x2CA4, 0x2CA4,
    0x2CA6, 0x2CA6, 0x2CA8, 0x2CA8, 0x2CAA, 0x2CAA, 0x2CAC, 0x2CAC, 0x2CAE, 0x2CAE, 0x2CB0, 0x2CB0,
    0x2CB2, 0x2CB2, 0x2CB4, 0x2CB4, 0x2CB6, 0x2CB6, 0x2CB8, 0x2CB8, 0x2CBA, 0x2CBA, 0x2CBC, 0x2CBC,
    0x2CBE, 0x2CBE, 0x2CC0, 0x2CC0, 0x2CC2, 0x2CC2, 0x2CC4, 0x2CC4, 0x2CC6, 0x2CC6, 0x2CC8, 0x2CC8,
    0x2CCA, 0x2CCA, 0x2CCC, 0x2CCC, 0x2CCE, 0x2CCE, 0x2CD0, 0x2CD0, 0x2CD2, 0x2CD2, 0x2CD4, 0x2CD4,
    0x2CD6, 0x2CD6, 0x2CD8, 0x2CD8, 0x2CDA, 0x2CDA, 0x2CDC, 0x2CDC, 0x2CDE, 0x2CDE, 0x2CE0, 0x2CE0,
    0x2CE2, 0x2CE2, 0x2CEB, 0x2CEB, 0x2CED, 0x2CED, 0x2CF2, 0x2CF2, 0xA640, 0xA640, 0xA642, 0xA642,
    0xA644, 0xA644, 0xA646, 0xA646, 0xA648, 0xA648, 0xA64A, 0xA64A, 0xA64C, 0xA64C, 0xA64E, 0xA64E,
    0xA650, 0xA650, 0xA652, 0xA652, 0xA654, 0xA654, 0xA656, 0xA656, 0xA658, 0xA658, 0xA65A, 0xA65A,
    0xA65C, 0xA65C, 0xA65E, 0xA65E, 0xA660, 0xA660, 0xA662, 0xA662, 0xA664, 0xA664, 0xA666, 0xA666,
    0xA668, 0xA668, 0xA66A, 0xA66A, 0xA66C, 0xA66C, 0xA680, 0xA680, 0xA682, 0xA682, 0xA684, 0xA684,
    0xA686, 0xA686, 0xA688, 0xA688, 0xA68A, 0xA68A, 0xA68C, 0xA68C, 0xA68E, 0xA68E, 0xA690, 0xA690,
    0xA692, 0xA692, 0xA694, 0xA694, 0xA696, 0xA696, 0xA698, 0xA698, 0xA69A, 0xA69A, 0xA722, 0xA722,
    0xA724, 0xA724, 0xA726, 0xA726, 0xA728, 0xA728, 0xA72A, 0xA72A, 0xA72C, 0xA72C, 0xA72E, 0xA72E,
    0xA732, 0xA732, 0xA734, 0xA734, 0xA736, 0xA736, 0xA738, 0xA738, 0xA73A, 0xA73A, 0xA73C, 0xA73C,
    0xA73E, 0xA73E, 0xA740, 0xA740, 0xA742, 0xA742, 0xA744, 0xA744, 0xA746, 0xA746, 0xA748, 0xA748,
    0xA74A, 0xA74A, 0xA74C, 0xA74C, 0xA74E, 0xA74E, 0xA750, 0xA750, 0xA752, 0xA752, 0xA754, 0xA754,
    0xA756, 0xA756, 0xA758, 0xA758, 0xA75A, 0xA75A, 0xA75C, 0xA75C, 0xA75E, 0xA75E, 0xA760, 0xA760,
    0xA762, 0xA762, 0xA764, 0xA764, 0xA766, 0xA766, 0xA768, 0xA768, 0xA76A, 0xA76A, 0xA76C, 0xA76C,
    0xA76E, 0xA76E, 0xA779, 0xA779, 0xA77B, 0xA77B, 0xA77D, 0xA77E, 0xA780, 0xA780, 0xA782, 0xA782,
    0xA784, 0xA784, 0xA786, 0xA786, 0xA78B, 0xA78B, 0xA78D, 0xA78D, 0xA790, 0xA790, 0xA792, 0xA792,
    0xA796, 0xA796, 0xA798, 0xA798, 0xA79A, 0xA79A, 0xA79C, 0xA79C, 0xA79E, 0xA79E, 0xA7A0, 0xA7A0,
    0xA7A2, 0xA7A2, 0xA7A4, 0xA7A4, 0xA7A6, 0xA7A6, 0xA7A8, 0xA7A8, 0xA7AA, 0xA7AE, 0xA7B0, 0xA7B4,
    0xA7B6, 0xA7B6, 0xA7B8, 0xA7B8, 0xA7BA, 0xA7BA, 0xA7BC, 0xA7BC, 0xA7BE, 0xA7BE, 0xA7C0, 0xA7C0,
    0xA7C2, 0xA7C2, 0xA7C4, 0xA7C7, 0xA7C9, 0xA7C9, 0xA7CB, 0xA7CC, 0xA7CE, 0xA7CE, 0xA7D0, 0xA7D0,
    0xA7D2, 0xA7D2, 0xA7D4, 0xA7D4, 0xA7D6, 0xA7D6, 0xA7D8, 0xA7D8, 0xA7DA, 0xA7DA, 0xA7DC, 0xA7DD,
    0xA7E2, 0xA7E2, 0xA7F5, 0xA7F5, 0xAB6C, 0xAB6D, 0xFF21, 0xFF3A, 0x10400, 0x10427, 0x104B0, 0x104D3,
    0x10570, 0x1057A, 0x1057C, 0x1058A, 0x1058C, 0x10592, 0x10594, 0x10595, 0x10C80, 0x10CB2, 0x10D50, 0x10D65,
    0x118A0, 0x118BF, 0x16E40, 0x16E5F, 0x16EA0, 0x16EB8, 0x1D400, 0x1D419, 0x1D434, 0x1D44D, 0x1D468, 0x1D481,
    0x1D49C, 0x1D49C, 0x1D49E, 0x1D49F, 0x1D4A2, 0x1D4A2, 0x1D4A5, 0x1D4A6, 0x1D4A9, 0x1D4AC, 0x1D4AE, 0x1D4B5,
    0x1D4D0, 0x1D4E9, 0x1D504, 0x1D505, 0x1D507, 0x1D50A, 0x1D50D, 0x1D514, 0x1D516, 0x1D51C, 0x1D538, 0x1D539,
    0x1D53B, 0x1D53E, 0x1D540, 0x1D544, 0x1D546, 0x1D546, 0x1D54A, 0x1D550, 0x1D56C, 0x1D585, 0x1D5A0, 0x1D5B9,
    0x1D5D4, 0x1D5ED, 0x1D608, 0x1D621, 0x1D63C, 0x1D655, 0x1D670, 0x1D689, 0x1D6A8, 0x1D6C0, 0x1D6E2, 0x1D6FA,
    0x1D71C, 0x1D734, 0x1D756, 0x1D76E, 0x1D790, 0x1D7A8, 0x1D7CA, 0x1D7CA, 0x1DF40, 0x1DF40, 0x1DF48, 0x1DF48,
    0x1DF4A, 0x1DF4A, 0x1DF4D, 0x1DF4D, 0x1DF51, 0x1DF51, 0x1DF68, 0x1DF68, 0x1DF6A, 0x1DF6A, 0x1DF6C, 0x1DF6C,
    0x1DF6E, 0x1DF6E, 0x1DF72, 0x1DF72, 0x1DF74, 0x1DF74, 0x1DF76, 0x1DF76, 0x1DF78, 0x1DF78, 0x1DF7A, 0x1DF7A,
    0x1DF7C, 0x1DF7C, 0x1DF7E, 0x1DF7E, 0x1E900, 0x1E921, 0x1F130, 0x1F149, 0x1F150, 0x1F169, 0x1F170, 0x1F189,
};
static const uint32_t R_BP_Variation_Selector[] = {
    0x180B, 0x180D, 0x180F, 0x180F, 0xFE00, 0xFE0F, 0xE0100, 0xE01EF,
};
static const uint32_t R_BP_White_Space[] = {
    0x9, 0xD, 0x20, 0x20, 0x85, 0x85, 0xA0, 0xA0, 0x1680, 0x1680, 0x2000, 0x200A,
    0x2028, 0x2029, 0x202F, 0x202F, 0x205F, 0x205F, 0x3000, 0x3000,
};
static const uint32_t R_BP_XID_Continue[] = {
    0x30, 0x39, 0x41, 0x5A, 0x5F, 0x5F, 0x61, 0x7A, 0xAA, 0xAA, 0xB5, 0xB5,
    0xB7, 0xB7, 0xBA, 0xBA, 0xC0, 0xD6, 0xD8, 0xF6, 0xF8, 0x2C1, 0x2C6, 0x2D1,
    0x2E0, 0x2E4, 0x2EC, 0x2EC, 0x2EE, 0x2EE, 0x300, 0x374, 0x376, 0x377, 0x37B, 0x37D,
    0x37F, 0x37F, 0x386, 0x38A, 0x38C, 0x38C, 0x38E, 0x3A1, 0x3A3, 0x3F5, 0x3F7, 0x481,
    0x483, 0x487, 0x48A, 0x52F, 0x531, 0x556, 0x558, 0x559, 0x560, 0x588, 0x58B, 0x58C,
    0x591, 0x5BD, 0x5BF, 0x5BF, 0x5C1, 0x5C2, 0x5C4, 0x5C5, 0x5C7, 0x5C9, 0x5D0, 0x5EA,
    0x5EF, 0x5F2, 0x610, 0x61A, 0x620, 0x669, 0x66E, 0x6D3, 0x6D5, 0x6DC, 0x6DF, 0x6E8,
    0x6EA, 0x6FC, 0x6FF, 0x6FF, 0x710, 0x74A, 0x74D, 0x7B1, 0x7C0, 0x7F5, 0x7FA, 0x7FA,
    0x7FD, 0x7FD, 0x800, 0x82D, 0x840, 0x85B, 0x860, 0x86A, 0x870, 0x887, 0x889, 0x88F,
    0x897, 0x8E1, 0x8E3, 0x963, 0x966, 0x96F, 0x971, 0x983, 0x985, 0x98C, 0x98F, 0x990,
    0x993, 0x9A8, 0x9AA, 0x9B0, 0x9B2, 0x9B2, 0x9B6, 0x9B9, 0x9BC, 0x9C4, 0x9C7, 0x9C8,
    0x9CB, 0x9CE, 0x9D7, 0x9D7, 0x9DC, 0x9DD, 0x9DF, 0x9E3, 0x9E6, 0x9F1, 0x9FC, 0x9FC,
    0x9FE, 0x9FE, 0xA01, 0xA03, 0xA05, 0xA0A, 0xA0F, 0xA10, 0xA13, 0xA28, 0xA2A, 0xA30,
    0xA32, 0xA33, 0xA35, 0xA36, 0xA38, 0xA39, 0xA3C, 0xA3C, 0xA3E, 0xA42, 0xA47, 0xA48,
    0xA4B, 0xA4D, 0xA51, 0xA51, 0xA59, 0xA5C, 0xA5E, 0xA5E, 0xA66, 0xA75, 0xA81, 0xA83,
    0xA85, 0xA8D, 0xA8F, 0xA91, 0xA93, 0xAA8, 0xAAA, 0xAB0, 0xAB2, 0xAB3, 0xAB5, 0xAB9,
    0xABC, 0xAC5, 0xAC7, 0xAC9, 0xACB, 0xACD, 0xAD0, 0xAD0, 0xAE0, 0xAE3, 0xAE6, 0xAEF,
    0xAF9, 0xAFF, 0xB01, 0xB03, 0xB05, 0xB0C, 0xB0F, 0xB10, 0xB13, 0xB28, 0xB2A, 0xB30,
    0xB32, 0xB33, 0xB35, 0xB39, 0xB3C, 0xB44, 0xB47, 0xB48, 0xB4B, 0xB4D, 0xB53, 0xB57,
    0xB5C, 0xB5D, 0xB5F, 0xB63, 0xB66, 0xB6F, 0xB71, 0xB71, 0xB82, 0xB83, 0xB85, 0xB8A,
    0xB8E, 0xB90, 0xB92, 0xB95, 0xB99, 0xB9A, 0xB9C, 0xB9C, 0xB9E, 0xB9F, 0xBA3, 0xBA4,
    0xBA8, 0xBAA, 0xBAE, 0xBB9, 0xBBE, 0xBC2, 0xBC6, 0xBC8, 0xBCA, 0xBCD, 0xBD0, 0xBD0,
    0xBD7, 0xBD7, 0xBE6, 0xBEF, 0xC00, 0xC0C, 0xC0E, 0xC10, 0xC12, 0xC28, 0xC2A, 0xC39,
    0xC3C, 0xC44, 0xC46, 0xC48, 0xC4A, 0xC4D, 0xC55, 0xC56, 0xC58, 0xC5A, 0xC5C, 0xC5D,
    0xC60, 0xC63, 0xC66, 0xC6F, 0xC80, 0xC83, 0xC85, 0xC8C, 0xC8E, 0xC90, 0xC92, 0xCA8,
    0xCAA, 0xCB3, 0xCB5, 0xCB9, 0xCBC, 0xCC4, 0xCC6, 0xCC8, 0xCCA, 0xCCD, 0xCD5, 0xCD6,
    0xCDC, 0xCDE, 0xCE0, 0xCE3, 0xCE6, 0xCEF, 0xCF1, 0xCF3, 0xD00, 0xD0C, 0xD0E, 0xD10,
    0xD12, 0xD44, 0xD46, 0xD48, 0xD4A, 0xD4E, 0xD54, 0xD57, 0xD5F, 0xD63, 0xD66, 0xD6F,
    0xD7A, 0xD7F, 0xD81, 0xD83, 0xD85, 0xD96, 0xD9A, 0xDB1, 0xDB3, 0xDBB, 0xDBD, 0xDBD,
    0xDC0, 0xDC6, 0xDCA, 0xDCA, 0xDCF, 0xDD4, 0xDD6, 0xDD6, 0xDD8, 0xDDF, 0xDE6, 0xDEF,
    0xDF2, 0xDF3, 0xE01, 0xE3A, 0xE40, 0xE4E, 0xE50, 0xE59, 0xE81, 0xE82, 0xE84, 0xE84,
    0xE86, 0xE8A, 0xE8C, 0xEA3, 0xEA5, 0xEA5, 0xEA7, 0xEBD, 0xEC0, 0xEC4, 0xEC6, 0xEC6,
    0xEC8, 0xECE, 0xED0, 0xED9, 0xEDC, 0xEDF, 0xF00, 0xF00, 0xF18, 0xF19, 0xF20, 0xF29,
    0xF35, 0xF35, 0xF37, 0xF37, 0xF39, 0xF39, 0xF3E, 0xF47, 0xF49, 0xF6C, 0xF71, 0xF84,
    0xF86, 0xF97, 0xF99, 0xFBC, 0xFC6, 0xFC6, 0x1000, 0x1049, 0x1050, 0x109D, 0x10A0, 0x10C5,
    0x10C7, 0x10C7, 0x10CD, 0x10CD, 0x10D0, 0x10FA, 0x10FC, 0x1248, 0x124A, 0x124D, 0x1250, 0x1256,
    0x1258, 0x1258, 0x125A, 0x125D, 0x1260, 0x1288, 0x128A, 0x128D, 0x1290, 0x12B0, 0x12B2, 0x12B5,
    0x12B8, 0x12BE, 0x12C0, 0x12C0, 0x12C2, 0x12C5, 0x12C8, 0x12D6, 0x12D8, 0x1310, 0x1312, 0x1315,
    0x1318, 0x135A, 0x135D, 0x135F, 0x1369, 0x1371, 0x1380, 0x138F, 0x13A0, 0x13F5, 0x13F8, 0x13FD,
    0x1401, 0x166C, 0x166F, 0x167F, 0x1681, 0x169A, 0x16A0, 0x16EA, 0x16EE, 0x16F8, 0x1700, 0x1715,
    0x171F, 0x1734, 0x1740, 0x1753, 0x1760, 0x176C, 0x176E, 0x1770, 0x1772, 0x1773, 0x1780, 0x17D3,
    0x17D7, 0x17D7, 0x17DC, 0x17DD, 0x17E0, 0x17E9, 0x180B, 0x180D, 0x180F, 0x1819, 0x1820, 0x1878,
    0x1880, 0x18AA, 0x18B0, 0x18F5, 0x1900, 0x191E, 0x1920, 0x192B, 0x1930, 0x193B, 0x1946, 0x196D,
    0x1970, 0x1974, 0x1980, 0x19AB, 0x19B0, 0x19C9, 0x19D0, 0x19DA, 0x1A00, 0x1A1B, 0x1A20, 0x1A5E,
    0x1A60, 0x1A7C, 0x1A7F, 0x1A89, 0x1A90, 0x1A99, 0x1AA7, 0x1AA7, 0x1AB0, 0x1ABD, 0x1ABF, 0x1AF0,
    0x1B00, 0x1B4C, 0x1B50, 0x1B59, 0x1B6B, 0x1B73, 0x1B80, 0x1BF3, 0x1C00, 0x1C37, 0x1C40, 0x1C49,
    0x1C4D, 0x1C7D, 0x1C80, 0x1C8A, 0x1C90, 0x1CBA, 0x1CBD, 0x1CBF, 0x1CD0, 0x1CD2, 0x1CD4, 0x1CFA,
    0x1D00, 0x1F15, 0x1F18, 0x1F1D, 0x1F20, 0x1F45, 0x1F48, 0x1F4D, 0x1F50, 0x1F57, 0x1F59, 0x1F59,
    0x1F5B, 0x1F5B, 0x1F5D, 0x1F5D, 0x1F5F, 0x1F7D, 0x1F80, 0x1FB4, 0x1FB6, 0x1FBC, 0x1FBE, 0x1FBE,
    0x1FC2, 0x1FC4, 0x1FC6, 0x1FCC, 0x1FD0, 0x1FD3, 0x1FD6, 0x1FDB, 0x1FE0, 0x1FEC, 0x1FF2, 0x1FF4,
    0x1FF6, 0x1FFC, 0x200C, 0x200D, 0x203F, 0x2040, 0x2054, 0x2054, 0x2071, 0x2071, 0x207F, 0x207F,
    0x208F, 0x209F, 0x20D0, 0x20DC, 0x20E1, 0x20E1, 0x20E5, 0x20F0, 0x2102, 0x2102, 0x2107, 0x2107,
    0x210A, 0x2113, 0x2115, 0x2115, 0x2118, 0x211D, 0x2124, 0x2124, 0x2126, 0x2126, 0x2128, 0x2128,
    0x212A, 0x2139, 0x213C, 0x213F, 0x2145, 0x2149, 0x214E, 0x214E, 0x2160, 0x2188, 0x2C00, 0x2CE4,
    0x2CEB, 0x2CF3, 0x2D00, 0x2D25, 0x2D27, 0x2D27, 0x2D2D, 0x2D2D, 0x2D30, 0x2D67, 0x2D6F, 0x2D6F,
    0x2D7F, 0x2D96, 0x2DA0, 0x2DA6, 0x2DA8, 0x2DAE, 0x2DB0, 0x2DB6, 0x2DB8, 0x2DBE, 0x2DC0, 0x2DC6,
    0x2DC8, 0x2DCE, 0x2DD0, 0x2DD6, 0x2DD8, 0x2DDE, 0x2DE0, 0x2DFF, 0x3005, 0x3007, 0x3021, 0x302F,
    0x3031, 0x3035, 0x3038, 0x303C, 0x3041, 0x3096, 0x3099, 0x309A, 0x309D, 0x309F, 0x30A1, 0x30FF,
    0x3105, 0x312F, 0x3131, 0x318E, 0x31A0, 0x31BF, 0x31F0, 0x31FF, 0x3400, 0x4DBF, 0x4E00, 0xA48C,
    0xA4D0, 0xA4FD, 0xA500, 0xA60C, 0xA610, 0xA62B, 0xA640, 0xA66F, 0xA674, 0xA67D, 0xA67F, 0xA6F1,
    0xA717, 0xA71F, 0xA722, 0xA788, 0xA78B, 0xA7DD, 0xA7E2, 0xA7E2, 0xA7F1, 0xA827, 0xA82C, 0xA82C,
    0xA840, 0xA873, 0xA880, 0xA8C5, 0xA8D0, 0xA8D9, 0xA8E0, 0xA8F7, 0xA8FB, 0xA8FB, 0xA8FD, 0xA92D,
    0xA930, 0xA953, 0xA960, 0xA97C, 0xA980, 0xA9C0, 0xA9CF, 0xA9D9, 0xA9E0, 0xA9FE, 0xAA00, 0xAA36,
    0xAA40, 0xAA4D, 0xAA50, 0xAA59, 0xAA60, 0xAA76, 0xAA7A, 0xAAC2, 0xAADB, 0xAADD, 0xAAE0, 0xAAEF,
    0xAAF2, 0xAAF6, 0xAB01, 0xAB06, 0xAB09, 0xAB0E, 0xAB11, 0xAB16, 0xAB20, 0xAB26, 0xAB28, 0xAB2E,
    0xAB30, 0xAB5A, 0xAB5C, 0xAB69, 0xAB6C, 0xAB6D, 0xAB70, 0xABEA, 0xABEC, 0xABED, 0xABF0, 0xABF9,
    0xAC00, 0xD7A3, 0xD7B0, 0xD7C6, 0xD7CB, 0xD7FB, 0xF900, 0xFA6D, 0xFA70, 0xFAD9, 0xFB00, 0xFB06,
    0xFB13, 0xFB17, 0xFB1D, 0xFB28, 0xFB2A, 0xFB36, 0xFB38, 0xFB3C, 0xFB3E, 0xFB3E, 0xFB40, 0xFB41,
    0xFB43, 0xFB44, 0xFB46, 0xFBB1, 0xFBD3, 0xFC5D, 0xFC64, 0xFD3D, 0xFD50, 0xFD8F, 0xFD92, 0xFDC7,
    0xFDF0, 0xFDF9, 0xFE00, 0xFE0F, 0xFE20, 0xFE2F, 0xFE33, 0xFE34, 0xFE4D, 0xFE4F, 0xFE71, 0xFE71,
    0xFE73, 0xFE73, 0xFE77, 0xFE77, 0xFE79, 0xFE79, 0xFE7B, 0xFE7B, 0xFE7D, 0xFE7D, 0xFE7F, 0xFEFC,
    0xFF10, 0xFF19, 0xFF21, 0xFF3A, 0xFF3F, 0xFF3F, 0xFF41, 0xFF5A, 0xFF65, 0xFFBE, 0xFFC2, 0xFFC7,
    0xFFCA, 0xFFCF, 0xFFD2, 0xFFD7, 0xFFDA, 0xFFDC, 0x10000, 0x1000B, 0x1000D, 0x10026, 0x10028, 0x1003A,
    0x1003C, 0x1003D, 0x1003F, 0x1004D, 0x10050, 0x1005D, 0x10080, 0x100FA, 0x10140, 0x10174, 0x101FD, 0x101FD,
    0x10280, 0x1029C, 0x102A0, 0x102D0, 0x102E0, 0x102E0, 0x10300, 0x1031F, 0x1032D, 0x1034A, 0x10350, 0x1037A,
    0x10380, 0x1039D, 0x103A0, 0x103C3, 0x103C8, 0x103CF, 0x103D1, 0x103D5, 0x10400, 0x1049D, 0x104A0, 0x104A9,
    0x104B0, 0x104D3, 0x104D8, 0x104FB, 0x10500, 0x10527, 0x10530, 0x10563, 0x10570, 0x1057A, 0x1057C, 0x1058A,
    0x1058C, 0x10592, 0x10594, 0x10595, 0x10597, 0x105A1, 0x105A3, 0x105B1, 0x105B3, 0x105B9, 0x105BB, 0x105BC,
    0x105C0, 0x105F3, 0x10600, 0x10736, 0x10740, 0x10755, 0x10760, 0x10767, 0x10780, 0x10785, 0x10787, 0x107B0,
    0x107B2, 0x107BF, 0x10800, 0x10805, 0x10808, 0x10808, 0x1080A, 0x10835, 0x10837, 0x10838, 0x1083C, 0x1083C,
    0x1083F, 0x10855, 0x10860, 0x10876, 0x10880, 0x1089E, 0x108E0, 0x108F2, 0x108F4, 0x108F5, 0x10900, 0x10915,
    0x10920, 0x10939, 0x10940, 0x10959, 0x10980, 0x109B7, 0x109BE, 0x109BF, 0x10A00, 0x10A03, 0x10A05, 0x10A06,
    0x10A0C, 0x10A13, 0x10A15, 0x10A17, 0x10A19, 0x10A35, 0x10A38, 0x10A3A, 0x10A3F, 0x10A3F, 0x10A60, 0x10A7C,
    0x10A80, 0x10A9C, 0x10AC0, 0x10AC7, 0x10AC9, 0x10AE6, 0x10B00, 0x10B35, 0x10B40, 0x10B55, 0x10B60, 0x10B72,
    0x10B80, 0x10B91, 0x10C00, 0x10C48, 0x10C80, 0x10CB2, 0x10CC0, 0x10CF2, 0x10D00, 0x10D27, 0x10D30, 0x10D39,
    0x10D40, 0x10D65, 0x10D69, 0x10D6D, 0x10D6F, 0x10D85, 0x10E80, 0x10EA9, 0x10EAB, 0x10EAC, 0x10EB0, 0x10EB1,
    0x10EC2, 0x10EC7, 0x10ECB, 0x10ECF, 0x10ED9, 0x10EEE, 0x10EF0, 0x10F1C, 0x10F27, 0x10F27, 0x10F30, 0x10F50,
    0x10F70, 0x10F85, 0x10FB0, 0x10FC4, 0x10FE0, 0x10FF6, 0x11000, 0x11046, 0x11066, 0x11075, 0x1107F, 0x110BA,
    0x110C2, 0x110C2, 0x110D0, 0x110E8, 0x110F0, 0x110F9, 0x11100, 0x11134, 0x11136, 0x1113F, 0x11144, 0x11147,
    0x11150, 0x11173, 0x11176, 0x11176, 0x11180, 0x111C4, 0x111C9, 0x111CC, 0x111CE, 0x111DA, 0x111DC, 0x111DC,
    0x11200, 0x11211, 0x11213, 0x11237, 0x1123E, 0x11241, 0x11280, 0x11286, 0x11288, 0x11288, 0x1128A, 0x1128D,
    0x1128F, 0x1129D, 0x1129F, 0x112A8, 0x112B0, 0x112EA, 0x112F0, 0x112F9, 0x11300, 0x11303, 0x11305, 0x1130C,
    0x1130F, 0x11310, 0x11313, 0x11328, 0x1132A, 0x11330, 0x11332, 0x11333, 0x11335, 0x11339, 0x1133B, 0x11344,
    0x11347, 0x11348, 0x1134B, 0x1134D, 0x11350, 0x11350, 0x11357, 0x11357, 0x1135D, 0x11363, 0x11366, 0x1136C,
    0x11370, 0x11374, 0x11380, 0x11389, 0x1138B, 0x1138B, 0x1138E, 0x1138E, 0x11390, 0x113B5, 0x113B7, 0x113C0,
    0x113C2, 0x113C2, 0x113C5, 0x113C5, 0x113C7, 0x113CA, 0x113CC, 0x113D3, 0x113E1, 0x113E2, 0x11400, 0x1144A,
    0x11450, 0x11459, 0x1145E, 0x11461, 0x11480, 0x114C5, 0x114C7, 0x114C7, 0x114D0, 0x114D9, 0x11580, 0x115B5,
    0x115B8, 0x115C0, 0x115D8, 0x115DD, 0x11600, 0x11640, 0x11644, 0x11644, 0x11650, 0x11659, 0x11680, 0x116B8,
    0x116C0, 0x116C9, 0x116D0, 0x116E3, 0x11700, 0x1171A, 0x1171D, 0x1172B, 0x11730, 0x11739, 0x11740, 0x11746,
    0x11800, 0x1183A, 0x118A0, 0x118E9, 0x118FF, 0x11906, 0x11909, 0x11909, 0x1190C, 0x11913, 0x11915, 0x11916,
    0x11918, 0x11935, 0x11937, 0x11938, 0x1193B, 0x11943, 0x11950, 0x11959, 0x119A0, 0x119A7, 0x119AA, 0x119D7,
    0x119DA, 0x119E1, 0x119E3, 0x119E4, 0x11A00, 0x11A3E, 0x11A47, 0x11A47, 0x11A50, 0x11A99, 0x11A9D, 0x11A9D,
    0x11AB0, 0x11AF8, 0x11B0A, 0x11B0A, 0x11B60, 0x11B67, 0x11BC0, 0x11BE0, 0x11BF0, 0x11BF9, 0x11C00, 0x11C08,
    0x11C0A, 0x11C36, 0x11C38, 0x11C40, 0x11C50, 0x11C59, 0x11C72, 0x11C8F, 0x11C92, 0x11CA7, 0x11CA9, 0x11CB6,
    0x11D00, 0x11D06, 0x11D08, 0x11D09, 0x11D0B, 0x11D36, 0x11D3A, 0x11D3A, 0x11D3C, 0x11D3D, 0x11D3F, 0x11D47,
    0x11D50, 0x11D59, 0x11D60, 0x11D65, 0x11D67, 0x11D68, 0x11D6A, 0x11D8E, 0x11D90, 0x11D91, 0x11D93, 0x11D98,
    0x11DA0, 0x11DA9, 0x11DB0, 0x11DDB, 0x11DE0, 0x11DE9, 0x11DF0, 0x11DF1, 0x11EE0, 0x11EF6, 0x11F00, 0x11F10,
    0x11F12, 0x11F3A, 0x11F3E, 0x11F42, 0x11F50, 0x11F5A, 0x11FB0, 0x11FB0, 0x12000, 0x12399, 0x12400, 0x1246F,
    0x12475, 0x12543, 0x12550, 0x12686, 0x12F90, 0x12FF0, 0x13000, 0x1342F, 0x13440, 0x13455, 0x13460, 0x143FA,
    0x14400, 0x14646, 0x16100, 0x16139, 0x16800, 0x16A38, 0x16A40, 0x16A5E, 0x16A60, 0x16A69, 0x16A70, 0x16ABE,
    0x16AC0, 0x16AC9, 0x16AD0, 0x16AED, 0x16AF0, 0x16AF4, 0x16B00, 0x16B36, 0x16B40, 0x16B43, 0x16B50, 0x16B59,
    0x16B63, 0x16B77, 0x16B7D, 0x16B8F, 0x16D40, 0x16D6C, 0x16D70, 0x16D79, 0x16E40, 0x16E7F, 0x16EA0, 0x16EB8,
    0x16EBB, 0x16ED3, 0x16F00, 0x16F4A, 0x16F4F, 0x16F87, 0x16F8F, 0x16F9F, 0x16FE0, 0x16FE1, 0x16FE3, 0x16FE4,
    0x16FF0, 0x16FF6, 0x17000, 0x18CDA, 0x18CFF, 0x18D20, 0x18D80, 0x18DF2, 0x18E00, 0x19191, 0x191A0, 0x191D2,
    0x1AFF0, 0x1AFF3, 0x1AFF5, 0x1AFFB, 0x1AFFD, 0x1AFFE, 0x1B000, 0x1B128, 0x1B132, 0x1B132, 0x1B150, 0x1B152,
    0x1B155, 0x1B155, 0x1B164, 0x1B168, 0x1B170, 0x1B2FB, 0x1BC00, 0x1BC6A, 0x1BC70, 0x1BC7C, 0x1BC80, 0x1BC88,
    0x1BC90, 0x1BC99, 0x1BC9D, 0x1BC9E, 0x1CCF0, 0x1CCF9, 0x1CF00, 0x1CF2D, 0x1CF30, 0x1CF46, 0x1D127, 0x1D128,
    0x1D165, 0x1D169, 0x1D16D, 0x1D172, 0x1D17B, 0x1D182, 0x1D185, 0x1D18B, 0x1D1AA, 0x1D1AD, 0x1D242, 0x1D244,
    0x1D250, 0x1D252, 0x1D25B, 0x1D25C, 0x1D25F, 0x1D25F, 0x1D280, 0x1D281, 0x1D400, 0x1D454, 0x1D456, 0x1D49C,
    0x1D49E, 0x1D49F, 0x1D4A2, 0x1D4A2, 0x1D4A5, 0x1D4A6, 0x1D4A9, 0x1D4AC, 0x1D4AE, 0x1D4B9, 0x1D4BB, 0x1D4BB,
    0x1D4BD, 0x1D4C3, 0x1D4C5, 0x1D505, 0x1D507, 0x1D50A, 0x1D50D, 0x1D514, 0x1D516, 0x1D51C, 0x1D51E, 0x1D539,
    0x1D53B, 0x1D53E, 0x1D540, 0x1D544, 0x1D546, 0x1D546, 0x1D54A, 0x1D550, 0x1D552, 0x1D6A6, 0x1D6A8, 0x1D6C0,
    0x1D6C2, 0x1D6DA, 0x1D6DC, 0x1D6FA, 0x1D6FC, 0x1D714, 0x1D716, 0x1D734, 0x1D736, 0x1D74E, 0x1D750, 0x1D76E,
    0x1D770, 0x1D788, 0x1D78A, 0x1D7A8, 0x1D7AA, 0x1D7C2, 0x1D7C4, 0x1D7CB, 0x1D7CE, 0x1D7FF, 0x1DA00, 0x1DA36,
    0x1DA3B, 0x1DA6C, 0x1DA75, 0x1DA75, 0x1DA84, 0x1DA84, 0x1DA9B, 0x1DA9F, 0x1DAA1, 0x1DAAF, 0x1DF00, 0x1DF81,
    0x1DF90, 0x1DF96, 0x1DFCD, 0x1E006, 0x1E008, 0x1E018, 0x1E01B, 0x1E021, 0x1E023, 0x1E024, 0x1E026, 0x1E02A,
    0x1E030, 0x1E06D, 0x1E08F, 0x1E08F, 0x1E100, 0x1E12C, 0x1E130, 0x1E13D, 0x1E140, 0x1E149, 0x1E14E, 0x1E14E,
    0x1E290, 0x1E2AE, 0x1E2C0, 0x1E2F9, 0x1E4D0, 0x1E4F9, 0x1E5D0, 0x1E5FA, 0x1E6C0, 0x1E6DE, 0x1E6E0, 0x1E6F5,
    0x1E6FE, 0x1E6FF, 0x1E7E0, 0x1E7E6, 0x1E7E8, 0x1E7EB, 0x1E7ED, 0x1E7EE, 0x1E7F0, 0x1E7FE, 0x1E800, 0x1E8C4,
    0x1E8D0, 0x1E8D6, 0x1E900, 0x1E94B, 0x1E950, 0x1E959, 0x1EE00, 0x1EE03, 0x1EE05, 0x1EE1F, 0x1EE21, 0x1EE22,
    0x1EE24, 0x1EE24, 0x1EE27, 0x1EE27, 0x1EE29, 0x1EE32, 0x1EE34, 0x1EE37, 0x1EE39, 0x1EE39, 0x1EE3B, 0x1EE3B,
    0x1EE42, 0x1EE42, 0x1EE47, 0x1EE47, 0x1EE49, 0x1EE49, 0x1EE4B, 0x1EE4B, 0x1EE4D, 0x1EE4F, 0x1EE51, 0x1EE52,
    0x1EE54, 0x1EE54, 0x1EE57, 0x1EE57, 0x1EE59, 0x1EE59, 0x1EE5B, 0x1EE5B, 0x1EE5D, 0x1EE5D, 0x1EE5F, 0x1EE5F,
    0x1EE61, 0x1EE62, 0x1EE64, 0x1EE64, 0x1EE67, 0x1EE6A, 0x1EE6C, 0x1EE72, 0x1EE74, 0x1EE77, 0x1EE79, 0x1EE7C,
    0x1EE7E, 0x1EE7E, 0x1EE80, 0x1EE89, 0x1EE8B, 0x1EE9B, 0x1EEA1, 0x1EEA3, 0x1EEA5, 0x1EEA9, 0x1EEAB, 0x1EEBB,
    0x1FBF0, 0x1FBF9, 0x20000, 0x2A6DF, 0x2A700, 0x2B81E, 0x2B820, 0x2CEAD, 0x2CEB0, 0x2EBE0, 0x2EBF0, 0x2EE5D,
    0x2F800, 0x2FA1D, 0x30000, 0x3134A, 0x31350, 0x33479, 0x3D000, 0x3FC3F, 0xE0100, 0xE01EF,
};
static const uint32_t R_BP_XID_Start[] = {
    0x41, 0x5A, 0x61, 0x7A, 0xAA, 0xAA, 0xB5, 0xB5, 0xBA, 0xBA, 0xC0, 0xD6,
    0xD8, 0xF6, 0xF8, 0x2C1, 0x2C6, 0x2D1, 0x2E0, 0x2E4, 0x2EC, 0x2EC, 0x2EE, 0x2EE,
    0x370, 0x374, 0x376, 0x377, 0x37B, 0x37D, 0x37F, 0x37F, 0x386, 0x386, 0x388, 0x38A,
    0x38C, 0x38C, 0x38E, 0x3A1, 0x3A3, 0x3F5, 0x3F7, 0x481, 0x48A, 0x52F, 0x531, 0x556,
    0x558, 0x559, 0x560, 0x588, 0x58B, 0x58C, 0x5D0, 0x5EA, 0x5EF, 0x5F2, 0x620, 0x64A,
    0x66E, 0x66F, 0x671, 0x6D3, 0x6D5, 0x6D5, 0x6E5, 0x6E6, 0x6EE, 0x6EF, 0x6FA, 0x6FC,
    0x6FF, 0x6FF, 0x710, 0x710, 0x712, 0x72F, 0x74D, 0x7A5, 0x7B1, 0x7B1, 0x7CA, 0x7EA,
    0x7F4, 0x7F5, 0x7FA, 0x7FA, 0x800, 0x815, 0x81A, 0x81A, 0x824, 0x824, 0x828, 0x828,
    0x840, 0x858, 0x860, 0x86A, 0x870, 0x887, 0x889, 0x88F, 0x8A0, 0x8C9, 0x904, 0x939,
    0x93D, 0x93D, 0x950, 0x950, 0x958, 0x961, 0x971, 0x980, 0x985, 0x98C, 0x98F, 0x990,
    0x993, 0x9A8, 0x9AA, 0x9B0, 0x9B2, 0x9B2, 0x9B6, 0x9B9, 0x9BD, 0x9BD, 0x9CE, 0x9CE,
    0x9DC, 0x9DD, 0x9DF, 0x9E1, 0x9F0, 0x9F1, 0x9FC, 0x9FC, 0xA05, 0xA0A, 0xA0F, 0xA10,
    0xA13, 0xA28, 0xA2A, 0xA30, 0xA32, 0xA33, 0xA35, 0xA36, 0xA38, 0xA39, 0xA59, 0xA5C,
    0xA5E, 0xA5E, 0xA72, 0xA74, 0xA85, 0xA8D, 0xA8F, 0xA91, 0xA93, 0xAA8, 0xAAA, 0xAB0,
    0xAB2, 0xAB3, 0xAB5, 0xAB9, 0xABD, 0xABD, 0xAD0, 0xAD0, 0xAE0, 0xAE1, 0xAF9, 0xAF9,
    0xB05, 0xB0C, 0xB0F, 0xB10, 0xB13, 0xB28, 0xB2A, 0xB30, 0xB32, 0xB33, 0xB35, 0xB39,
    0xB3D, 0xB3D, 0xB5C, 0xB5D, 0xB5F, 0xB61, 0xB71, 0xB71, 0xB83, 0xB83, 0xB85, 0xB8A,
    0xB8E, 0xB90, 0xB92, 0xB95, 0xB99, 0xB9A, 0xB9C, 0xB9C, 0xB9E, 0xB9F, 0xBA3, 0xBA4,
    0xBA8, 0xBAA, 0xBAE, 0xBB9, 0xBD0, 0xBD0, 0xC05, 0xC0C, 0xC0E, 0xC10, 0xC12, 0xC28,
    0xC2A, 0xC39, 0xC3D, 0xC3D, 0xC58, 0xC5A, 0xC5C, 0xC5D, 0xC60, 0xC61, 0xC80, 0xC80,
    0xC85, 0xC8C, 0xC8E, 0xC90, 0xC92, 0xCA8, 0xCAA, 0xCB3, 0xCB5, 0xCB9, 0xCBD, 0xCBD,
    0xCDC, 0xCDE, 0xCE0, 0xCE1, 0xCF1, 0xCF2, 0xD04, 0xD0C, 0xD0E, 0xD10, 0xD12, 0xD3A,
    0xD3D, 0xD3D, 0xD4E, 0xD4E, 0xD54, 0xD56, 0xD5F, 0xD61, 0xD7A, 0xD7F, 0xD85, 0xD96,
    0xD9A, 0xDB1, 0xDB3, 0xDBB, 0xDBD, 0xDBD, 0xDC0, 0xDC6, 0xE01, 0xE30, 0xE32, 0xE32,
    0xE40, 0xE46, 0xE81, 0xE82, 0xE84, 0xE84, 0xE86, 0xE8A, 0xE8C, 0xEA3, 0xEA5, 0xEA5,
    0xEA7, 0xEB0, 0xEB2, 0xEB2, 0xEBD, 0xEBD, 0xEC0, 0xEC4, 0xEC6, 0xEC6, 0xEDC, 0xEDF,
    0xF00, 0xF00, 0xF40, 0xF47, 0xF49, 0xF6C, 0xF88, 0xF8C, 0x1000, 0x102A, 0x103F, 0x103F,
    0x1050, 0x1055, 0x105A, 0x105D, 0x1061, 0x1061, 0x1065, 0x1066, 0x106E, 0x1070, 0x1075, 0x1081,
    0x108E, 0x108E, 0x10A0, 0x10C5, 0x10C7, 0x10C7, 0x10CD, 0x10CD, 0x10D0, 0x10FA, 0x10FC, 0x1248,
    0x124A, 0x124D, 0x1250, 0x1256, 0x1258, 0x1258, 0x125A, 0x125D, 0x1260, 0x1288, 0x128A, 0x128D,
    0x1290, 0x12B0, 0x12B2, 0x12B5, 0x12B8, 0x12BE, 0x12C0, 0x12C0, 0x12C2, 0x12C5, 0x12C8, 0x12D6,
    0x12D8, 0x1310, 0x1312, 0x1315, 0x1318, 0x135A, 0x1380, 0x138F, 0x13A0, 0x13F5, 0x13F8, 0x13FD,
    0x1401, 0x166C, 0x166F, 0x167F, 0x1681, 0x169A, 0x16A0, 0x16EA, 0x16EE, 0x16F8, 0x1700, 0x1711,
    0x171F, 0x1731, 0x1740, 0x1751, 0x1760, 0x176C, 0x176E, 0x1770, 0x1780, 0x17B3, 0x17D7, 0x17D7,
    0x17DC, 0x17DC, 0x1820, 0x1878, 0x1880, 0x18A8, 0x18AA, 0x18AA, 0x18B0, 0x18F5, 0x1900, 0x191E,
    0x1950, 0x196D, 0x1970, 0x1974, 0x1980, 0x19AB, 0x19B0, 0x19C9, 0x1A00, 0x1A16, 0x1A20, 0x1A54,
    0x1AA7, 0x1AA7, 0x1B05, 0x1B33, 0x1B45, 0x1B4C, 0x1B83, 0x1BA0, 0x1BAE, 0x1BAF, 0x1BBA, 0x1BE5,
    0x1C00, 0x1C23, 0x1C4D, 0x1C4F, 0x1C5A, 0x1C7D, 0x1C80, 0x1C8A, 0x1C90, 0x1CBA, 0x1CBD, 0x1CBF,
    0x1CE9, 0x1CEC, 0x1CEE, 0x1CF3, 0x1CF5, 0x1CF6, 0x1CFA, 0x1CFA, 0x1D00, 0x1DBF, 0x1E00, 0x1F15,
    0x1F18, 0x1F1D, 0x1F20, 0x1F45, 0x1F48, 0x1F4D, 0x1F50, 0x1F57, 0x1F59, 0x1F59, 0x1F5B, 0x1F5B,
    0x1F5D, 0x1F5D, 0x1F5F, 0x1F7D, 0x1F80, 0x1FB4, 0x1FB6, 0x1FBC, 0x1FBE, 0x1FBE, 0x1FC2, 0x1FC4,
    0x1FC6, 0x1FCC, 0x1FD0, 0x1FD3, 0x1FD6, 0x1FDB, 0x1FE0, 0x1FEC, 0x1FF2, 0x1FF4, 0x1FF6, 0x1FFC,
    0x2071, 0x2071, 0x207F, 0x207F, 0x208F, 0x209F, 0x2102, 0x2102, 0x2107, 0x2107, 0x210A, 0x2113,
    0x2115, 0x2115, 0x2118, 0x211D, 0x2124, 0x2124, 0x2126, 0x2126, 0x2128, 0x2128, 0x212A, 0x2139,
    0x213C, 0x213F, 0x2145, 0x2149, 0x214E, 0x214E, 0x2160, 0x2188, 0x2C00, 0x2CE4, 0x2CEB, 0x2CEE,
    0x2CF2, 0x2CF3, 0x2D00, 0x2D25, 0x2D27, 0x2D27, 0x2D2D, 0x2D2D, 0x2D30, 0x2D67, 0x2D6F, 0x2D6F,
    0x2D80, 0x2D96, 0x2DA0, 0x2DA6, 0x2DA8, 0x2DAE, 0x2DB0, 0x2DB6, 0x2DB8, 0x2DBE, 0x2DC0, 0x2DC6,
    0x2DC8, 0x2DCE, 0x2DD0, 0x2DD6, 0x2DD8, 0x2DDE, 0x3005, 0x3007, 0x3021, 0x3029, 0x3031, 0x3035,
    0x3038, 0x303C, 0x3041, 0x3096, 0x309D, 0x309F, 0x30A1, 0x30FA, 0x30FC, 0x30FF, 0x3105, 0x312F,
    0x3131, 0x318E, 0x31A0, 0x31BF, 0x31F0, 0x31FF, 0x3400, 0x4DBF, 0x4E00, 0xA48C, 0xA4D0, 0xA4FD,
    0xA500, 0xA60C, 0xA610, 0xA61F, 0xA62A, 0xA62B, 0xA640, 0xA66E, 0xA67F, 0xA69D, 0xA6A0, 0xA6EF,
    0xA717, 0xA71F, 0xA722, 0xA788, 0xA78B, 0xA7DD, 0xA7E2, 0xA7E2, 0xA7F1, 0xA801, 0xA803, 0xA805,
    0xA807, 0xA80A, 0xA80C, 0xA822, 0xA840, 0xA873, 0xA882, 0xA8B3, 0xA8F2, 0xA8F7, 0xA8FB, 0xA8FB,
    0xA8FD, 0xA8FE, 0xA90A, 0xA925, 0xA930, 0xA946, 0xA960, 0xA97C, 0xA984, 0xA9B2, 0xA9CF, 0xA9CF,
    0xA9E0, 0xA9E4, 0xA9E6, 0xA9EF, 0xA9FA, 0xA9FE, 0xAA00, 0xAA28, 0xAA40, 0xAA42, 0xAA44, 0xAA4B,
    0xAA60, 0xAA76, 0xAA7A, 0xAA7A, 0xAA7E, 0xAAAF, 0xAAB1, 0xAAB1, 0xAAB5, 0xAAB6, 0xAAB9, 0xAABD,
    0xAAC0, 0xAAC0, 0xAAC2, 0xAAC2, 0xAADB, 0xAADD, 0xAAE0, 0xAAEA, 0xAAF2, 0xAAF4, 0xAB01, 0xAB06,
    0xAB09, 0xAB0E, 0xAB11, 0xAB16, 0xAB20, 0xAB26, 0xAB28, 0xAB2E, 0xAB30, 0xAB5A, 0xAB5C, 0xAB69,
    0xAB6C, 0xAB6D, 0xAB70, 0xABE2, 0xAC00, 0xD7A3, 0xD7B0, 0xD7C6, 0xD7CB, 0xD7FB, 0xF900, 0xFA6D,
    0xFA70, 0xFAD9, 0xFB00, 0xFB06, 0xFB13, 0xFB17, 0xFB1D, 0xFB1D, 0xFB1F, 0xFB28, 0xFB2A, 0xFB36,
    0xFB38, 0xFB3C, 0xFB3E, 0xFB3E, 0xFB40, 0xFB41, 0xFB43, 0xFB44, 0xFB46, 0xFBB1, 0xFBD3, 0xFC5D,
    0xFC64, 0xFD3D, 0xFD50, 0xFD8F, 0xFD92, 0xFDC7, 0xFDF0, 0xFDF9, 0xFE71, 0xFE71, 0xFE73, 0xFE73,
    0xFE77, 0xFE77, 0xFE79, 0xFE79, 0xFE7B, 0xFE7B, 0xFE7D, 0xFE7D, 0xFE7F, 0xFEFC, 0xFF21, 0xFF3A,
    0xFF41, 0xFF5A, 0xFF66, 0xFF9D, 0xFFA0, 0xFFBE, 0xFFC2, 0xFFC7, 0xFFCA, 0xFFCF, 0xFFD2, 0xFFD7,
    0xFFDA, 0xFFDC, 0x10000, 0x1000B, 0x1000D, 0x10026, 0x10028, 0x1003A, 0x1003C, 0x1003D, 0x1003F, 0x1004D,
    0x10050, 0x1005D, 0x10080, 0x100FA, 0x10140, 0x10174, 0x10280, 0x1029C, 0x102A0, 0x102D0, 0x10300, 0x1031F,
    0x1032D, 0x1034A, 0x10350, 0x10375, 0x10380, 0x1039D, 0x103A0, 0x103C3, 0x103C8, 0x103CF, 0x103D1, 0x103D5,
    0x10400, 0x1049D, 0x104B0, 0x104D3, 0x104D8, 0x104FB, 0x10500, 0x10527, 0x10530, 0x10563, 0x10570, 0x1057A,
    0x1057C, 0x1058A, 0x1058C, 0x10592, 0x10594, 0x10595, 0x10597, 0x105A1, 0x105A3, 0x105B1, 0x105B3, 0x105B9,
    0x105BB, 0x105BC, 0x105C0, 0x105F3, 0x10600, 0x10736, 0x10740, 0x10755, 0x10760, 0x10767, 0x10780, 0x10785,
    0x10787, 0x107B0, 0x107B2, 0x107BF, 0x10800, 0x10805, 0x10808, 0x10808, 0x1080A, 0x10835, 0x10837, 0x10838,
    0x1083C, 0x1083C, 0x1083F, 0x10855, 0x10860, 0x10876, 0x10880, 0x1089E, 0x108E0, 0x108F2, 0x108F4, 0x108F5,
    0x10900, 0x10915, 0x10920, 0x10939, 0x10940, 0x10959, 0x10980, 0x109B7, 0x109BE, 0x109BF, 0x10A00, 0x10A00,
    0x10A10, 0x10A13, 0x10A15, 0x10A17, 0x10A19, 0x10A35, 0x10A60, 0x10A7C, 0x10A80, 0x10A9C, 0x10AC0, 0x10AC7,
    0x10AC9, 0x10AE4, 0x10B00, 0x10B35, 0x10B40, 0x10B55, 0x10B60, 0x10B72, 0x10B80, 0x10B91, 0x10C00, 0x10C48,
    0x10C80, 0x10CB2, 0x10CC0, 0x10CF2, 0x10D00, 0x10D23, 0x10D4A, 0x10D65, 0x10D6F, 0x10D85, 0x10E80, 0x10EA9,
    0x10EB0, 0x10EB1, 0x10EC2, 0x10EC7, 0x10ED9, 0x10EEE, 0x10F00, 0x10F1C, 0x10F27, 0x10F27, 0x10F30, 0x10F45,
    0x10F70, 0x10F81, 0x10FB0, 0x10FC4, 0x10FE0, 0x10FF6, 0x11003, 0x11037, 0x11071, 0x11072, 0x11075, 0x11075,
    0x11083, 0x110AF, 0x110D0, 0x110E8, 0x11103, 0x11126, 0x11144, 0x11144, 0x11147, 0x11147, 0x11150, 0x11172,
    0x11176, 0x11176, 0x11183, 0x111B2, 0x111C1, 0x111C4, 0x111DA, 0x111DA, 0x111DC, 0x111DC, 0x11200, 0x11211,
    0x11213, 0x1122B, 0x1123F, 0x11240, 0x11280, 0x11286, 0x11288, 0x11288, 0x1128A, 0x1128D, 0x1128F, 0x1129D,
    0x1129F, 0x112A8, 0x112B0, 0x112DE, 0x11305, 0x1130C, 0x1130F, 0x11310, 0x11313, 0x11328, 0x1132A, 0x11330,
    0x11332, 0x11333, 0x11335, 0x11339, 0x1133D, 0x1133D, 0x11350, 0x11350, 0x1135D, 0x11361, 0x11380, 0x11389,
    0x1138B, 0x1138B, 0x1138E, 0x1138E, 0x11390, 0x113B5, 0x113B7, 0x113B7, 0x113D1, 0x113D1, 0x113D3, 0x113D3,
    0x11400, 0x11434, 0x11447, 0x1144A, 0x1145F, 0x11461, 0x11480, 0x114AF, 0x114C4, 0x114C5, 0x114C7, 0x114C7,
    0x11580, 0x115AE, 0x115D8, 0x115DB, 0x11600, 0x1162F, 0x11644, 0x11644, 0x11680, 0x116AA, 0x116B8, 0x116B8,
    0x11700, 0x1171A, 0x11740, 0x11746, 0x11800, 0x1182B, 0x118A0, 0x118DF, 0x118FF, 0x11906, 0x11909, 0x11909,
    0x1190C, 0x11913, 0x11915, 0x11916, 0x11918, 0x1192F, 0x1193F, 0x1193F, 0x11941, 0x11941, 0x119A0, 0x119A7,
    0x119AA, 0x119D0, 0x119E1, 0x119E1, 0x119E3, 0x119E3, 0x11A00, 0x11A00, 0x11A0B, 0x11A32, 0x11A3A, 0x11A3A,
    0x11A50, 0x11A50, 0x11A5C, 0x11A89, 0x11A9D, 0x11A9D, 0x11AB0, 0x11AF8, 0x11B0A, 0x11B0A, 0x11BC0, 0x11BE0,
    0x11C00, 0x11C08, 0x11C0A, 0x11C2E, 0x11C40, 0x11C40, 0x11C72, 0x11C8F, 0x11D00, 0x11D06, 0x11D08, 0x11D09,
    0x11D0B, 0x11D30, 0x11D46, 0x11D46, 0x11D60, 0x11D65, 0x11D67, 0x11D68, 0x11D6A, 0x11D89, 0x11D98, 0x11D98,
    0x11DB0, 0x11DDB, 0x11DF1, 0x11DF1, 0x11EE0, 0x11EF2, 0x11F02, 0x11F02, 0x11F04, 0x11F10, 0x11F12, 0x11F33,
    0x11FB0, 0x11FB0, 0x12000, 0x12399, 0x12400, 0x1246F, 0x12475, 0x12543, 0x12550, 0x12686, 0x12F90, 0x12FF0,
    0x13000, 0x1342F, 0x13441, 0x13446, 0x13460, 0x143FA, 0x14400, 0x14646, 0x16100, 0x1611D, 0x16800, 0x16A38,
    0x16A40, 0x16A5E, 0x16A70, 0x16ABE, 0x16AD0, 0x16AED, 0x16B00, 0x16B2F, 0x16B40, 0x16B43, 0x16B63, 0x16B77,
    0x16B7D, 0x16B8F, 0x16D40, 0x16D6C, 0x16E40, 0x16E7F, 0x16EA0, 0x16EB8, 0x16EBB, 0x16ED3, 0x16F00, 0x16F4A,
    0x16F50, 0x16F50, 0x16F93, 0x16F9F, 0x16FE0, 0x16FE1, 0x16FE3, 0x16FE3, 0x16FF2, 0x16FF6, 0x17000, 0x18CDA,
    0x18CFF, 0x18D20, 0x18D80, 0x18DF2, 0x18E00, 0x19191, 0x191A0, 0x191D2, 0x1AFF0, 0x1AFF3, 0x1AFF5, 0x1AFFB,
    0x1AFFD, 0x1AFFE, 0x1B000, 0x1B128, 0x1B132, 0x1B132, 0x1B150, 0x1B152, 0x1B155, 0x1B155, 0x1B164, 0x1B168,
    0x1B170, 0x1B2FB, 0x1BC00, 0x1BC6A, 0x1BC70, 0x1BC7C, 0x1BC80, 0x1BC88, 0x1BC90, 0x1BC99, 0x1D400, 0x1D454,
    0x1D456, 0x1D49C, 0x1D49E, 0x1D49F, 0x1D4A2, 0x1D4A2, 0x1D4A5, 0x1D4A6, 0x1D4A9, 0x1D4AC, 0x1D4AE, 0x1D4B9,
    0x1D4BB, 0x1D4BB, 0x1D4BD, 0x1D4C3, 0x1D4C5, 0x1D505, 0x1D507, 0x1D50A, 0x1D50D, 0x1D514, 0x1D516, 0x1D51C,
    0x1D51E, 0x1D539, 0x1D53B, 0x1D53E, 0x1D540, 0x1D544, 0x1D546, 0x1D546, 0x1D54A, 0x1D550, 0x1D552, 0x1D6A6,
    0x1D6A8, 0x1D6C0, 0x1D6C2, 0x1D6DA, 0x1D6DC, 0x1D6FA, 0x1D6FC, 0x1D714, 0x1D716, 0x1D734, 0x1D736, 0x1D74E,
    0x1D750, 0x1D76E, 0x1D770, 0x1D788, 0x1D78A, 0x1D7A8, 0x1D7AA, 0x1D7C2, 0x1D7C4, 0x1D7CB, 0x1DF00, 0x1DF81,
    0x1DF90, 0x1DF96, 0x1DFCD, 0x1DFFF, 0x1E030, 0x1E06D, 0x1E100, 0x1E12C, 0x1E137, 0x1E13D, 0x1E14E, 0x1E14E,
    0x1E290, 0x1E2AD, 0x1E2C0, 0x1E2EB, 0x1E4D0, 0x1E4EB, 0x1E5D0, 0x1E5ED, 0x1E5F0, 0x1E5F0, 0x1E6C0, 0x1E6DE,
    0x1E6E0, 0x1E6E2, 0x1E6E4, 0x1E6E5, 0x1E6E7, 0x1E6ED, 0x1E6F0, 0x1E6F4, 0x1E6FE, 0x1E6FF, 0x1E7E0, 0x1E7E6,
    0x1E7E8, 0x1E7EB, 0x1E7ED, 0x1E7EE, 0x1E7F0, 0x1E7FE, 0x1E800, 0x1E8C4, 0x1E900, 0x1E943, 0x1E94B, 0x1E94B,
    0x1EE00, 0x1EE03, 0x1EE05, 0x1EE1F, 0x1EE21, 0x1EE22, 0x1EE24, 0x1EE24, 0x1EE27, 0x1EE27, 0x1EE29, 0x1EE32,
    0x1EE34, 0x1EE37, 0x1EE39, 0x1EE39, 0x1EE3B, 0x1EE3B, 0x1EE42, 0x1EE42, 0x1EE47, 0x1EE47, 0x1EE49, 0x1EE49,
    0x1EE4B, 0x1EE4B, 0x1EE4D, 0x1EE4F, 0x1EE51, 0x1EE52, 0x1EE54, 0x1EE54, 0x1EE57, 0x1EE57, 0x1EE59, 0x1EE59,
    0x1EE5B, 0x1EE5B, 0x1EE5D, 0x1EE5D, 0x1EE5F, 0x1EE5F, 0x1EE61, 0x1EE62, 0x1EE64, 0x1EE64, 0x1EE67, 0x1EE6A,
    0x1EE6C, 0x1EE72, 0x1EE74, 0x1EE77, 0x1EE79, 0x1EE7C, 0x1EE7E, 0x1EE7E, 0x1EE80, 0x1EE89, 0x1EE8B, 0x1EE9B,
    0x1EEA1, 0x1EEA3, 0x1EEA5, 0x1EEA9, 0x1EEAB, 0x1EEBB, 0x20000, 0x2A6DF, 0x2A700, 0x2B81E, 0x2B820, 0x2CEAD,
    0x2CEB0, 0x2EBE0, 0x2EBF0, 0x2EE5D, 0x2F800, 0x2FA1D, 0x30000, 0x3134A, 0x31350, 0x33479, 0x3D000, 0x3FC3F,
};
const struct uprop uni_binary[] = {
    { "ASCII", { R_BP_ASCII, 1 } },
    { "ASCII_Hex_Digit|AHex", { R_BP_ASCII_Hex_Digit, 3 } },
    { "Alphabetic|Alpha", { R_BP_Alphabetic, 775 } },
    { "Any", { R_BP_Any, 1 } },
    { "Assigned", { R_BP_Assigned, 735 } },
    { "Bidi_Control|Bidi_C", { R_BP_Bidi_Control, 4 } },
    { "Bidi_Mirrored|Bidi_M", { R_BP_Bidi_Mirrored, 120 } },
    { "Case_Ignorable|CI", { R_BP_Case_Ignorable, 468 } },
    { "Cased", { R_BP_Cased, 163 } },
    { "Changes_When_Casefolded|CWCF", { R_BP_Changes_When_Casefolded, 649 } },
    { "Changes_When_Casemapped|CWCM", { R_BP_Changes_When_Casemapped, 142 } },
    { "Changes_When_Lowercased|CWL", { R_BP_Changes_When_Lowercased, 636 } },
    { "Changes_When_NFKC_Casefolded|CWKCF", { R_BP_Changes_When_NFKC_Casefolded, 871 } },
    { "Changes_When_Titlecased|CWT", { R_BP_Changes_When_Titlecased, 652 } },
    { "Changes_When_Uppercased|CWU", { R_BP_Changes_When_Uppercased, 653 } },
    { "Dash", { R_BP_Dash, 24 } },
    { "Default_Ignorable_Code_Point|DI", { R_BP_Default_Ignorable_Code_Point, 17 } },
    { "Deprecated|Dep", { R_BP_Deprecated, 8 } },
    { "Diacritic|Dia", { R_BP_Diacritic, 228 } },
    { "Emoji", { R_BP_Emoji, 150 } },
    { "Emoji_Component|EComp", { R_BP_Emoji_Component, 10 } },
    { "Emoji_Modifier|EMod", { R_BP_Emoji_Modifier, 1 } },
    { "Emoji_Modifier_Base|EBase", { R_BP_Emoji_Modifier_Base, 40 } },
    { "Emoji_Presentation|EPres", { R_BP_Emoji_Presentation, 80 } },
    { "Extended_Pictographic|ExtPict", { R_BP_Extended_Pictographic, 156 } },
    { "Extender|Ext", { R_BP_Extender, 43 } },
    { "Grapheme_Base|Gr_Base", { R_BP_Grapheme_Base, 910 } },
    { "Grapheme_Extend|Gr_Ext", { R_BP_Grapheme_Extend, 389 } },
    { "Hex_Digit|Hex", { R_BP_Hex_Digit, 6 } },
    { "IDS_Binary_Operator|IDSB", { R_BP_IDS_Binary_Operator, 3 } },
    { "IDS_Trinary_Operator|IDST", { R_BP_IDS_Trinary_Operator, 1 } },
    { "ID_Continue|IDC", { R_BP_ID_Continue, 814 } },
    { "ID_Start|IDS", { R_BP_ID_Start, 695 } },
    { "Ideographic|Ideo", { R_BP_Ideographic, 24 } },
    { "Join_Control|Join_C", { R_BP_Join_Control, 1 } },
    { "Logical_Order_Exception|LOE", { R_BP_Logical_Order_Exception, 7 } },
    { "Lowercase|Lower", { R_BP_Lowercase, 696 } },
    { "Math", { R_BP_Math, 145 } },
    { "Noncharacter_Code_Point|NChar", { R_BP_Noncharacter_Code_Point, 18 } },
    { "Pattern_Syntax|Pat_Syn", { R_BP_Pattern_Syntax, 28 } },
    { "Pattern_White_Space|Pat_WS", { R_BP_Pattern_White_Space, 5 } },
    { "Quotation_Mark|QMark", { R_BP_Quotation_Mark, 13 } },
    { "Radical", { R_BP_Radical, 3 } },
    { "Regional_Indicator|RI", { R_BP_Regional_Indicator, 1 } },
    { "Sentence_Terminal|STerm", { R_BP_Sentence_Terminal, 89 } },
    { "Soft_Dotted|SD", { R_BP_Soft_Dotted, 36 } },
    { "Terminal_Punctuation|Term", { R_BP_Terminal_Punctuation, 117 } },
    { "Unified_Ideograph|UIdeo", { R_BP_Unified_Ideograph, 16 } },
    { "Uppercase|Upper", { R_BP_Uppercase, 678 } },
    { "Variation_Selector|VS", { R_BP_Variation_Selector, 4 } },
    { "White_Space|space", { R_BP_White_Space, 10 } },
    { "XID_Continue|XIDC", { R_BP_XID_Continue, 821 } },
    { "XID_Start|XIDS", { R_BP_XID_Start, 702 } },
    { 0, { 0, 0 } }
};

static const uint32_t R_SC_Adlam[] = {
    0x1E900, 0x1E94B, 0x1E950, 0x1E959, 0x1E95E, 0x1E95F,
};
static const uint32_t R_SC_Ahom[] = {
    0x11700, 0x1171A, 0x1171D, 0x1172B, 0x11730, 0x11746,
};
static const uint32_t R_SC_Anatolian_Hieroglyphs[] = {
    0x14400, 0x14646,
};
static const uint32_t R_SC_Arabic[] = {
    0x600, 0x604, 0x606, 0x60B, 0x60D, 0x61A, 0x61C, 0x61E, 0x620, 0x63F, 0x641, 0x64A,
    0x656, 0x66F, 0x671, 0x6DC, 0x6DE, 0x6FF, 0x750, 0x77F, 0x870, 0x891, 0x897, 0x8E1,
    0x8E3, 0x8FF, 0xFB50, 0xFD3D, 0xFD40, 0xFDCF, 0xFDF0, 0xFDFF, 0xFE70, 0xFE74, 0xFE76, 0xFEFC,
    0x10E60, 0x10E7E, 0x10EC2, 0x10EC7, 0x10EC9, 0x10EEE, 0x10EF0, 0x10EFF, 0x1EE00, 0x1EE03, 0x1EE05, 0x1EE1F,
    0x1EE21, 0x1EE22, 0x1EE24, 0x1EE24, 0x1EE27, 0x1EE27, 0x1EE29, 0x1EE32, 0x1EE34, 0x1EE37, 0x1EE39, 0x1EE39,
    0x1EE3B, 0x1EE3B, 0x1EE42, 0x1EE42, 0x1EE47, 0x1EE47, 0x1EE49, 0x1EE49, 0x1EE4B, 0x1EE4B, 0x1EE4D, 0x1EE4F,
    0x1EE51, 0x1EE52, 0x1EE54, 0x1EE54, 0x1EE57, 0x1EE57, 0x1EE59, 0x1EE59, 0x1EE5B, 0x1EE5B, 0x1EE5D, 0x1EE5D,
    0x1EE5F, 0x1EE5F, 0x1EE61, 0x1EE62, 0x1EE64, 0x1EE64, 0x1EE67, 0x1EE6A, 0x1EE6C, 0x1EE72, 0x1EE74, 0x1EE77,
    0x1EE79, 0x1EE7C, 0x1EE7E, 0x1EE7E, 0x1EE80, 0x1EE89, 0x1EE8B, 0x1EE9B, 0x1EEA1, 0x1EEA3, 0x1EEA5, 0x1EEA9,
    0x1EEAB, 0x1EEBB, 0x1EEF0, 0x1EEF1,
};
static const uint32_t R_SC_Armenian[] = {
    0x531, 0x556, 0x558, 0x58F, 0xFB13, 0xFB17,
};
static const uint32_t R_SC_Avestan[] = {
    0x10B00, 0x10B35, 0x10B39, 0x10B3F,
};
static const uint32_t R_SC_Balinese[] = {
    0x1B00, 0x1B4C, 0x1B4E, 0x1B7F,
};
static const uint32_t R_SC_Bamum[] = {
    0xA6A0, 0xA6F7, 0x16800, 0x16A38,
};
static const uint32_t R_SC_Bassa_Vah[] = {
    0x16AD0, 0x16AED, 0x16AF0, 0x16AF5,
};
static const uint32_t R_SC_Batak[] = {
    0x1BC0, 0x1BF3, 0x1BFC, 0x1BFF,
};
static const uint32_t R_SC_Bengali[] = {
    0x980, 0x983, 0x985, 0x98C, 0x98F, 0x990, 0x993, 0x9A8, 0x9AA, 0x9B0, 0x9B2, 0x9B2,
    0x9B6, 0x9B9, 0x9BC, 0x9C4, 0x9C7, 0x9C8, 0x9CB, 0x9CE, 0x9D7, 0x9D7, 0x9DC, 0x9DD,
    0x9DF, 0x9E3, 0x9E6, 0x9FE, 0x11DF0, 0x11DF1,
};
static const uint32_t R_SC_Beria_Erfe[] = {
    0x16EA0, 0x16EB8, 0x16EBB, 0x16ED3,
};
static const uint32_t R_SC_Bhaiksuki[] = {
    0x11C00, 0x11C08, 0x11C0A, 0x11C36, 0x11C38, 0x11C45, 0x11C50, 0x11C6C,
};
static const uint32_t R_SC_Bopomofo[] = {
    0x2EA, 0x2EB, 0x3105, 0x312F, 0x31A0, 0x31BF,
};
static const uint32_t R_SC_Brahmi[] = {
    0x11000, 0x1104D, 0x11052, 0x11075, 0x1107F, 0x1107F,
};
static const uint32_t R_SC_Braille[] = {
    0x2800, 0x28FF,
};
static const uint32_t R_SC_Buginese[] = {
    0x1A00, 0x1A1B, 0x1A1E, 0x1A1F,
};
static const uint32_t R_SC_Buhid[] = {
    0x1740, 0x1753,
};
static const uint32_t R_SC_Canadian_Aboriginal[] = {
    0x1400, 0x167F, 0x18B0, 0x18F5, 0x11AB0, 0x11ABF,
};
static const uint32_t R_SC_Carian[] = {
    0x102A0, 0x102D0,
};
static const uint32_t R_SC_Caucasian_Albanian[] = {
    0x10530, 0x10563, 0x1056F, 0x1056F,
};
static const uint32_t R_SC_Chakma[] = {
    0x11100, 0x11134, 0x11136, 0x11147,
};
static const uint32_t R_SC_Cham[] = {
    0xAA00, 0xAA36, 0xAA40, 0xAA4D, 0xAA50, 0xAA59, 0xAA5C, 0xAA5F,
};
static const uint32_t R_SC_Cherokee[] = {
    0x13A0, 0x13F5, 0x13F8, 0x13FD, 0xAB70, 0xABBF,
};
static const uint32_t R_SC_Chorasmian[] = {
    0x10FB0, 0x10FCB,
};
static const uint32_t R_SC_Common[] = {
    0x0, 0x40, 0x5B, 0x60, 0x7B, 0xA9, 0xAB, 0xB9, 0xBB, 0xBF, 0xD7, 0xD7,
    0xF7, 0xF7, 0x2B9, 0x2DF, 0x2E5, 0x2E9, 0x2EC, 0x2FF, 0x374, 0x374, 0x37E, 0x37E,
    0x385, 0x385, 0x387, 0x387, 0x605, 0x605, 0x60C, 0x60C, 0x61B, 0x61B, 0x61F, 0x61F,
    0x640, 0x640, 0x6DD, 0x6DD, 0x8E2, 0x8E2, 0x964, 0x965, 0xE3F, 0xE3F, 0xFD5, 0xFD8,
    0x10FB, 0x10FB, 0x16EB, 0x16ED, 0x1735, 0x1736, 0x1802, 0x1803, 0x1805, 0x1805, 0x1CD3, 0x1CD3,
    0x1CE1, 0x1CE1, 0x1CE9, 0x1CEC, 0x1CEE, 0x1CF3, 0x1CF5, 0x1CF7, 0x1CFA, 0x1CFA, 0x2000, 0x200B,
    0x200E, 0x2064, 0x2066, 0x2070, 0x2074, 0x207E, 0x2080, 0x208F, 0x20A0, 0x20C4, 0x2100, 0x2125,
    0x2127, 0x2129, 0x212C, 0x2131, 0x2133, 0x214D, 0x214F, 0x215F, 0x2189, 0x218B, 0x2190, 0x2429,
    0x2440, 0x244A, 0x2460, 0x27FF, 0x2900, 0x2B73, 0x2B76, 0x2BFF, 0x2E00, 0x2E5D, 0x2E60, 0x2E63,
    0x2FF0, 0x3004, 0x3006, 0x3006, 0x3008, 0x3020, 0x3030, 0x3037, 0x303C, 0x303F, 0x309B, 0x309C,
    0x30A0, 0x30A0, 0x30FB, 0x30FC, 0x3190, 0x319F, 0x31C0, 0x31E5, 0x31EF, 0x31EF, 0x3220, 0x325F,
    0x327F, 0x32CF, 0x32FF, 0x32FF, 0x3358, 0x33FF, 0x4DC0, 0x4DFF, 0xA700, 0xA721, 0xA788, 0xA78A,
    0xA830, 0xA839, 0xA92E, 0xA92E, 0xA9CF, 0xA9CF, 0xAB5B, 0xAB5B, 0xAB6A, 0xAB6B, 0xFD3E, 0xFD3F,
    0xFE10, 0xFE19, 0xFE30, 0xFE52, 0xFE54, 0xFE66, 0xFE68, 0xFE6B, 0xFEFF, 0xFEFF, 0xFF01, 0xFF20,
    0xFF3B, 0xFF40, 0xFF5B, 0xFF65, 0xFF70, 0xFF70, 0xFF9E, 0xFF9F, 0xFFE0, 0xFFE6, 0xFFE8, 0xFFEE,
    0xFFF9, 0xFFFD, 0x10100, 0x10102, 0x10107, 0x10133, 0x10137, 0x1013F, 0x10190, 0x1019C, 0x101D0, 0x101FC,
    0x102E1, 0x102FB, 0x1BCA0, 0x1BCA3, 0x1CC00, 0x1CCFC, 0x1CD00, 0x1CEB3, 0x1CEBA, 0x1CED0, 0x1CED2, 0x1CED4,
    0x1CEDD, 0x1CEFD, 0x1CF50, 0x1CFC3, 0x1D000, 0x1D0F5, 0x1D100, 0x1D126, 0x1D129, 0x1D166, 0x1D16A, 0x1D17A,
    0x1D183, 0x1D184, 0x1D18C, 0x1D1A9, 0x1D1AE, 0x1D1FF, 0x1D250, 0x1D25A, 0x1D25D, 0x1D281, 0x1D2C0, 0x1D2D3,
    0x1D2E0, 0x1D2F3, 0x1D300, 0x1D356, 0x1D360, 0x1D378, 0x1D400, 0x1D454, 0x1D456, 0x1D49C, 0x1D49E, 0x1D49F,
    0x1D4A2, 0x1D4A2, 0x1D4A5, 0x1D4A6, 0x1D4A9, 0x1D4AC, 0x1D4AE, 0x1D4B9, 0x1D4BB, 0x1D4BB, 0x1D4BD, 0x1D4C3,
    0x1D4C5, 0x1D505, 0x1D507, 0x1D50A, 0x1D50D, 0x1D514, 0x1D516, 0x1D51C, 0x1D51E, 0x1D539, 0x1D53B, 0x1D53E,
    0x1D540, 0x1D544, 0x1D546, 0x1D546, 0x1D54A, 0x1D550, 0x1D552, 0x1D6A6, 0x1D6A8, 0x1D7CB, 0x1D7CE, 0x1D7FF,
    0x1DB00, 0x1DB1C, 0x1EC71, 0x1ECB4, 0x1ED01, 0x1ED3D, 0x1F000, 0x1F02B, 0x1F030, 0x1F093, 0x1F0A0, 0x1F0AE,
    0x1F0B1, 0x1F0BF, 0x1F0C1, 0x1F0CF, 0x1F0D1, 0x1F0F5, 0x1F100, 0x1F1AE, 0x1F1E6, 0x1F1FF, 0x1F201, 0x1F202,
    0x1F210, 0x1F23B, 0x1F240, 0x1F248, 0x1F250, 0x1F251, 0x1F260, 0x1F265, 0x1F300, 0x1F6D9, 0x1F6DC, 0x1F6EC,
    0x1F6F0, 0x1F6FC, 0x1F700, 0x1F7DB, 0x1F7E0, 0x1F7EB, 0x1F7F0, 0x1F80B, 0x1F810, 0x1F847, 0x1F850, 0x1F859,
    0x1F860, 0x1F887, 0x1F890, 0x1F8AD, 0x1F8B0, 0x1F8BB, 0x1F8C0, 0x1F8C1, 0x1F8D0, 0x1F8D8, 0x1F900, 0x1FA57,
    0x1FA60, 0x1FA6D, 0x1FA70, 0x1FA7C, 0x1FA80, 0x1FAC6, 0x1FAC8, 0x1FAC8, 0x1FACC, 0x1FADD, 0x1FADF, 0x1FAEB,
    0x1FAEF, 0x1FAFA, 0x1FB00, 0x1FB92, 0x1FB94, 0x1FBFA, 0xE0001, 0xE0001, 0xE0020, 0xE007F,
};
static const uint32_t R_SC_Coptic[] = {
    0x3E2, 0x3EF, 0x2C80, 0x2CF3, 0x2CF9, 0x2CFF,
};
static const uint32_t R_SC_Cuneiform[] = {
    0x12000, 0x12399, 0x12400, 0x12543, 0x12550, 0x125A7, 0x1264C, 0x12686,
};
static const uint32_t R_SC_Cypriot[] = {
    0x10800, 0x10805, 0x10808, 0x10808, 0x1080A, 0x10835, 0x10837, 0x10838, 0x1083C, 0x1083C, 0x1083F, 0x1083F,
};
static const uint32_t R_SC_Cypro_Minoan[] = {
    0x12F90, 0x12FF2,
};
static const uint32_t R_SC_Cyrillic[] = {
    0x400, 0x484, 0x487, 0x52F, 0x1C80, 0x1C8A, 0x1D2B, 0x1D2B, 0x1D78, 0x1D78, 0x2DE0, 0x2DFF,
    0xA640, 0xA69F, 0xFE2E, 0xFE2F, 0x1E030, 0x1E06D, 0x1E08F, 0x1E08F,
};
static const uint32_t R_SC_Deseret[] = {
    0x10400, 0x1044F,
};
static const uint32_t R_SC_Devanagari[] = {
    0x900, 0x950, 0x955, 0x963, 0x966, 0x97F, 0xA8E0, 0xA8FF, 0x11B00, 0x11B0A,
};
static const uint32_t R_SC_Dives_Akuru[] = {
    0x11900, 0x11906, 0x11909, 0x11909, 0x1190C, 0x11913, 0x11915, 0x11916, 0x11918, 0x11935, 0x11937, 0x11938,
    0x1193B, 0x11946, 0x11950, 0x11959,
};
static const uint32_t R_SC_Dogra[] = {
    0x11800, 0x1183B,
};
static const uint32_t R_SC_Duployan[] = {
    0x1BC00, 0x1BC6A, 0x1BC70, 0x1BC7C, 0x1BC80, 0x1BC88, 0x1BC90, 0x1BC99, 0x1BC9C, 0x1BC9F,
};
static const uint32_t R_SC_Egyptian_Hieroglyphs[] = {
    0x13000, 0x13455, 0x13460, 0x143FA,
};
static const uint32_t R_SC_Elbasan[] = {
    0x10500, 0x10527,
};
static const uint32_t R_SC_Elymaic[] = {
    0x10FE0, 0x10FF6,
};
static const uint32_t R_SC_Ethiopic[] = {
    0x1200, 0x1248, 0x124A, 0x124D, 0x1250, 0x1256, 0x1258, 0x1258, 0x125A, 0x125D, 0x1260, 0x1288,
    0x128A, 0x128D, 0x1290, 0x12B0, 0x12B2, 0x12B5, 0x12B8, 0x12BE, 0x12C0, 0x12C0, 0x12C2, 0x12C5,
    0x12C8, 0x12D6, 0x12D8, 0x1310, 0x1312, 0x1315, 0x1318, 0x135A, 0x135D, 0x137C, 0x1380, 0x1399,
    0x2D80, 0x2D96, 0x2DA0, 0x2DA6, 0x2DA8, 0x2DAE, 0x2DB0, 0x2DB6, 0x2DB8, 0x2DBE, 0x2DC0, 0x2DC6,
    0x2DC8, 0x2DCE, 0x2DD0, 0x2DD6, 0x2DD8, 0x2DDE, 0xAB01, 0xAB06, 0xAB09, 0xAB0E, 0xAB11, 0xAB16,
    0xAB20, 0xAB26, 0xAB28, 0xAB2E, 0x1E7E0, 0x1E7E6, 0x1E7E8, 0x1E7EB, 0x1E7ED, 0x1E7EE, 0x1E7F0, 0x1E7FE,
};
static const uint32_t R_SC_Garay[] = {
    0x10D40, 0x10D65, 0x10D69, 0x10D85, 0x10D8E, 0x10D8F,
};
static const uint32_t R_SC_Georgian[] = {
    0x10A0, 0x10C5, 0x10C7, 0x10C7, 0x10CD, 0x10CD, 0x10D0, 0x10FA, 0x10FC, 0x10FF, 0x1C90, 0x1CBA,
    0x1CBD, 0x1CBF, 0x2D00, 0x2D25, 0x2D27, 0x2D27, 0x2D2D, 0x2D2D,
};
static const uint32_t R_SC_Glagolitic[] = {
    0x2C00, 0x2C5F, 0x1E000, 0x1E006, 0x1E008, 0x1E018, 0x1E01B, 0x1E021, 0x1E023, 0x1E024, 0x1E026, 0x1E02A,
};
static const uint32_t R_SC_Gothic[] = {
    0x10330, 0x1034A,
};
static const uint32_t R_SC_Grantha[] = {
    0x11300, 0x11303, 0x11305, 0x1130C, 0x1130F, 0x11310, 0x11313, 0x11328, 0x1132A, 0x11330, 0x11332, 0x11333,
    0x11335, 0x11339, 0x1133C, 0x11344, 0x11347, 0x11348, 0x1134B, 0x1134D, 0x11350, 0x11350, 0x11357, 0x11357,
    0x1135D, 0x11363, 0x11366, 0x1136C, 0x11370, 0x11374,
};
static const uint32_t R_SC_Greek[] = {
    0x370, 0x373, 0x375, 0x377, 0x37A, 0x37D, 0x37F, 0x37F, 0x384, 0x384, 0x386, 0x386,
    0x388, 0x38A, 0x38C, 0x38C, 0x38E, 0x3A1, 0x3A3, 0x3E1, 0x3F0, 0x3FF, 0x1D26, 0x1D2A,
    0x1D5D, 0x1D61, 0x1D66, 0x1D6A, 0x1DBF, 0x1DBF, 0x1F00, 0x1F15, 0x1F18, 0x1F1D, 0x1F20, 0x1F45,
    0x1F48, 0x1F4D, 0x1F50, 0x1F57, 0x1F59, 0x1F59, 0x1F5B, 0x1F5B, 0x1F5D, 0x1F5D, 0x1F5F, 0x1F7D,
    0x1F80, 0x1FB4, 0x1FB6, 0x1FC4, 0x1FC6, 0x1FD3, 0x1FD6, 0x1FDB, 0x1FDD, 0x1FEF, 0x1FF2, 0x1FF4,
    0x1FF6, 0x1FFE, 0x2126, 0x2126, 0xAB65, 0xAB65, 0x10140, 0x1018E, 0x101A0, 0x101A0, 0x1D200, 0x1D245,
    0x1DFF3, 0x1DFF4,
};
static const uint32_t R_SC_Gujarati[] = {
    0xA81, 0xA83, 0xA85, 0xA8D, 0xA8F, 0xA91, 0xA93, 0xAA8, 0xAAA, 0xAB0, 0xAB2, 0xAB3,
    0xAB5, 0xAB9, 0xABC, 0xAC5, 0xAC7, 0xAC9, 0xACB, 0xACD, 0xAD0, 0xAD0, 0xAE0, 0xAE3,
    0xAE6, 0xAF1, 0xAF9, 0xAFF,
};
static const uint32_t R_SC_Gunjala_Gondi[] = {
    0x11D60, 0x11D65, 0x11D67, 0x11D68, 0x11D6A, 0x11D8E, 0x11D90, 0x11D91, 0x11D93, 0x11D98, 0x11DA0, 0x11DA9,
};
static const uint32_t R_SC_Gurmukhi[] = {
    0xA01, 0xA03, 0xA05, 0xA0A, 0xA0F, 0xA10, 0xA13, 0xA28, 0xA2A, 0xA30, 0xA32, 0xA33,
    0xA35, 0xA36, 0xA38, 0xA39, 0xA3C, 0xA3C, 0xA3E, 0xA42, 0xA47, 0xA48, 0xA4B, 0xA4D,
    0xA51, 0xA51, 0xA59, 0xA5C, 0xA5E, 0xA5E, 0xA66, 0xA76,
};
static const uint32_t R_SC_Gurung_Khema[] = {
    0x16100, 0x16139,
};
static const uint32_t R_SC_Han[] = {
    0x2E80, 0x2E99, 0x2E9B, 0x2EF3, 0x2F00, 0x2FD5, 0x3005, 0x3005, 0x3007, 0x3007, 0x3021, 0x3029,
    0x3038, 0x303B, 0x3400, 0x4DBF, 0x4E00, 0x9FFF, 0xF900, 0xFA6D, 0xFA70, 0xFAD9, 0x16FE2, 0x16FE3,
    0x16FF0, 0x16FF6, 0x20000, 0x2A6DF, 0x2A700, 0x2B81E, 0x2B820, 0x2CEAD, 0x2CEB0, 0x2EBE0, 0x2EBF0, 0x2EE5D,
    0x2F800, 0x2FA1D, 0x30000, 0x3134A, 0x31350, 0x33479,
};
static const uint32_t R_SC_Hangul[] = {
    0x1100, 0x11FF, 0x302E, 0x302F, 0x3131, 0x318E, 0x3200, 0x321E, 0x3260, 0x327E, 0xA960, 0xA97C,
    0xAC00, 0xD7A3, 0xD7B0, 0xD7C6, 0xD7CB, 0xD7FB, 0xFFA0, 0xFFBE, 0xFFC2, 0xFFC7, 0xFFCA, 0xFFCF,
    0xFFD2, 0xFFD7, 0xFFDA, 0xFFDC,
};
static const uint32_t R_SC_Hanifi_Rohingya[] = {
    0x10D00, 0x10D27, 0x10D30, 0x10D39,
};
static const uint32_t R_SC_Hanunoo[] = {
    0x1720, 0x1734,
};
static const uint32_t R_SC_Hatran[] = {
    0x108E0, 0x108F2, 0x108F4, 0x108F5, 0x108FB, 0x108FF,
};
static const uint32_t R_SC_Hebrew[] = {
    0x591, 0x5C9, 0x5D0, 0x5EA, 0x5EF, 0x5F4, 0xFB1D, 0xFB36, 0xFB38, 0xFB3C, 0xFB3E, 0xFB3E,
    0xFB40, 0xFB41, 0xFB43, 0xFB44, 0xFB46, 0xFB4F,
};
static const uint32_t R_SC_Hiragana[] = {
    0x3041, 0x3096, 0x309D, 0x309F, 0x1B001, 0x1B11F, 0x1B123, 0x1B123, 0x1B132, 0x1B132, 0x1B150, 0x1B152,
    0x1F200, 0x1F200,
};
static const uint32_t R_SC_Imperial_Aramaic[] = {
    0x10840, 0x10855, 0x10857, 0x1085F,
};
static const uint32_t R_SC_Inherited[] = {
    0x300, 0x36F, 0x485, 0x486, 0x64B, 0x655, 0x670, 0x670, 0x951, 0x954, 0x1AB0, 0x1AF0,
    0x1CD0, 0x1CD2, 0x1CD4, 0x1CE0, 0x1CE2, 0x1CE8, 0x1CED, 0x1CED, 0x1CF4, 0x1CF4, 0x1CF8, 0x1CF9,
    0x1DC0, 0x1DFF, 0x200C, 0x200D, 0x20D0, 0x20F0, 0x302A, 0x302D, 0x3099, 0x309A, 0xFE00, 0xFE0F,
    0xFE20, 0xFE2D, 0x101FD, 0x101FD, 0x102E0, 0x102E0, 0x1133B, 0x1133B, 0x1CF00, 0x1CF2D, 0x1CF30, 0x1CF46,
    0x1D127, 0x1D128, 0x1D167, 0x1D169, 0x1D17B, 0x1D182, 0x1D185, 0x1D18B, 0x1D1AA, 0x1D1AD, 0x1D25B, 0x1D25C,
    0xE0100, 0xE01EF,
};
static const uint32_t R_SC_Inscriptional_Pahlavi[] = {
    0x10B60, 0x10B72, 0x10B78, 0x10B7F,
};
static const uint32_t R_SC_Inscriptional_Parthian[] = {
    0x10B40, 0x10B55, 0x10B58, 0x10B5F,
};
static const uint32_t R_SC_Javanese[] = {
    0xA980, 0xA9CD, 0xA9D0, 0xA9D9, 0xA9DE, 0xA9DF,
};
static const uint32_t R_SC_Jurchen[] = {
    0x18E00, 0x19191, 0x191A0, 0x191D2,
};
static const uint32_t R_SC_Kaithi[] = {
    0x11080, 0x110C2, 0x110CD, 0x110CD,
};
static const uint32_t R_SC_Kannada[] = {
    0xC80, 0xC8C, 0xC8E, 0xC90, 0xC92, 0xCA8, 0xCAA, 0xCB3, 0xCB5, 0xCB9, 0xCBC, 0xCC4,
    0xCC6, 0xCC8, 0xCCA, 0xCCD, 0xCD5, 0xCD6, 0xCDC, 0xCDE, 0xCE0, 0xCE3, 0xCE6, 0xCEF,
    0xCF1, 0xCF3,
};
static const uint32_t R_SC_Katakana[] = {
    0x30A1, 0x30FA, 0x30FD, 0x30FF, 0x31F0, 0x31FF, 0x32D0, 0x32FE, 0x3300, 0x3357, 0xFF66, 0xFF6F,
    0xFF71, 0xFF9D, 0x1AFF0, 0x1AFF3, 0x1AFF5, 0x1AFFB, 0x1AFFD, 0x1AFFE, 0x1B000, 0x1B000, 0x1B120, 0x1B122,
    0x1B124, 0x1B128, 0x1B155, 0x1B155, 0x1B164, 0x1B168,
};
static const uint32_t R_SC_Kawi[] = {
    0x11F00, 0x11F10, 0x11F12, 0x11F3A, 0x11F3E, 0x11F5A,
};
static const uint32_t R_SC_Kayah_Li[] = {
    0xA900, 0xA92D, 0xA92F, 0xA92F,
};
static const uint32_t R_SC_Kharoshthi[] = {
    0x10A00, 0x10A03, 0x10A05, 0x10A06, 0x10A0C, 0x10A13, 0x10A15, 0x10A17, 0x10A19, 0x10A35, 0x10A38, 0x10A3A,
    0x10A3F, 0x10A48, 0x10A50, 0x10A58,
};
static const uint32_t R_SC_Khitan_Small_Script[] = {
    0x16FE4, 0x16FE4, 0x18B00, 0x18CDA, 0x18CFF, 0x18CFF,
};
static const uint32_t R_SC_Khmer[] = {
    0x1780, 0x17DD, 0x17E0, 0x17E9, 0x17F0, 0x17F9, 0x19E0, 0x19FF,
};
static const uint32_t R_SC_Khojki[] = {
    0x11200, 0x11211, 0x11213, 0x11241,
};
static const uint32_t R_SC_Khudawadi[] = {
    0x112B0, 0x112EA, 0x112F0, 0x112F9,
};
static const uint32_t R_SC_Kirat_Rai[] = {
    0x16D40, 0x16D79,
};
static const uint32_t R_SC_Lao[] = {
    0xE81, 0xE82, 0xE84, 0xE84, 0xE86, 0xE8A, 0xE8C, 0xEA3, 0xEA5, 0xEA5, 0xEA7, 0xEBD,
    0xEC0, 0xEC4, 0xEC6, 0xEC6, 0xEC8, 0xECE, 0xED0, 0xED9, 0xEDC, 0xEDF,
};
static const uint32_t R_SC_Latin[] = {
    0x41, 0x5A, 0x61, 0x7A, 0xAA, 0xAA, 0xBA, 0xBA, 0xC0, 0xD6, 0xD8, 0xF6,
    0xF8, 0x2B8, 0x2E0, 0x2E4, 0x1D00, 0x1D25, 0x1D2C, 0x1D5C, 0x1D62, 0x1D65, 0x1D6B, 0x1D77,
    0x1D79, 0x1DBE, 0x1E00, 0x1EFF, 0x2071, 0x2071, 0x207F, 0x207F, 0x2090, 0x209F, 0x212A, 0x212B,
    0x2132, 0x2132, 0x214E, 0x214E, 0x2160, 0x2188, 0x2C60, 0x2C7F, 0xA722, 0xA787, 0xA78B, 0xA7DD,
    0xA7E2, 0xA7E2, 0xA7F1, 0xA7FF, 0xAB30, 0xAB5A, 0xAB5C, 0xAB64, 0xAB66, 0xAB69, 0xAB6C, 0xAB6D,
    0xFB00, 0xFB06, 0xFF21, 0xFF3A, 0xFF41, 0xFF5A, 0x10780, 0x10785, 0x10787, 0x107B0, 0x107B2, 0x107BF,
    0x1DF00, 0x1DF81, 0x1DF90, 0x1DF96, 0x1DFCD, 0x1DFF2, 0x1DFF5, 0x1DFFF,
};
static const uint32_t R_SC_Lepcha[] = {
    0x1C00, 0x1C37, 0x1C3B, 0x1C49, 0x1C4D, 0x1C4F,
};
static const uint32_t R_SC_Limbu[] = {
    0x1900, 0x191E, 0x1920, 0x192B, 0x1930, 0x193B, 0x1940, 0x1940, 0x1944, 0x194F,
};
static const uint32_t R_SC_Linear_A[] = {
    0x10600, 0x10736, 0x10740, 0x10755, 0x10760, 0x10767,
};
static const uint32_t R_SC_Linear_B[] = {
    0x10000, 0x1000B, 0x1000D, 0x10026, 0x10028, 0x1003A, 0x1003C, 0x1003D, 0x1003F, 0x1004D, 0x10050, 0x1005D,
    0x10080, 0x100FA,
};
static const uint32_t R_SC_Lisu[] = {
    0xA4D0, 0xA4FF, 0x11FB0, 0x11FB0,
};
static const uint32_t R_SC_Lycian[] = {
    0x10280, 0x1029C,
};
static const uint32_t R_SC_Lydian[] = {
    0x10920, 0x10939, 0x1093F, 0x1093F,
};
static const uint32_t R_SC_Mahajani[] = {
    0x11150, 0x11176,
};
static const uint32_t R_SC_Makasar[] = {
    0x11EE0, 0x11EF8,
};
static const uint32_t R_SC_Malayalam[] = {
    0xD00, 0xD0C, 0xD0E, 0xD10, 0xD12, 0xD44, 0xD46, 0xD48, 0xD4A, 0xD4F, 0xD54, 0xD63,
    0xD66, 0xD7F,
};
static const uint32_t R_SC_Mandaic[] = {
    0x840, 0x85B, 0x85E, 0x85E,
};
static const uint32_t R_SC_Manichaean[] = {
    0x10AC0, 0x10AE6, 0x10AEB, 0x10AF6,
};
static const uint32_t R_SC_Marchen[] = {
    0x11C70, 0x11C8F, 0x11C92, 0x11CA7, 0x11CA9, 0x11CB6,
};
static const uint32_t R_SC_Masaram_Gondi[] = {
    0x11D00, 0x11D06, 0x11D08, 0x11D09, 0x11D0B, 0x11D36, 0x11D3A, 0x11D3A, 0x11D3C, 0x11D3D, 0x11D3F, 0x11D47,
    0x11D50, 0x11D59,
};
static const uint32_t R_SC_Medefaidrin[] = {
    0x16E40, 0x16E9A,
};
static const uint32_t R_SC_Meetei_Mayek[] = {
    0xAAE0, 0xAAF6, 0xABC0, 0xABED, 0xABF0, 0xABF9,
};
static const uint32_t R_SC_Mende_Kikakui[] = {
    0x1E800, 0x1E8C4, 0x1E8C7, 0x1E8D6,
};
static const uint32_t R_SC_Meroitic_Cursive[] = {
    0x109A0, 0x109B7, 0x109BC, 0x109CF, 0x109D2, 0x109FF,
};
static const uint32_t R_SC_Meroitic_Hieroglyphs[] = {
    0x10980, 0x1099F,
};
static const uint32_t R_SC_Miao[] = {
    0x16F00, 0x16F4A, 0x16F4F, 0x16F87, 0x16F8F, 0x16F9F,
};
static const uint32_t R_SC_Modi[] = {
    0x11600, 0x11644, 0x11650, 0x11659,
};
static const uint32_t R_SC_Mongolian[] = {
    0x1800, 0x1801, 0x1804, 0x1804, 0x1806, 0x1819, 0x1820, 0x1878, 0x1880, 0x18AA, 0x11660, 0x1166C,
};
static const uint32_t R_SC_Mro[] = {
    0x16A40, 0x16A5E, 0x16A60, 0x16A69, 0x16A6E, 0x16A6F,
};
static const uint32_t R_SC_Multani[] = {
    0x11280, 0x11286, 0x11288, 0x11288, 0x1128A, 0x1128D, 0x1128F, 0x1129D, 0x1129F, 0x112A9,
};
static const uint32_t R_SC_Myanmar[] = {
    0x1000, 0x109F, 0xA9E0, 0xA9FE, 0xAA60, 0xAA7F, 0x116D0, 0x116E3,
};
static const uint32_t R_SC_Nabataean[] = {
    0x10880, 0x1089E, 0x108A7, 0x108AF,
};
static const uint32_t R_SC_Nag_Mundari[] = {
    0x1E4D0, 0x1E4F9,
};
static const uint32_t R_SC_Nandinagari[] = {
    0x119A0, 0x119A7, 0x119AA, 0x119D7, 0x119DA, 0x119E4,
};
static const uint32_t R_SC_New_Tai_Lue[] = {
    0x1980, 0x19AB, 0x19B0, 0x19C9, 0x19D0, 0x19DA, 0x19DE, 0x19DF,
};
static const uint32_t R_SC_Newa[] = {
    0x11400, 0x1145B, 0x1145D, 0x11461,
};
static const uint32_t R_SC_Nko[] = {
    0x7C0, 0x7FA, 0x7FD, 0x7FF,
};
static const uint32_t R_SC_Nushu[] = {
    0x16FE1, 0x16FE1, 0x1B170, 0x1B2FB,
};
static const uint32_t R_SC_Nyiakeng_Puachue_Hmong[] = {
    0x1E100, 0x1E12C, 0x1E130, 0x1E13D, 0x1E140, 0x1E149, 0x1E14E, 0x1E14F,
};
static const uint32_t R_SC_Ogham[] = {
    0x1680, 0x169C,
};
static const uint32_t R_SC_Ol_Chiki[] = {
    0x1C50, 0x1C7F,
};
static const uint32_t R_SC_Ol_Onal[] = {
    0x1E5D0, 0x1E5FA, 0x1E5FF, 0x1E5FF,
};
static const uint32_t R_SC_Old_Hungarian[] = {
    0x10C80, 0x10CB2, 0x10CC0, 0x10CF2, 0x10CFA, 0x10CFF,
};
static const uint32_t R_SC_Old_Italic[] = {
    0x10300, 0x10323, 0x1032D, 0x1032F,
};
static const uint32_t R_SC_Old_North_Arabian[] = {
    0x10A80, 0x10A9F,
};
static const uint32_t R_SC_Old_Permic[] = {
    0x10350, 0x1037A,
};
static const uint32_t R_SC_Old_Persian[] = {
    0x103A0, 0x103C3, 0x103C8, 0x103D5,
};
static const uint32_t R_SC_Old_Sogdian[] = {
    0x10F00, 0x10F27,
};
static const uint32_t R_SC_Old_South_Arabian[] = {
    0x10A60, 0x10A7F,
};
static const uint32_t R_SC_Old_Turkic[] = {
    0x10C00, 0x10C48,
};
static const uint32_t R_SC_Old_Uyghur[] = {
    0x10F70, 0x10F89,
};
static const uint32_t R_SC_Oriya[] = {
    0xB01, 0xB03, 0xB05, 0xB0C, 0xB0F, 0xB10, 0xB13, 0xB28, 0xB2A, 0xB30, 0xB32, 0xB33,
    0xB35, 0xB39, 0xB3C, 0xB44, 0xB47, 0xB48, 0xB4B, 0xB4D, 0xB53, 0xB57, 0xB5C, 0xB5D,
    0xB5F, 0xB63, 0xB66, 0xB77,
};
static const uint32_t R_SC_Osage[] = {
    0x104B0, 0x104D3, 0x104D8, 0x104FB,
};
static const uint32_t R_SC_Osmanya[] = {
    0x10480, 0x1049D, 0x104A0, 0x104A9,
};
static const uint32_t R_SC_Pahawh_Hmong[] = {
    0x16B00, 0x16B45, 0x16B50, 0x16B59, 0x16B5B, 0x16B61, 0x16B63, 0x16B77, 0x16B7D, 0x16B8F,
};
static const uint32_t R_SC_Palmyrene[] = {
    0x10860, 0x1087F,
};
static const uint32_t R_SC_Pau_Cin_Hau[] = {
    0x11AC0, 0x11AF8,
};
static const uint32_t R_SC_Phags_Pa[] = {
    0xA840, 0xA877,
};
static const uint32_t R_SC_Phoenician[] = {
    0x10900, 0x1091B, 0x1091F, 0x1091F,
};
static const uint32_t R_SC_Proto_Cuneiform[] = {
    0x125A8, 0x1264B,
};
static const uint32_t R_SC_Psalter_Pahlavi[] = {
    0x10B80, 0x10B91, 0x10B99, 0x10B9C, 0x10BA9, 0x10BAF,
};
static const uint32_t R_SC_Rejang[] = {
    0xA930, 0xA953, 0xA95F, 0xA95F,
};
static const uint32_t R_SC_Runic[] = {
    0x16A0, 0x16EA, 0x16EE, 0x16F8,
};
static const uint32_t R_SC_Samaritan[] = {
    0x800, 0x82D, 0x830, 0x83E,
};
static const uint32_t R_SC_Saurashtra[] = {
    0xA880, 0xA8C5, 0xA8CE, 0xA8D9,
};
static const uint32_t R_SC_Seal[] = {
    0x3D000, 0x3FC3F,
};
static const uint32_t R_SC_Sharada[] = {
    0x11180, 0x111DF, 0x11B60, 0x11B67,
};
static const uint32_t R_SC_Shavian[] = {
    0x10450, 0x1047F,
};
static const uint32_t R_SC_Siddham[] = {
    0x11580, 0x115B5, 0x115B8, 0x115DD,
};
static const uint32_t R_SC_Sidetic[] = {
    0x10940, 0x10959,
};
static const uint32_t R_SC_SignWriting[] = {
    0x1D800, 0x1DA8B, 0x1DA9B, 0x1DA9F, 0x1DAA1, 0x1DAAF,
};
static const uint32_t R_SC_Sinhala[] = {
    0xD81, 0xD83, 0xD85, 0xD96, 0xD9A, 0xDB1, 0xDB3, 0xDBB, 0xDBD, 0xDBD, 0xDC0, 0xDC6,
    0xDCA, 0xDCA, 0xDCF, 0xDD4, 0xDD6, 0xDD6, 0xDD8, 0xDDF, 0xDE6, 0xDEF, 0xDF2, 0xDF4,
    0x111E1, 0x111F4,
};
static const uint32_t R_SC_Sogdian[] = {
    0x10F30, 0x10F59,
};
static const uint32_t R_SC_Sora_Sompeng[] = {
    0x110D0, 0x110E8, 0x110F0, 0x110F9,
};
static const uint32_t R_SC_Soyombo[] = {
    0x11A50, 0x11AA2,
};
static const uint32_t R_SC_Sundanese[] = {
    0x1B80, 0x1BBF, 0x1CC0, 0x1CC7,
};
static const uint32_t R_SC_Sunuwar[] = {
    0x11BC0, 0x11BE1, 0x11BF0, 0x11BF9,
};
static const uint32_t R_SC_Syloti_Nagri[] = {
    0xA800, 0xA82C,
};
static const uint32_t R_SC_Syriac[] = {
    0x700, 0x70D, 0x70F, 0x74A, 0x74D, 0x74F, 0x860, 0x86A,
};
static const uint32_t R_SC_Tagalog[] = {
    0x1700, 0x1715, 0x171F, 0x171F,
};
static const uint32_t R_SC_Tagbanwa[] = {
    0x1760, 0x176C, 0x176E, 0x1770, 0x1772, 0x1773,
};
static const uint32_t R_SC_Tai_Le[] = {
    0x1950, 0x196D, 0x1970, 0x1974,
};
static const uint32_t R_SC_Tai_Tham[] = {
    0x1A20, 0x1A5E, 0x1A60, 0x1A7C, 0x1A7F, 0x1A89, 0x1A90, 0x1A99, 0x1AA0, 0x1AAD,
};
static const uint32_t R_SC_Tai_Viet[] = {
    0xAA80, 0xAAC2, 0xAADB, 0xAADF,
};
static const uint32_t R_SC_Tai_Yo[] = {
    0x1E6C0, 0x1E6DE, 0x1E6E0, 0x1E6F5, 0x1E6FE, 0x1E6FF,
};
static const uint32_t R_SC_Takri[] = {
    0x11680, 0x116B9, 0x116C0, 0x116C9,
};
static const uint32_t R_SC_Tamil[] = {
    0xB82, 0xB83, 0xB85, 0xB8A, 0xB8E, 0xB90, 0xB92, 0xB95, 0xB99, 0xB9A, 0xB9C, 0xB9C,
    0xB9E, 0xB9F, 0xBA3, 0xBA4, 0xBA8, 0xBAA, 0xBAE, 0xBB9, 0xBBE, 0xBC2, 0xBC6, 0xBC8,
    0xBCA, 0xBCD, 0xBD0, 0xBD0, 0xBD7, 0xBD7, 0xBE6, 0xBFA, 0x11FC0, 0x11FF1, 0x11FFF, 0x11FFF,
};
static const uint32_t R_SC_Tangsa[] = {
    0x16A70, 0x16ABE, 0x16AC0, 0x16AC9,
};
static const uint32_t R_SC_Tangut[] = {
    0x16FE0, 0x16FE0, 0x17000, 0x18AFF, 0x18D00, 0x18D20, 0x18D80, 0x18DF2,
};
static const uint32_t R_SC_Telugu[] = {
    0xC00, 0xC0C, 0xC0E, 0xC10, 0xC12, 0xC28, 0xC2A, 0xC39, 0xC3C, 0xC44, 0xC46, 0xC48,
    0xC4A, 0xC4D, 0xC55, 0xC56, 0xC58, 0xC5A, 0xC5C, 0xC5D, 0xC60, 0xC63, 0xC66, 0xC6F,
    0xC77, 0xC7F,
};
static const uint32_t R_SC_Thaana[] = {
    0x780, 0x7B1,
};
static const uint32_t R_SC_Thai[] = {
    0xE01, 0xE3A, 0xE40, 0xE5B,
};
static const uint32_t R_SC_Tibetan[] = {
    0xF00, 0xF47, 0xF49, 0xF6C, 0xF71, 0xF97, 0xF99, 0xFBC, 0xFBE, 0xFCC, 0xFCE, 0xFD4,
    0xFD9, 0xFDA,
};
static const uint32_t R_SC_Tifinagh[] = {
    0x2D30, 0x2D67, 0x2D6F, 0x2D70, 0x2D7F, 0x2D7F,
};
static const uint32_t R_SC_Tirhuta[] = {
    0x11480, 0x114C7, 0x114D0, 0x114D9,
};
static const uint32_t R_SC_Todhri[] = {
    0x105C0, 0x105F3,
};
static const uint32_t R_SC_Tolong_Siki[] = {
    0x11DB0, 0x11DDB, 0x11DE0, 0x11DE9,
};
static const uint32_t R_SC_Toto[] = {
    0x1E290, 0x1E2AE,
};
static const uint32_t R_SC_Tulu_Tigalari[] = {
    0x11380, 0x11389, 0x1138B, 0x1138B, 0x1138E, 0x1138E, 0x11390, 0x113B5, 0x113B7, 0x113C0, 0x113C2, 0x113C2,
    0x113C5, 0x113C5, 0x113C7, 0x113CA, 0x113CC, 0x113D5, 0x113D7, 0x113D8, 0x113E1, 0x113E2,
};
static const uint32_t R_SC_Ugaritic[] = {
    0x10380, 0x1039D, 0x1039F, 0x1039F,
};
static const uint32_t R_SC_Vai[] = {
    0xA500, 0xA62B,
};
static const uint32_t R_SC_Vithkuqi[] = {
    0x10570, 0x1057A, 0x1057C, 0x1058A, 0x1058C, 0x10592, 0x10594, 0x10595, 0x10597, 0x105A1, 0x105A3, 0x105B1,
    0x105B3, 0x105B9, 0x105BB, 0x105BC,
};
static const uint32_t R_SC_Wancho[] = {
    0x1E2C0, 0x1E2F9, 0x1E2FF, 0x1E2FF,
};
static const uint32_t R_SC_Warang_Citi[] = {
    0x118A0, 0x118F2, 0x118FF, 0x118FF,
};
static const uint32_t R_SC_Yezidi[] = {
    0x10E80, 0x10EA9, 0x10EAB, 0x10EAD, 0x10EB0, 0x10EB1,
};
static const uint32_t R_SC_Yi[] = {
    0xA000, 0xA48C, 0xA490, 0xA4C6,
};
static const uint32_t R_SC_Zanabazar_Square[] = {
    0x11A00, 0x11A47,
};
const struct uprop uni_sc[] = {
    { "Adlam|Adlm", { R_SC_Adlam, 3 } },
    { "Ahom", { R_SC_Ahom, 3 } },
    { "Anatolian_Hieroglyphs|Hluw", { R_SC_Anatolian_Hieroglyphs, 1 } },
    { "Arabic|Arab", { R_SC_Arabic, 56 } },
    { "Armenian|Armn", { R_SC_Armenian, 3 } },
    { "Avestan|Avst", { R_SC_Avestan, 2 } },
    { "Balinese|Bali", { R_SC_Balinese, 2 } },
    { "Bamum|Bamu", { R_SC_Bamum, 2 } },
    { "Bassa_Vah|Bass", { R_SC_Bassa_Vah, 2 } },
    { "Batak|Batk", { R_SC_Batak, 2 } },
    { "Bengali|Beng", { R_SC_Bengali, 15 } },
    { "Beria_Erfe|Berf", { R_SC_Beria_Erfe, 2 } },
    { "Bhaiksuki|Bhks", { R_SC_Bhaiksuki, 4 } },
    { "Bopomofo|Bopo", { R_SC_Bopomofo, 3 } },
    { "Brahmi|Brah", { R_SC_Brahmi, 3 } },
    { "Braille|Brai", { R_SC_Braille, 1 } },
    { "Buginese|Bugi", { R_SC_Buginese, 2 } },
    { "Buhid|Buhd", { R_SC_Buhid, 1 } },
    { "Canadian_Aboriginal|Cans", { R_SC_Canadian_Aboriginal, 3 } },
    { "Carian|Cari", { R_SC_Carian, 1 } },
    { "Caucasian_Albanian|Aghb", { R_SC_Caucasian_Albanian, 2 } },
    { "Chakma|Cakm", { R_SC_Chakma, 2 } },
    { "Cham", { R_SC_Cham, 4 } },
    { "Cherokee|Cher", { R_SC_Cherokee, 3 } },
    { "Chorasmian|Chrs", { R_SC_Chorasmian, 1 } },
    { "Common|Zyyy", { R_SC_Common, 179 } },
    { "Coptic|Copt|Qaac", { R_SC_Coptic, 3 } },
    { "Cuneiform|Xsux", { R_SC_Cuneiform, 4 } },
    { "Cypriot|Cprt", { R_SC_Cypriot, 6 } },
    { "Cypro_Minoan|Cpmn", { R_SC_Cypro_Minoan, 1 } },
    { "Cyrillic|Cyrl", { R_SC_Cyrillic, 10 } },
    { "Deseret|Dsrt", { R_SC_Deseret, 1 } },
    { "Devanagari|Deva", { R_SC_Devanagari, 5 } },
    { "Dives_Akuru|Diak", { R_SC_Dives_Akuru, 8 } },
    { "Dogra|Dogr", { R_SC_Dogra, 1 } },
    { "Duployan|Dupl", { R_SC_Duployan, 5 } },
    { "Egyptian_Hieroglyphs|Egyp", { R_SC_Egyptian_Hieroglyphs, 2 } },
    { "Elbasan|Elba", { R_SC_Elbasan, 1 } },
    { "Elymaic|Elym", { R_SC_Elymaic, 1 } },
    { "Ethiopic|Ethi", { R_SC_Ethiopic, 36 } },
    { "Garay|Gara", { R_SC_Garay, 3 } },
    { "Georgian|Geor", { R_SC_Georgian, 10 } },
    { "Glagolitic|Glag", { R_SC_Glagolitic, 6 } },
    { "Gothic|Goth", { R_SC_Gothic, 1 } },
    { "Grantha|Gran", { R_SC_Grantha, 15 } },
    { "Greek|Grek", { R_SC_Greek, 37 } },
    { "Gujarati|Gujr", { R_SC_Gujarati, 14 } },
    { "Gunjala_Gondi|Gong", { R_SC_Gunjala_Gondi, 6 } },
    { "Gurmukhi|Guru", { R_SC_Gurmukhi, 16 } },
    { "Gurung_Khema|Gukh", { R_SC_Gurung_Khema, 1 } },
    { "Han|Hani", { R_SC_Han, 21 } },
    { "Hangul|Hang", { R_SC_Hangul, 14 } },
    { "Hanifi_Rohingya|Rohg", { R_SC_Hanifi_Rohingya, 2 } },
    { "Hanunoo|Hano", { R_SC_Hanunoo, 1 } },
    { "Hatran|Hatr", { R_SC_Hatran, 3 } },
    { "Hebrew|Hebr", { R_SC_Hebrew, 9 } },
    { "Hiragana|Hira", { R_SC_Hiragana, 7 } },
    { "Imperial_Aramaic|Armi", { R_SC_Imperial_Aramaic, 2 } },
    { "Inherited|Zinh|Qaai", { R_SC_Inherited, 31 } },
    { "Inscriptional_Pahlavi|Phli", { R_SC_Inscriptional_Pahlavi, 2 } },
    { "Inscriptional_Parthian|Prti", { R_SC_Inscriptional_Parthian, 2 } },
    { "Javanese|Java", { R_SC_Javanese, 3 } },
    { "Jurchen|Jurc", { R_SC_Jurchen, 2 } },
    { "Kaithi|Kthi", { R_SC_Kaithi, 2 } },
    { "Kannada|Knda", { R_SC_Kannada, 13 } },
    { "Katakana|Kana", { R_SC_Katakana, 15 } },
    { "Kawi", { R_SC_Kawi, 3 } },
    { "Kayah_Li|Kali", { R_SC_Kayah_Li, 2 } },
    { "Kharoshthi|Khar", { R_SC_Kharoshthi, 8 } },
    { "Khitan_Small_Script|Kits", { R_SC_Khitan_Small_Script, 3 } },
    { "Khmer|Khmr", { R_SC_Khmer, 4 } },
    { "Khojki|Khoj", { R_SC_Khojki, 2 } },
    { "Khudawadi|Sind", { R_SC_Khudawadi, 2 } },
    { "Kirat_Rai|Krai", { R_SC_Kirat_Rai, 1 } },
    { "Lao|Laoo", { R_SC_Lao, 11 } },
    { "Latin|Latn", { R_SC_Latin, 40 } },
    { "Lepcha|Lepc", { R_SC_Lepcha, 3 } },
    { "Limbu|Limb", { R_SC_Limbu, 5 } },
    { "Linear_A|Lina", { R_SC_Linear_A, 3 } },
    { "Linear_B|Linb", { R_SC_Linear_B, 7 } },
    { "Lisu", { R_SC_Lisu, 2 } },
    { "Lycian|Lyci", { R_SC_Lycian, 1 } },
    { "Lydian|Lydi", { R_SC_Lydian, 2 } },
    { "Mahajani|Mahj", { R_SC_Mahajani, 1 } },
    { "Makasar|Maka", { R_SC_Makasar, 1 } },
    { "Malayalam|Mlym", { R_SC_Malayalam, 7 } },
    { "Mandaic|Mand", { R_SC_Mandaic, 2 } },
    { "Manichaean|Mani", { R_SC_Manichaean, 2 } },
    { "Marchen|Marc", { R_SC_Marchen, 3 } },
    { "Masaram_Gondi|Gonm", { R_SC_Masaram_Gondi, 7 } },
    { "Medefaidrin|Medf", { R_SC_Medefaidrin, 1 } },
    { "Meetei_Mayek|Mtei", { R_SC_Meetei_Mayek, 3 } },
    { "Mende_Kikakui|Mend", { R_SC_Mende_Kikakui, 2 } },
    { "Meroitic_Cursive|Merc", { R_SC_Meroitic_Cursive, 3 } },
    { "Meroitic_Hieroglyphs|Mero", { R_SC_Meroitic_Hieroglyphs, 1 } },
    { "Miao|Plrd", { R_SC_Miao, 3 } },
    { "Modi", { R_SC_Modi, 2 } },
    { "Mongolian|Mong", { R_SC_Mongolian, 6 } },
    { "Mro|Mroo", { R_SC_Mro, 3 } },
    { "Multani|Mult", { R_SC_Multani, 5 } },
    { "Myanmar|Mymr", { R_SC_Myanmar, 4 } },
    { "Nabataean|Nbat", { R_SC_Nabataean, 2 } },
    { "Nag_Mundari|Nagm", { R_SC_Nag_Mundari, 1 } },
    { "Nandinagari|Nand", { R_SC_Nandinagari, 3 } },
    { "New_Tai_Lue|Talu", { R_SC_New_Tai_Lue, 4 } },
    { "Newa", { R_SC_Newa, 2 } },
    { "Nko|Nkoo", { R_SC_Nko, 2 } },
    { "Nushu|Nshu", { R_SC_Nushu, 2 } },
    { "Nyiakeng_Puachue_Hmong|Hmnp", { R_SC_Nyiakeng_Puachue_Hmong, 4 } },
    { "Ogham|Ogam", { R_SC_Ogham, 1 } },
    { "Ol_Chiki|Olck", { R_SC_Ol_Chiki, 1 } },
    { "Ol_Onal|Onao", { R_SC_Ol_Onal, 2 } },
    { "Old_Hungarian|Hung", { R_SC_Old_Hungarian, 3 } },
    { "Old_Italic|Ital", { R_SC_Old_Italic, 2 } },
    { "Old_North_Arabian|Narb", { R_SC_Old_North_Arabian, 1 } },
    { "Old_Permic|Perm", { R_SC_Old_Permic, 1 } },
    { "Old_Persian|Xpeo", { R_SC_Old_Persian, 2 } },
    { "Old_Sogdian|Sogo", { R_SC_Old_Sogdian, 1 } },
    { "Old_South_Arabian|Sarb", { R_SC_Old_South_Arabian, 1 } },
    { "Old_Turkic|Orkh", { R_SC_Old_Turkic, 1 } },
    { "Old_Uyghur|Ougr", { R_SC_Old_Uyghur, 1 } },
    { "Oriya|Orya", { R_SC_Oriya, 14 } },
    { "Osage|Osge", { R_SC_Osage, 2 } },
    { "Osmanya|Osma", { R_SC_Osmanya, 2 } },
    { "Pahawh_Hmong|Hmng", { R_SC_Pahawh_Hmong, 5 } },
    { "Palmyrene|Palm", { R_SC_Palmyrene, 1 } },
    { "Pau_Cin_Hau|Pauc", { R_SC_Pau_Cin_Hau, 1 } },
    { "Phags_Pa|Phag", { R_SC_Phags_Pa, 1 } },
    { "Phoenician|Phnx", { R_SC_Phoenician, 2 } },
    { "Proto_Cuneiform|Pcun", { R_SC_Proto_Cuneiform, 1 } },
    { "Psalter_Pahlavi|Phlp", { R_SC_Psalter_Pahlavi, 3 } },
    { "Rejang|Rjng", { R_SC_Rejang, 2 } },
    { "Runic|Runr", { R_SC_Runic, 2 } },
    { "Samaritan|Samr", { R_SC_Samaritan, 2 } },
    { "Saurashtra|Saur", { R_SC_Saurashtra, 2 } },
    { "Seal", { R_SC_Seal, 1 } },
    { "Sharada|Shrd", { R_SC_Sharada, 2 } },
    { "Shavian|Shaw", { R_SC_Shavian, 1 } },
    { "Siddham|Sidd", { R_SC_Siddham, 2 } },
    { "Sidetic|Sidt", { R_SC_Sidetic, 1 } },
    { "SignWriting|Sgnw", { R_SC_SignWriting, 3 } },
    { "Sinhala|Sinh", { R_SC_Sinhala, 13 } },
    { "Sogdian|Sogd", { R_SC_Sogdian, 1 } },
    { "Sora_Sompeng|Sora", { R_SC_Sora_Sompeng, 2 } },
    { "Soyombo|Soyo", { R_SC_Soyombo, 1 } },
    { "Sundanese|Sund", { R_SC_Sundanese, 2 } },
    { "Sunuwar|Sunu", { R_SC_Sunuwar, 2 } },
    { "Syloti_Nagri|Sylo", { R_SC_Syloti_Nagri, 1 } },
    { "Syriac|Syrc", { R_SC_Syriac, 4 } },
    { "Tagalog|Tglg", { R_SC_Tagalog, 2 } },
    { "Tagbanwa|Tagb", { R_SC_Tagbanwa, 3 } },
    { "Tai_Le|Tale", { R_SC_Tai_Le, 2 } },
    { "Tai_Tham|Lana", { R_SC_Tai_Tham, 5 } },
    { "Tai_Viet|Tavt", { R_SC_Tai_Viet, 2 } },
    { "Tai_Yo|Tayo", { R_SC_Tai_Yo, 3 } },
    { "Takri|Takr", { R_SC_Takri, 2 } },
    { "Tamil|Taml", { R_SC_Tamil, 18 } },
    { "Tangsa|Tnsa", { R_SC_Tangsa, 2 } },
    { "Tangut|Tang", { R_SC_Tangut, 4 } },
    { "Telugu|Telu", { R_SC_Telugu, 13 } },
    { "Thaana|Thaa", { R_SC_Thaana, 1 } },
    { "Thai", { R_SC_Thai, 2 } },
    { "Tibetan|Tibt", { R_SC_Tibetan, 7 } },
    { "Tifinagh|Tfng", { R_SC_Tifinagh, 3 } },
    { "Tirhuta|Tirh", { R_SC_Tirhuta, 2 } },
    { "Todhri|Todr", { R_SC_Todhri, 1 } },
    { "Tolong_Siki|Tols", { R_SC_Tolong_Siki, 2 } },
    { "Toto", { R_SC_Toto, 1 } },
    { "Tulu_Tigalari|Tutg", { R_SC_Tulu_Tigalari, 11 } },
    { "Ugaritic|Ugar", { R_SC_Ugaritic, 2 } },
    { "Vai|Vaii", { R_SC_Vai, 1 } },
    { "Vithkuqi|Vith", { R_SC_Vithkuqi, 8 } },
    { "Wancho|Wcho", { R_SC_Wancho, 2 } },
    { "Warang_Citi|Wara", { R_SC_Warang_Citi, 2 } },
    { "Yezidi|Yezi", { R_SC_Yezidi, 3 } },
    { "Yi|Yiii", { R_SC_Yi, 2 } },
    { "Zanabazar_Square|Zanb", { R_SC_Zanabazar_Square, 1 } },
    { 0, { 0, 0 } }
};

static const uint32_t R_SCX_Adlam[] = {
    0x61F, 0x61F, 0x640, 0x640, 0x204F, 0x204F, 0x2E41, 0x2E41, 0x1E900, 0x1E94B, 0x1E950, 0x1E959,
    0x1E95E, 0x1E95F,
};
static const uint32_t R_SCX_Ahom[] = {
    0x11700, 0x1171A, 0x1171D, 0x1172B, 0x11730, 0x11746,
};
static const uint32_t R_SCX_Anatolian_Hieroglyphs[] = {
    0x14400, 0x14646,
};
static const uint32_t R_SCX_Arabic[] = {
    0x600, 0x604, 0x606, 0x6DC, 0x6DE, 0x6FF, 0x750, 0x77F, 0x870, 0x891, 0x897, 0x8E1,
    0x8E3, 0x8FF, 0x204F, 0x204F, 0x2E41, 0x2E41, 0xFB50, 0xFDCF, 0xFDF0, 0xFDFF, 0xFE70, 0xFE74,
    0xFE76, 0xFEFC, 0x102E0, 0x102FB, 0x10E60, 0x10E7E, 0x10EC2, 0x10EC7, 0x10EC9, 0x10EEE, 0x10EF0, 0x10EFF,
    0x1EE00, 0x1EE03, 0x1EE05, 0x1EE1F, 0x1EE21, 0x1EE22, 0x1EE24, 0x1EE24, 0x1EE27, 0x1EE27, 0x1EE29, 0x1EE32,
    0x1EE34, 0x1EE37, 0x1EE39, 0x1EE39, 0x1EE3B, 0x1EE3B, 0x1EE42, 0x1EE42, 0x1EE47, 0x1EE47, 0x1EE49, 0x1EE49,
    0x1EE4B, 0x1EE4B, 0x1EE4D, 0x1EE4F, 0x1EE51, 0x1EE52, 0x1EE54, 0x1EE54, 0x1EE57, 0x1EE57, 0x1EE59, 0x1EE59,
    0x1EE5B, 0x1EE5B, 0x1EE5D, 0x1EE5D, 0x1EE5F, 0x1EE5F, 0x1EE61, 0x1EE62, 0x1EE64, 0x1EE64, 0x1EE67, 0x1EE6A,
    0x1EE6C, 0x1EE72, 0x1EE74, 0x1EE77, 0x1EE79, 0x1EE7C, 0x1EE7E, 0x1EE7E, 0x1EE80, 0x1EE89, 0x1EE8B, 0x1EE9B,
    0x1EEA1, 0x1EEA3, 0x1EEA5, 0x1EEA9, 0x1EEAB, 0x1EEBB, 0x1EEF0, 0x1EEF1,
};
static const uint32_t R_SCX_Armenian[] = {
    0x308, 0x308, 0x531, 0x556, 0x558, 0x58F, 0xFB13, 0xFB17,
};
static const uint32_t R_SCX_Avestan[] = {
    0xB7, 0xB7, 0x2E30, 0x2E31, 0x10B00, 0x10B35, 0x10B39, 0x10B3F,
};
static const uint32_t R_SCX_Balinese[] = {
    0x1B00, 0x1B4C, 0x1B4E, 0x1B7F,
};
static const uint32_t R_SCX_Bamum[] = {
    0xA6A0, 0xA6F7, 0x16800, 0x16A38,
};
static const uint32_t R_SCX_Bassa_Vah[] = {
    0x16AD0, 0x16AED, 0x16AF0, 0x16AF5,
};
static const uint32_t R_SCX_Batak[] = {
    0x1BC0, 0x1BF3, 0x1BFC, 0x1BFF,
};
static const uint32_t R_SCX_Bengali[] = {
    0x2BC, 0x2BC, 0x951, 0x952, 0x964, 0x965, 0x980, 0x983, 0x985, 0x98C, 0x98F, 0x990,
    0x993, 0x9A8, 0x9AA, 0x9B0, 0x9B2, 0x9B2, 0x9B6, 0x9B9, 0x9BC, 0x9C4, 0x9C7, 0x9C8,
    0x9CB, 0x9CE, 0x9D7, 0x9D7, 0x9DC, 0x9DD, 0x9DF, 0x9E3, 0x9E6, 0x9FE, 0x1CD0, 0x1CD0,
    0x1CD2, 0x1CD2, 0x1CD5, 0x1CD6, 0x1CD8, 0x1CD8, 0x1CE1, 0x1CE1, 0x1CEA, 0x1CEA, 0x1CED, 0x1CED,
    0x1CF2, 0x1CF2, 0x1CF5, 0x1CF7, 0xA8F1, 0xA8F1, 0x11DF0, 0x11DF1,
};
static const uint32_t R_SCX_Beria_Erfe[] = {
    0x16EA0, 0x16EB8, 0x16EBB, 0x16ED3,
};
static const uint32_t R_SCX_Bhaiksuki[] = {
    0x11C00, 0x11C08, 0x11C0A, 0x11C36, 0x11C38, 0x11C45, 0x11C50, 0x11C6C,
};
static const uint32_t R_SCX_Bopomofo[] = {
    0x2C7, 0x2C7, 0x2C9, 0x2CB, 0x2D9, 0x2D9, 0x2EA, 0x2EB, 0x3001, 0x3003, 0x3008, 0x3011,
    0x3013, 0x301F, 0x302A, 0x302D, 0x3030, 0x3030, 0x3037, 0x3037, 0x30FB, 0x30FB, 0x3105, 0x312F,
    0x31A0, 0x31BF, 0xFE45, 0xFE46, 0xFF61, 0xFF65,
};
static const uint32_t R_SCX_Brahmi[] = {
    0x11000, 0x1104D, 0x11052, 0x11075, 0x1107F, 0x1107F,
};
static const uint32_t R_SCX_Braille[] = {
    0x2800, 0x28FF,
};
static const uint32_t R_SCX_Buginese[] = {
    0x1A00, 0x1A1B, 0x1A1E, 0x1A1F, 0xA9CF, 0xA9CF,
};
static const uint32_t R_SCX_Buhid[] = {
    0x1735, 0x1736, 0x1740, 0x1753,
};
static const uint32_t R_SCX_Canadian_Aboriginal[] = {
    0x1400, 0x167F, 0x18B0, 0x18F5, 0x11AB0, 0x11ABF,
};
static const uint32_t R_SCX_Carian[] = {
    0xB7, 0xB7, 0x205A, 0x205A, 0x205D, 0x205D, 0x2E31, 0x2E31, 0x102A0, 0x102D0,
};
static const uint32_t R_SCX_Caucasian_Albanian[] = {
    0x304, 0x304, 0x331, 0x331, 0x35E, 0x35E, 0x10530, 0x10563, 0x1056F, 0x1056F,
};
static const uint32_t R_SCX_Chakma[] = {
    0x9E6, 0x9EF, 0x1040, 0x1049, 0x11100, 0x11134, 0x11136, 0x11147,
};
static const uint32_t R_SCX_Cham[] = {
    0xAA00, 0xAA36, 0xAA40, 0xAA4D, 0xAA50, 0xAA59, 0xAA5C, 0xAA5F,
};
static const uint32_t R_SCX_Cherokee[] = {
    0x300, 0x302, 0x304, 0x304, 0x30B, 0x30C, 0x323, 0x324, 0x330, 0x331, 0x13A0, 0x13F5,
    0x13F8, 0x13FD, 0xAB70, 0xABBF,
};
static const uint32_t R_SCX_Chorasmian[] = {
    0x10FB0, 0x10FCB,
};
static const uint32_t R_SCX_Common[] = {
    0x0, 0x40, 0x5B, 0x60, 0x7B, 0xA9, 0xAB, 0xB6, 0xB8, 0xB9, 0xBB, 0xBF,
    0xD7, 0xD7, 0xF7, 0xF7, 0x2B9, 0x2BB, 0x2BD, 0x2C6, 0x2C8, 0x2C8, 0x2CC, 0x2CC,
    0x2CE, 0x2D6, 0x2D8, 0x2D8, 0x2DA, 0x2DF, 0x2E5, 0x2E9, 0x2EC, 0x2FF, 0x37E, 0x37E,
    0x385, 0x385, 0x387, 0x387, 0x605, 0x605, 0x6DD, 0x6DD, 0x8E2, 0x8E2, 0xE3F, 0xE3F,
    0xFD5, 0xFD8, 0x2000, 0x200B, 0x200E, 0x202E, 0x2030, 0x204E, 0x2050, 0x2059, 0x205B, 0x205C,
    0x205E, 0x2064, 0x2066, 0x2070, 0x2074, 0x207E, 0x2080, 0x208F, 0x20A0, 0x20C4, 0x2100, 0x2125,
    0x2127, 0x2129, 0x212C, 0x2131, 0x2133, 0x214D, 0x214F, 0x215F, 0x2189, 0x218B, 0x2190, 0x2429,
    0x2440, 0x244A, 0x2460, 0x27FF, 0x2900, 0x2B73, 0x2B76, 0x2BFF, 0x2E00, 0x2E16, 0x2E18, 0x2E2F,
    0x2E32, 0x2E3B, 0x2E3D, 0x2E40, 0x2E42, 0x2E42, 0x2E44, 0x2E5D, 0x2E60, 0x2E63, 0x3000, 0x3000,
    0x3004, 0x3004, 0x3012, 0x3012, 0x3020, 0x3020, 0x3036, 0x3036, 0x3248, 0x325F, 0x327F, 0x327F,
    0x32B1, 0x32BF, 0x32CC, 0x32CF, 0x3371, 0x337A, 0x3380, 0x33DF, 0x33FF, 0x33FF, 0x4DC0, 0x4DFF,
    0xA708, 0xA721, 0xA788, 0xA78A, 0xAB5B, 0xAB5B, 0xAB6A, 0xAB6B, 0xFE10, 0xFE19, 0xFE30, 0xFE44,
    0xFE47, 0xFE52, 0xFE54, 0xFE66, 0xFE68, 0xFE6B, 0xFEFF, 0xFEFF, 0xFF01, 0xFF20, 0xFF3B, 0xFF40,
    0xFF5B, 0xFF60, 0xFFE0, 0xFFE6, 0xFFE8, 0xFFEE, 0xFFF9, 0xFFFD, 0x10190, 0x1019C, 0x101D0, 0x101FC,
    0x1CC00, 0x1CCFC, 0x1CD00, 0x1CEB3, 0x1CEBA, 0x1CED0, 0x1CED2, 0x1CED4, 0x1CEDD, 0x1CEFD, 0x1CF50, 0x1CFC3,
    0x1D000, 0x1D0F5, 0x1D100, 0x1D126, 0x1D129, 0x1D166, 0x1D16A, 0x1D17A, 0x1D183, 0x1D184, 0x1D18C, 0x1D1A9,
    0x1D1AE, 0x1D1FF, 0x1D250, 0x1D25A, 0x1D25D, 0x1D281, 0x1D2C0, 0x1D2D3, 0x1D2E0, 0x1D2F3, 0x1D300, 0x1D356,
    0x1D372, 0x1D378, 0x1D400, 0x1D454, 0x1D456, 0x1D49C, 0x1D49E, 0x1D49F, 0x1D4A2, 0x1D4A2, 0x1D4A5, 0x1D4A6,
    0x1D4A9, 0x1D4AC, 0x1D4AE, 0x1D4B9, 0x1D4BB, 0x1D4BB, 0x1D4BD, 0x1D4C3, 0x1D4C5, 0x1D505, 0x1D507, 0x1D50A,
    0x1D50D, 0x1D514, 0x1D516, 0x1D51C, 0x1D51E, 0x1D539, 0x1D53B, 0x1D53E, 0x1D540, 0x1D544, 0x1D546, 0x1D546,
    0x1D54A, 0x1D550, 0x1D552, 0x1D6A6, 0x1D6A8, 0x1D7CB, 0x1D7CE, 0x1D7FF, 0x1DB00, 0x1DB1C, 0x1EC71, 0x1ECB4,
    0x1ED01, 0x1ED3D, 0x1F000, 0x1F02B, 0x1F030, 0x1F093, 0x1F0A0, 0x1F0AE, 0x1F0B1, 0x1F0BF, 0x1F0C1, 0x1F0CF,
    0x1F0D1, 0x1F0F5, 0x1F100, 0x1F1AE, 0x1F1E6, 0x1F1FF, 0x1F201, 0x1F202, 0x1F210, 0x1F23B, 0x1F240, 0x1F248,
    0x1F260, 0x1F265, 0x1F300, 0x1F6D9, 0x1F6DC, 0x1F6EC, 0x1F6F0, 0x1F6FC, 0x1F700, 0x1F7DB, 0x1F7E0, 0x1F7EB,
    0x1F7F0, 0x1F80B, 0x1F810, 0x1F847, 0x1F850, 0x1F859, 0x1F860, 0x1F887, 0x1F890, 0x1F8AD, 0x1F8B0, 0x1F8BB,
    0x1F8C0, 0x1F8C1, 0x1F8D0, 0x1F8D8, 0x1F900, 0x1FA57, 0x1FA60, 0x1FA6D, 0x1FA70, 0x1FA7C, 0x1FA80, 0x1FAC6,
    0x1FAC8, 0x1FAC8, 0x1FACC, 0x1FADD, 0x1FADF, 0x1FAEB, 0x1FAEF, 0x1FAFA, 0x1FB00, 0x1FB92, 0x1FB94, 0x1FBFA,
    0xE0001, 0xE0001, 0xE0020, 0xE007F,
};
static const uint32_t R_SCX_Coptic[] = {
    0xB7, 0xB7, 0x300, 0x300, 0x304, 0x305, 0x307, 0x307, 0x374, 0x375, 0x3E2, 0x3EF,
    0x2C80, 0x2CF3, 0x2CF9, 0x2CFF, 0x2E17, 0x2E17, 0x102E0, 0x102FB,
};
static const uint32_t R_SCX_Cuneiform[] = {
    0x12000, 0x12399, 0x12400, 0x12543, 0x12550, 0x125A7, 0x1264C, 0x12686,
};
static const uint32_t R_SCX_Cypriot[] = {
    0x10100, 0x10102, 0x10107, 0x10133, 0x10137, 0x1013F, 0x10800, 0x10805, 0x10808, 0x10808, 0x1080A, 0x10835,
    0x10837, 0x10838, 0x1083C, 0x1083C, 0x1083F, 0x1083F,
};
static const uint32_t R_SCX_Cypro_Minoan[] = {
    0x10100, 0x10101, 0x12F90, 0x12FF2,
};
static const uint32_t R_SCX_Cyrillic[] = {
    0x2BC, 0x2BC, 0x300, 0x302, 0x304, 0x304, 0x306, 0x306, 0x308, 0x308, 0x30B, 0x30B,
    0x311, 0x311, 0x400, 0x52F, 0x1C80, 0x1C8A, 0x1D2B, 0x1D2B, 0x1D78, 0x1D78, 0x1DF8, 0x1DF8,
    0x2DE0, 0x2DFF, 0x2E43, 0x2E43, 0xA640, 0xA69F, 0xFE2E, 0xFE2F, 0x1E030, 0x1E06D, 0x1E08F, 0x1E08F,
};
static const uint32_t R_SCX_Deseret[] = {
    0x10400, 0x1044F,
};
static const uint32_t R_SCX_Devanagari[] = {
    0x2BC, 0x2BC, 0x900, 0x952, 0x955, 0x97F, 0x1CD0, 0x1CF4, 0x1CF8, 0x1CF9, 0x20F0, 0x20F0,
    0xA830, 0xA839, 0xA8E0, 0xA8FF, 0x11B00, 0x11B0A,
};
static const uint32_t R_SCX_Dives_Akuru[] = {
    0x11900, 0x11906, 0x11909, 0x11909, 0x1190C, 0x11913, 0x11915, 0x11916, 0x11918, 0x11935, 0x11937, 0x11938,
    0x1193B, 0x11946, 0x11950, 0x11959,
};
static const uint32_t R_SCX_Dogra[] = {
    0x964, 0x96F, 0xA830, 0xA839, 0x11800, 0x1183B,
};
static const uint32_t R_SCX_Duployan[] = {
    0xB7, 0xB7, 0x307, 0x308, 0x30A, 0x30A, 0x323, 0x324, 0x2E3C, 0x2E3C, 0x1BC00, 0x1BC6A,
    0x1BC70, 0x1BC7C, 0x1BC80, 0x1BC88, 0x1BC90, 0x1BC99, 0x1BC9C, 0x1BCA3,
};
static const uint32_t R_SCX_Egyptian_Hieroglyphs[] = {
    0x13000, 0x13455, 0x13460, 0x143FA,
};
static const uint32_t R_SCX_Elbasan[] = {
    0xB7, 0xB7, 0x305, 0x305, 0x10500, 0x10527,
};
static const uint32_t R_SCX_Elymaic[] = {
    0x10FE0, 0x10FF6,
};
static const uint32_t R_SCX_Ethiopic[] = {
    0x30E, 0x30E, 0x1200, 0x1248, 0x124A, 0x124D, 0x1250, 0x1256, 0x1258, 0x1258, 0x125A, 0x125D,
    0x1260, 0x1288, 0x128A, 0x128D, 0x1290, 0x12B0, 0x12B2, 0x12B5, 0x12B8, 0x12BE, 0x12C0, 0x12C0,
    0x12C2, 0x12C5, 0x12C8, 0x12D6, 0x12D8, 0x1310, 0x1312, 0x1315, 0x1318, 0x135A, 0x135D, 0x137C,
    0x1380, 0x1399, 0x2D80, 0x2D96, 0x2DA0, 0x2DA6, 0x2DA8, 0x2DAE, 0x2DB0, 0x2DB6, 0x2DB8, 0x2DBE,
    0x2DC0, 0x2DC6, 0x2DC8, 0x2DCE, 0x2DD0, 0x2DD6, 0x2DD8, 0x2DDE, 0xAB01, 0xAB06, 0xAB09, 0xAB0E,
    0xAB11, 0xAB16, 0xAB20, 0xAB26, 0xAB28, 0xAB2E, 0x1E7E0, 0x1E7E6, 0x1E7E8, 0x1E7EB, 0x1E7ED, 0x1E7EE,
    0x1E7F0, 0x1E7FE,
};
static const uint32_t R_SCX_Garay[] = {
    0x60C, 0x60C, 0x61B, 0x61B, 0x61F, 0x61F, 0x10D40, 0x10D65, 0x10D69, 0x10D85, 0x10D8E, 0x10D8F,
};
static const uint32_t R_SCX_Georgian[] = {
    0xB7, 0xB7, 0x589, 0x589, 0x10A0, 0x10C5, 0x10C7, 0x10C7, 0x10CD, 0x10CD, 0x10D0, 0x10FF,
    0x1C90, 0x1CBA, 0x1CBD, 0x1CBF, 0x205A, 0x205A, 0x2D00, 0x2D25, 0x2D27, 0x2D27, 0x2D2D, 0x2D2D,
    0x2E31, 0x2E31,
};
static const uint32_t R_SCX_Glagolitic[] = {
    0xB7, 0xB7, 0x303, 0x303, 0x305, 0x305, 0x484, 0x484, 0x487, 0x487, 0x589, 0x589,
    0x10FB, 0x10FB, 0x205A, 0x205A, 0x2C00, 0x2C5F, 0x2E43, 0x2E43, 0xA66F, 0xA66F, 0x1E000, 0x1E006,
    0x1E008, 0x1E018, 0x1E01B, 0x1E021, 0x1E023, 0x1E024, 0x1E026, 0x1E02A,
};
static const uint32_t R_SCX_Gothic[] = {
    0xB7, 0xB7, 0x304, 0x305, 0x308, 0x308, 0x331, 0x331, 0x10330, 0x1034A,
};
static const uint32_t R_SCX_Grantha[] = {
    0x951, 0x952, 0x964, 0x965, 0xBE6, 0xBF3, 0x1CD0, 0x1CD0, 0x1CD2, 0x1CD3, 0x1CF2, 0x1CF4,
    0x1CF8, 0x1CF9, 0x20F0, 0x20F0, 0x11300, 0x11303, 0x11305, 0x1130C, 0x1130F, 0x11310, 0x11313, 0x11328,
    0x1132A, 0x11330, 0x11332, 0x11333, 0x11335, 0x11339, 0x1133B, 0x11344, 0x11347, 0x11348, 0x1134B, 0x1134D,
    0x11350, 0x11350, 0x11357, 0x11357, 0x1135D, 0x11363, 0x11366, 0x1136C, 0x11370, 0x11374, 0x11FD0, 0x11FD1,
    0x11FD3, 0x11FD3,
};
static const uint32_t R_SCX_Greek[] = {
    0xB7, 0xB7, 0x300, 0x301, 0x304, 0x304, 0x306, 0x306, 0x308, 0x308, 0x313, 0x313,
    0x342, 0x342, 0x345, 0x345, 0x370, 0x377, 0x37A, 0x37D, 0x37F, 0x37F, 0x384, 0x384,
    0x386, 0x386, 0x388, 0x38A, 0x38C, 0x38C, 0x38E, 0x3A1, 0x3A3, 0x3E1, 0x3F0, 0x3FF,
    0x1D26, 0x1D2A, 0x1D5D, 0x1D61, 0x1D66, 0x1D6A, 0x1DBF, 0x1DC1, 0x1F00, 0x1F15, 0x1F18, 0x1F1D,
    0x1F20, 0x1F45, 0x1F48, 0x1F4D, 0x1F50, 0x1F57, 0x1F59, 0x1F59, 0x1F5B, 0x1F5B, 0x1F5D, 0x1F5D,
    0x1F5F, 0x1F7D, 0x1F80, 0x1FB4, 0x1FB6, 0x1FC4, 0x1FC6, 0x1FD3, 0x1FD6, 0x1FDB, 0x1FDD, 0x1FEF,
    0x1FF2, 0x1FF4, 0x1FF6, 0x1FFE, 0x205D, 0x205D, 0x2126, 0x2126, 0xAB65, 0xAB65, 0x10140, 0x1018E,
    0x101A0, 0x101A0, 0x1D200, 0x1D245, 0x1DFF3, 0x1DFF4,
};
static const uint32_t R_SCX_Gujarati[] = {
    0x951, 0x952, 0x964, 0x965, 0xA81, 0xA83, 0xA85, 0xA8D, 0xA8F, 0xA91, 0xA93, 0xAA8,
    0xAAA, 0xAB0, 0xAB2, 0xAB3, 0xAB5, 0xAB9, 0xABC, 0xAC5, 0xAC7, 0xAC9, 0xACB, 0xACD,
    0xAD0, 0xAD0, 0xAE0, 0xAE3, 0xAE6, 0xAF1, 0xAF9, 0xAFF, 0xA830, 0xA839,
};
static const uint32_t R_SCX_Gunjala_Gondi[] = {
    0xB7, 0xB7, 0x964, 0x965, 0x11D60, 0x11D65, 0x11D67, 0x11D68, 0x11D6A, 0x11D8E, 0x11D90, 0x11D91,
    0x11D93, 0x11D98, 0x11DA0, 0x11DA9,
};
static const uint32_t R_SCX_Gurmukhi[] = {
    0x951, 0x952, 0x964, 0x965, 0xA01, 0xA03, 0xA05, 0xA0A, 0xA0F, 0xA10, 0xA13, 0xA28,
    0xA2A, 0xA30, 0xA32, 0xA33, 0xA35, 0xA36, 0xA38, 0xA39, 0xA3C, 0xA3C, 0xA3E, 0xA42,
    0xA47, 0xA48, 0xA4B, 0xA4D, 0xA51, 0xA51, 0xA59, 0xA5C, 0xA5E, 0xA5E, 0xA66, 0xA76,
    0xA830, 0xA839,
};
static const uint32_t R_SCX_Gurung_Khema[] = {
    0x965, 0x965, 0x16100, 0x16139,
};
static const uint32_t R_SCX_Han[] = {
    0xB7, 0xB7, 0x2E80, 0x2E99, 0x2E9B, 0x2EF3, 0x2F00, 0x2FD5, 0x2FF0, 0x2FFF, 0x3001, 0x3003,
    0x3005, 0x3011, 0x3013, 0x301F, 0x3021, 0x302D, 0x3030, 0x3030, 0x3037, 0x303F, 0x30FB, 0x30FB,
    0x3190, 0x319F, 0x31C0, 0x31E5, 0x31EF, 0x31EF, 0x3220, 0x3247, 0x3280, 0x32B0, 0x32C0, 0x32CB,
    0x32FF, 0x32FF, 0x3358, 0x3370, 0x337B, 0x337F, 0x33E0, 0x33FE, 0x3400, 0x4DBF, 0x4E00, 0x9FFF,
    0xA700, 0xA707, 0xF900, 0xFA6D, 0xFA70, 0xFAD9, 0xFE45, 0xFE46, 0xFF61, 0xFF65, 0x16FE2, 0x16FE3,
    0x16FF0, 0x16FF6, 0x1D360, 0x1D371, 0x1F250, 0x1F251, 0x20000, 0x2A6DF, 0x2A700, 0x2B81E, 0x2B820, 0x2CEAD,
    0x2CEB0, 0x2EBE0, 0x2EBF0, 0x2EE5D, 0x2F800, 0x2FA1D, 0x30000, 0x3134A, 0x31350, 0x33479,
};
static const uint32_t R_SCX_Hangul[] = {
    0x1100, 0x11FF, 0x3001, 0x3003, 0x3008, 0x3011, 0x3013, 0x301F, 0x302E, 0x3030, 0x3037, 0x3037,
    0x30FB, 0x30FB, 0x3131, 0x318E, 0x3200, 0x321E, 0x3260, 0x327E, 0xA960, 0xA97C, 0xAC00, 0xD7A3,
    0xD7B0, 0xD7C6, 0xD7CB, 0xD7FB, 0xFE45, 0xFE46, 0xFF61, 0xFF65, 0xFFA0, 0xFFBE, 0xFFC2, 0xFFC7,
    0xFFCA, 0xFFCF, 0xFFD2, 0xFFD7, 0xFFDA, 0xFFDC,
};
static const uint32_t R_SCX_Hanifi_Rohingya[] = {
    0x60C, 0x60C, 0x61B, 0x61B, 0x61F, 0x61F, 0x640, 0x640, 0x6D4, 0x6D4, 0x10D00, 0x10D27,
    0x10D30, 0x10D39,
};
static const uint32_t R_SCX_Hanunoo[] = {
    0x1720, 0x1736,
};
static const uint32_t R_SCX_Hatran[] = {
    0x108E0, 0x108F2, 0x108F4, 0x108F5, 0x108FB, 0x108FF,
};
static const uint32_t R_SCX_Hebrew[] = {
    0x307, 0x308, 0x591, 0x5C9, 0x5D0, 0x5EA, 0x5EF, 0x5F4, 0xFB1D, 0xFB36, 0xFB38, 0xFB3C,
    0xFB3E, 0xFB3E, 0xFB40, 0xFB41, 0xFB43, 0xFB44, 0xFB46, 0xFB4F,
};
static const uint32_t R_SCX_Hiragana[] = {
    0x3001, 0x3003, 0x3008, 0x3011, 0x3013, 0x301F, 0x3030, 0x3035, 0x3037, 0x3037, 0x303C, 0x303D,
    0x3041, 0x3096, 0x3099, 0x30A0, 0x30FB, 0x30FC, 0xFE45, 0xFE46, 0xFF61, 0xFF65, 0xFF70, 0xFF70,
    0xFF9E, 0xFF9F, 0x1B001, 0x1B11F, 0x1B123, 0x1B123, 0x1B132, 0x1B132, 0x1B150, 0x1B152, 0x1F200, 0x1F200,
};
static const uint32_t R_SCX_Imperial_Aramaic[] = {
    0x10840, 0x10855, 0x10857, 0x1085F,
};
static const uint32_t R_SCX_Inherited[] = {
    0x30F, 0x30F, 0x312, 0x312, 0x314, 0x322, 0x326, 0x32C, 0x32F, 0x32F, 0x332, 0x341,
    0x343, 0x344, 0x346, 0x357, 0x359, 0x35D, 0x35F, 0x362, 0x953, 0x954, 0x1AB0, 0x1AF0,
    0x1DC2, 0x1DF7, 0x1DF9, 0x1DF9, 0x1DFB, 0x1DFF, 0x200C, 0x200D, 0x20D0, 0x20EF, 0xFE00, 0xFE0F,
    0xFE20, 0xFE2D, 0x101FD, 0x101FD, 0x1CF00, 0x1CF2D, 0x1CF30, 0x1CF46, 0x1D127, 0x1D128, 0x1D167, 0x1D169,
    0x1D17B, 0x1D182, 0x1D185, 0x1D18B, 0x1D1AA, 0x1D1AD, 0x1D25B, 0x1D25C, 0xE0100, 0xE01EF,
};
static const uint32_t R_SCX_Inscriptional_Pahlavi[] = {
    0x10B60, 0x10B72, 0x10B78, 0x10B7F,
};
static const uint32_t R_SCX_Inscriptional_Parthian[] = {
    0x10B40, 0x10B55, 0x10B58, 0x10B5F,
};
static const uint32_t R_SCX_Javanese[] = {
    0xA980, 0xA9CD, 0xA9CF, 0xA9D9, 0xA9DE, 0xA9DF,
};
static const uint32_t R_SCX_Jurchen[] = {
    0x18E00, 0x19191, 0x191A0, 0x191D2,
};
static const uint32_t R_SCX_Kaithi[] = {
    0x966, 0x96F, 0x2E31, 0x2E31, 0xA830, 0xA839, 0x11080, 0x110C2, 0x110CD, 0x110CD,
};
static const uint32_t R_SCX_Kannada[] = {
    0x951, 0x952, 0x964, 0x965, 0xB83, 0xB83, 0xC80, 0xC8C, 0xC8E, 0xC90, 0xC92, 0xCA8,
    0xCAA, 0xCB3, 0xCB5, 0xCB9, 0xCBC, 0xCC4, 0xCC6, 0xCC8, 0xCCA, 0xCCD, 0xCD5, 0xCD6,
    0xCDC, 0xCDE, 0xCE0, 0xCE3, 0xCE6, 0xCEF, 0xCF1, 0xCF3, 0x1CD0, 0x1CD0, 0x1CD2, 0x1CD3,
    0x1CDA, 0x1CDA, 0x1CF2, 0x1CF2, 0x1CF4, 0x1CF4, 0xA830, 0xA835,
};
static const uint32_t R_SCX_Katakana[] = {
    0x305, 0x305, 0x323, 0x323, 0x3001, 0x3003, 0x3008, 0x3011, 0x3013, 0x301F, 0x3030, 0x3035,
    0x3037, 0x3037, 0x303C, 0x303D, 0x3099, 0x309C, 0x30A0, 0x30FF, 0x31F0, 0x31FF, 0x32D0, 0x32FE,
    0x3300, 0x3357, 0xFE45, 0xFE46, 0xFF61, 0xFF9F, 0x1AFF0, 0x1AFF3, 0x1AFF5, 0x1AFFB, 0x1AFFD, 0x1AFFE,
    0x1B000, 0x1B000, 0x1B120, 0x1B122, 0x1B124, 0x1B128, 0x1B155, 0x1B155, 0x1B164, 0x1B168,
};
static const uint32_t R_SCX_Kawi[] = {
    0x11F00, 0x11F10, 0x11F12, 0x11F3A, 0x11F3E, 0x11F5A,
};
static const uint32_t R_SCX_Kayah_Li[] = {
    0xA900, 0xA92F,
};
static const uint32_t R_SCX_Kharoshthi[] = {
    0x10A00, 0x10A03, 0x10A05, 0x10A06, 0x10A0C, 0x10A13, 0x10A15, 0x10A17, 0x10A19, 0x10A35, 0x10A38, 0x10A3A,
    0x10A3F, 0x10A48, 0x10A50, 0x10A58,
};
static const uint32_t R_SCX_Khitan_Small_Script[] = {
    0x16FE4, 0x16FE4, 0x18B00, 0x18CDA, 0x18CFF, 0x18CFF,
};
static const uint32_t R_SCX_Khmer[] = {
    0x1780, 0x17DD, 0x17E0, 0x17E9, 0x17F0, 0x17F9, 0x19E0, 0x19FF,
};
static const uint32_t R_SCX_Khojki[] = {
    0xAE6, 0xAEF, 0xA830, 0xA839, 0x11200, 0x11211, 0x11213, 0x11241,
};
static const uint32_t R_SCX_Khudawadi[] = {
    0x964, 0x965, 0xA830, 0xA839, 0x112B0, 0x112EA, 0x112F0, 0x112F9,
};
static const uint32_t R_SCX_Kirat_Rai[] = {
    0x16D40, 0x16D79,
};
static const uint32_t R_SCX_Lao[] = {
    0xE81, 0xE82, 0xE84, 0xE84, 0xE86, 0xE8A, 0xE8C, 0xEA3, 0xEA5, 0xEA5, 0xEA7, 0xEBD,
    0xEC0, 0xEC4, 0xEC6, 0xEC6, 0xEC8, 0xECE, 0xED0, 0xED9, 0xEDC, 0xEDF,
};
static const uint32_t R_SCX_Latin[] = {
    0x41, 0x5A, 0x61, 0x7A, 0xAA, 0xAA, 0xB7, 0xB7, 0xBA, 0xBA, 0xC0, 0xD6,
    0xD8, 0xF6, 0xF8, 0x2B8, 0x2BC, 0x2BC, 0x2C7, 0x2C7, 0x2C9, 0x2CB, 0x2CD, 0x2CD,
    0x2D7, 0x2D7, 0x2D9, 0x2D9, 0x2E0, 0x2E4, 0x300, 0x30E, 0x310, 0x311, 0x313, 0x313,
    0x323, 0x325, 0x32D, 0x32E, 0x330, 0x331, 0x358, 0x358, 0x35E, 0x35E, 0x363, 0x36F,
    0x485, 0x486, 0x951, 0x952, 0x10FB, 0x10FB, 0x1D00, 0x1D25, 0x1D2C, 0x1D5C, 0x1D62, 0x1D65,
    0x1D6B, 0x1D77, 0x1D79, 0x1DBE, 0x1DF8, 0x1DF8, 0x1E00, 0x1EFF, 0x202F, 0x202F, 0x2071, 0x2071,
    0x207F, 0x207F, 0x2090, 0x209F, 0x20F0, 0x20F0, 0x212A, 0x212B, 0x2132, 0x2132, 0x214E, 0x214E,
    0x2160, 0x2188, 0x2C60, 0x2C7F, 0x2E17, 0x2E17, 0xA700, 0xA707, 0xA722, 0xA787, 0xA78B, 0xA7DD,
    0xA7E2, 0xA7E2, 0xA7F1, 0xA7FF, 0xA92E, 0xA92E, 0xAB30, 0xAB5A, 0xAB5C, 0xAB64, 0xAB66, 0xAB69,
    0xAB6C, 0xAB6D, 0xFB00, 0xFB06, 0xFF21, 0xFF3A, 0xFF41, 0xFF5A, 0x10780, 0x10785, 0x10787, 0x107B0,
    0x107B2, 0x107BF, 0x1DF00, 0x1DF81, 0x1DF90, 0x1DF96, 0x1DFCD, 0x1DFF2, 0x1DFF5, 0x1DFFF,
};
static const uint32_t R_SCX_Lepcha[] = {
    0x1C00, 0x1C37, 0x1C3B, 0x1C49, 0x1C4D, 0x1C4F,
};
static const uint32_t R_SCX_Limbu[] = {
    0x965, 0x965, 0x1900, 0x191E, 0x1920, 0x192B, 0x1930, 0x193B, 0x1940, 0x1940, 0x1944, 0x194F,
};
static const uint32_t R_SCX_Linear_A[] = {
    0x10107, 0x10133, 0x10600, 0x10736, 0x10740, 0x10755, 0x10760, 0x10767,
};
static const uint32_t R_SCX_Linear_B[] = {
    0x10000, 0x1000B, 0x1000D, 0x10026, 0x10028, 0x1003A, 0x1003C, 0x1003D, 0x1003F, 0x1004D, 0x10050, 0x1005D,
    0x10080, 0x100FA, 0x10100, 0x10102, 0x10107, 0x10133, 0x10137, 0x1013F,
};
static const uint32_t R_SCX_Lisu[] = {
    0x2BC, 0x2BC, 0x2CD, 0x2CD, 0x300A, 0x300B, 0xA4D0, 0xA4FF, 0x11FB0, 0x11FB0,
};
static const uint32_t R_SCX_Lycian[] = {
    0x205A, 0x205A, 0x10280, 0x1029C,
};
static const uint32_t R_SCX_Lydian[] = {
    0xB7, 0xB7, 0x2E31, 0x2E31, 0x10920, 0x10939, 0x1093F, 0x1093F,
};
static const uint32_t R_SCX_Mahajani[] = {
    0xB7, 0xB7, 0x964, 0x96F, 0xA830, 0xA839, 0x11150, 0x11176,
};
static const uint32_t R_SCX_Makasar[] = {
    0x11EE0, 0x11EF8,
};
static const uint32_t R_SCX_Malayalam[] = {
    0x951, 0x952, 0x964, 0x965, 0xB83, 0xB83, 0xD00, 0xD0C, 0xD0E, 0xD10, 0xD12, 0xD44,
    0xD46, 0xD48, 0xD4A, 0xD4F, 0xD54, 0xD63, 0xD66, 0xD7F, 0x1CDA, 0x1CDA, 0x1CF2, 0x1CF2,
    0xA830, 0xA832,
};
static const uint32_t R_SCX_Mandaic[] = {
    0x640, 0x640, 0x840, 0x85B, 0x85E, 0x85E,
};
static const uint32_t R_SCX_Manichaean[] = {
    0x640, 0x640, 0x10AC0, 0x10AE6, 0x10AEB, 0x10AF6,
};
static const uint32_t R_SCX_Marchen[] = {
    0x11C70, 0x11C8F, 0x11C92, 0x11CA7, 0x11CA9, 0x11CB6,
};
static const uint32_t R_SCX_Masaram_Gondi[] = {
    0x964, 0x965, 0x11D00, 0x11D06, 0x11D08, 0x11D09, 0x11D0B, 0x11D36, 0x11D3A, 0x11D3A, 0x11D3C, 0x11D3D,
    0x11D3F, 0x11D47, 0x11D50, 0x11D59,
};
static const uint32_t R_SCX_Medefaidrin[] = {
    0x16E40, 0x16E9A,
};
static const uint32_t R_SCX_Meetei_Mayek[] = {
    0xAAE0, 0xAAF6, 0xABC0, 0xABED, 0xABF0, 0xABF9,
};
static const uint32_t R_SCX_Mende_Kikakui[] = {
    0x1E800, 0x1E8C4, 0x1E8C7, 0x1E8D6,
};
static const uint32_t R_SCX_Meroitic_Cursive[] = {
    0x109A0, 0x109B7, 0x109BC, 0x109CF, 0x109D2, 0x109FF,
};
static const uint32_t R_SCX_Meroitic_Hieroglyphs[] = {
    0x205D, 0x205D, 0x10980, 0x1099F,
};
static const uint32_t R_SCX_Miao[] = {
    0x16F00, 0x16F4A, 0x16F4F, 0x16F87, 0x16F8F, 0x16F9F,
};
static const uint32_t R_SCX_Modi[] = {
    0xA830, 0xA839, 0x11600, 0x11644, 0x11650, 0x11659,
};
static const uint32_t R_SCX_Mongolian[] = {
    0x1800, 0x1819, 0x1820, 0x1878, 0x1880, 0x18AA, 0x202F, 0x202F, 0x3001, 0x3002, 0x3008, 0x300B,
    0x11660, 0x1166C,
};
static const uint32_t R_SCX_Mro[] = {
    0x16A40, 0x16A5E, 0x16A60, 0x16A69, 0x16A6E, 0x16A6F,
};
static const uint32_t R_SCX_Multani[] = {
    0xA66, 0xA6F, 0x11280, 0x11286, 0x11288, 0x11288, 0x1128A, 0x1128D, 0x1128F, 0x1129D, 0x1129F, 0x112A9,
};
static const uint32_t R_SCX_Myanmar[] = {
    0x1000, 0x109F, 0xA92E, 0xA92E, 0xA9E0, 0xA9FE, 0xAA60, 0xAA7F, 0x116D0, 0x116E3,
};
static const uint32_t R_SCX_Nabataean[] = {
    0x10880, 0x1089E, 0x108A7, 0x108AF,
};
static const uint32_t R_SCX_Nag_Mundari[] = {
    0x1E4D0, 0x1E4F9,
};
static const uint32_t R_SCX_Nandinagari[] = {
    0x951, 0x951, 0x964, 0x965, 0xCE6, 0xCEF, 0x1CE9, 0x1CE9, 0x1CF2, 0x1CF2, 0x1CFA, 0x1CFA,
    0xA830, 0xA835, 0x119A0, 0x119A7, 0x119AA, 0x119D7, 0x119DA, 0x119E4,
};
static const uint32_t R_SCX_New_Tai_Lue[] = {
    0x1980, 0x19AB, 0x19B0, 0x19C9, 0x19D0, 0x19DA, 0x19DE, 0x19DF,
};
static const uint32_t R_SCX_Newa[] = {
    0x951, 0x952, 0x1CD5, 0x1CD5, 0x1CD7, 0x1CD8, 0x1CE2, 0x1CE2, 0x1CE9, 0x1CE9, 0x1CEB, 0x1CEB,
    0x1CED, 0x1CED, 0x11400, 0x1145B, 0x1145D, 0x11461,
};
static const uint32_t R_SCX_Nko[] = {
    0x60C, 0x60C, 0x61B, 0x61B, 0x61F, 0x61F, 0x7C0, 0x7FA, 0x7FD, 0x7FF, 0xFD3E, 0xFD3F,
};
static const uint32_t R_SCX_Nushu[] = {
    0x16FE1, 0x16FE1, 0x1B170, 0x1B2FB,
};
static const uint32_t R_SCX_Nyiakeng_Puachue_Hmong[] = {
    0x1E100, 0x1E12C, 0x1E130, 0x1E13D, 0x1E140, 0x1E149, 0x1E14E, 0x1E14F,
};
static const uint32_t R_SCX_Ogham[] = {
    0x1680, 0x169C,
};
static const uint32_t R_SCX_Ol_Chiki[] = {
    0x1C50, 0x1C7F,
};
static const uint32_t R_SCX_Ol_Onal[] = {
    0x964, 0x965, 0x1E5D0, 0x1E5FA, 0x1E5FF, 0x1E5FF,
};
static const uint32_t R_SCX_Old_Hungarian[] = {
    0x205A, 0x205A, 0x205D, 0x205D, 0x2E31, 0x2E31, 0x2E41, 0x2E41, 0x10C80, 0x10CB2, 0x10CC0, 0x10CF2,
    0x10CFA, 0x10CFF,
};
static const uint32_t R_SCX_Old_Italic[] = {
    0x10300, 0x10323, 0x1032D, 0x1032F,
};
static const uint32_t R_SCX_Old_North_Arabian[] = {
    0x10A80, 0x10A9F,
};
static const uint32_t R_SCX_Old_Permic[] = {
    0xB7, 0xB7, 0x300, 0x300, 0x306, 0x308, 0x313, 0x313, 0x483, 0x483, 0x10350, 0x1037A,
};
static const uint32_t R_SCX_Old_Persian[] = {
    0x103A0, 0x103C3, 0x103C8, 0x103D5,
};
static const uint32_t R_SCX_Old_Sogdian[] = {
    0x10F00, 0x10F27,
};
static const uint32_t R_SCX_Old_South_Arabian[] = {
    0x10A60, 0x10A7F,
};
static const uint32_t R_SCX_Old_Turkic[] = {
    0x205A, 0x205A, 0x2E30, 0x2E30, 0x10C00, 0x10C48,
};
static const uint32_t R_SCX_Old_Uyghur[] = {
    0x640, 0x640, 0x10AF2, 0x10AF2, 0x10F70, 0x10F89,
};
static const uint32_t R_SCX_Oriya[] = {
    0x951, 0x952, 0x964, 0x965, 0xB01, 0xB03, 0xB05, 0xB0C, 0xB0F, 0xB10, 0xB13, 0xB28,
    0xB2A, 0xB30, 0xB32, 0xB33, 0xB35, 0xB39, 0xB3C, 0xB44, 0xB47, 0xB48, 0xB4B, 0xB4D,
    0xB53, 0xB57, 0xB5C, 0xB5D, 0xB5F, 0xB63, 0xB66, 0xB77, 0x1CDA, 0x1CDA, 0x1CF2, 0x1CF2,
};
static const uint32_t R_SCX_Osage[] = {
    0x301, 0x301, 0x304, 0x304, 0x30B, 0x30B, 0x358, 0x358, 0x104B0, 0x104D3, 0x104D8, 0x104FB,
};
static const uint32_t R_SCX_Osmanya[] = {
    0x10480, 0x1049D, 0x104A0, 0x104A9,
};
static const uint32_t R_SCX_Pahawh_Hmong[] = {
    0x16B00, 0x16B45, 0x16B50, 0x16B59, 0x16B5B, 0x16B61, 0x16B63, 0x16B77, 0x16B7D, 0x16B8F,
};
static const uint32_t R_SCX_Palmyrene[] = {
    0x10860, 0x1087F,
};
static const uint32_t R_SCX_Pau_Cin_Hau[] = {
    0x11AC0, 0x11AF8,
};
static const uint32_t R_SCX_Phags_Pa[] = {
    0x1802, 0x1803, 0x1805, 0x1805, 0x202F, 0x202F, 0x3002, 0x3002, 0xA840, 0xA877,
};
static const uint32_t R_SCX_Phoenician[] = {
    0x10900, 0x1091B, 0x1091F, 0x1091F,
};
static const uint32_t R_SCX_Proto_Cuneiform[] = {
    0x12550, 0x12586, 0x1258C, 0x1258D, 0x1259A, 0x1264B,
};
static const uint32_t R_SCX_Psalter_Pahlavi[] = {
    0x640, 0x640, 0x10B80, 0x10B91, 0x10B99, 0x10B9C, 0x10BA9, 0x10BAF,
};
static const uint32_t R_SCX_Rejang[] = {
    0xA930, 0xA953, 0xA95F, 0xA95F,
};
static const uint32_t R_SCX_Runic[] = {
    0x16A0, 0x16F8,
};
static const uint32_t R_SCX_Samaritan[] = {
    0x800, 0x82D, 0x830, 0x83E, 0x2E31, 0x2E31,
};
static const uint32_t R_SCX_Saurashtra[] = {
    0xA880, 0xA8C5, 0xA8CE, 0xA8D9,
};
static const uint32_t R_SCX_Seal[] = {
    0x3D000, 0x3FC3F,
};
static const uint32_t R_SCX_Sharada[] = {
    0x951, 0x951, 0x1CD7, 0x1CD7, 0x1CD9, 0x1CD9, 0x1CDC, 0x1CDD, 0x1CE0, 0x1CE0, 0x1CEA, 0x1CEA,
    0x1CED, 0x1CED, 0xA830, 0xA835, 0xA838, 0xA838, 0x11180, 0x111DF, 0x11B60, 0x11B67,
};
static const uint32_t R_SCX_Shavian[] = {
    0xB7, 0xB7, 0x10450, 0x1047F,
};
static const uint32_t R_SCX_Siddham[] = {
    0x11580, 0x115B5, 0x115B8, 0x115DD,
};
static const uint32_t R_SCX_Sidetic[] = {
    0x10940, 0x10959,
};
static const uint32_t R_SCX_SignWriting[] = {
    0x1D800, 0x1DA8B, 0x1DA9B, 0x1DA9F, 0x1DAA1, 0x1DAAF,
};
static const uint32_t R_SCX_Sinhala[] = {
    0x964, 0x965, 0xD81, 0xD83, 0xD85, 0xD96, 0xD9A, 0xDB1, 0xDB3, 0xDBB, 0xDBD, 0xDBD,
    0xDC0, 0xDC6, 0xDCA, 0xDCA, 0xDCF, 0xDD4, 0xDD6, 0xDD6, 0xDD8, 0xDDF, 0xDE6, 0xDEF,
    0xDF2, 0xDF4, 0x1CF2, 0x1CF2, 0x111E1, 0x111F4,
};
static const uint32_t R_SCX_Sogdian[] = {
    0x640, 0x640, 0x10F30, 0x10F59,
};
static const uint32_t R_SCX_Sora_Sompeng[] = {
    0x110D0, 0x110E8, 0x110F0, 0x110F9,
};
static const uint32_t R_SCX_Soyombo[] = {
    0x11A50, 0x11AA2,
};
static const uint32_t R_SCX_Sundanese[] = {
    0x1B80, 0x1BBF, 0x1CC0, 0x1CC7,
};
static const uint32_t R_SCX_Sunuwar[] = {
    0x300, 0x301, 0x303, 0x303, 0x30D, 0x30D, 0x310, 0x310, 0x32D, 0x32D, 0x331, 0x331,
    0x11BC0, 0x11BE1, 0x11BF0, 0x11BF9,
};
static const uint32_t R_SCX_Syloti_Nagri[] = {
    0x964, 0x965, 0x9E6, 0x9EF, 0xA800, 0xA82C,
};
static const uint32_t R_SCX_Syriac[] = {
    0x303, 0x304, 0x307, 0x308, 0x30A, 0x30A, 0x323, 0x325, 0x32D, 0x32E, 0x330, 0x331,
    0x60C, 0x60C, 0x61B, 0x61C, 0x61F, 0x61F, 0x640, 0x640, 0x64B, 0x655, 0x670, 0x670,
    0x700, 0x70D, 0x70F, 0x74A, 0x74D, 0x74F, 0x860, 0x86A, 0x1DF8, 0x1DF8, 0x1DFA, 0x1DFA,
};
static const uint32_t R_SCX_Tagalog[] = {
    0x1700, 0x1715, 0x171F, 0x171F, 0x1735, 0x1736,
};
static const uint32_t R_SCX_Tagbanwa[] = {
    0x1735, 0x1736, 0x1760, 0x176C, 0x176E, 0x1770, 0x1772, 0x1773,
};
static const uint32_t R_SCX_Tai_Le[] = {
    0x300, 0x301, 0x307, 0x308, 0x30C, 0x30C, 0x1040, 0x1049, 0x1950, 0x196D, 0x1970, 0x1974,
};
static const uint32_t R_SCX_Tai_Tham[] = {
    0x1A20, 0x1A5E, 0x1A60, 0x1A7C, 0x1A7F, 0x1A89, 0x1A90, 0x1A99, 0x1AA0, 0x1AAD,
};
static const uint32_t R_SCX_Tai_Viet[] = {
    0xAA80, 0xAAC2, 0xAADB, 0xAADF,
};
static const uint32_t R_SCX_Tai_Yo[] = {
    0x1E6C0, 0x1E6DE, 0x1E6E0, 0x1E6F5, 0x1E6FE, 0x1E6FF,
};
static const uint32_t R_SCX_Takri[] = {
    0x964, 0x965, 0xA830, 0xA839, 0x11680, 0x116B9, 0x116C0, 0x116C9,
};
static const uint32_t R_SCX_Tamil[] = {
    0x951, 0x952, 0x964, 0x965, 0xB82, 0xB83, 0xB85, 0xB8A, 0xB8E, 0xB90, 0xB92, 0xB95,
    0xB99, 0xB9A, 0xB9C, 0xB9C, 0xB9E, 0xB9F, 0xBA3, 0xBA4, 0xBA8, 0xBAA, 0xBAE, 0xBB9,
    0xBBE, 0xBC2, 0xBC6, 0xBC8, 0xBCA, 0xBCD, 0xBD0, 0xBD0, 0xBD7, 0xBD7, 0xBE6, 0xBFA,
    0x1CDA, 0x1CDA, 0xA8F3, 0xA8F3, 0x11301, 0x11301, 0x11303, 0x11303, 0x1133B, 0x1133C, 0x11FC0, 0x11FF1,
    0x11FFF, 0x11FFF,
};
static const uint32_t R_SCX_Tangsa[] = {
    0x16A70, 0x16ABE, 0x16AC0, 0x16AC9,
};
static const uint32_t R_SCX_Tangut[] = {
    0x2FF0, 0x2FFF, 0x31EF, 0x31EF, 0x16FE0, 0x16FE0, 0x17000, 0x18AFF, 0x18D00, 0x18D20, 0x18D80, 0x18DF2,
};
static const uint32_t R_SCX_Telugu[] = {
    0x951, 0x952, 0x964, 0x965, 0xB83, 0xB83, 0xC00, 0xC0C, 0xC0E, 0xC10, 0xC12, 0xC28,
    0xC2A, 0xC39, 0xC3C, 0xC44, 0xC46, 0xC48, 0xC4A, 0xC4D, 0xC55, 0xC56, 0xC58, 0xC5A,
    0xC5C, 0xC5D, 0xC60, 0xC63, 0xC66, 0xC6F, 0xC77, 0xC7F, 0x1CD5, 0x1CD6, 0x1CD8, 0x1CD8,
    0x1CDA, 0x1CDA, 0x1CF2, 0x1CF2,
};
static const uint32_t R_SCX_Thaana[] = {
    0x60C, 0x60C, 0x61B, 0x61C, 0x61F, 0x61F, 0x660, 0x669, 0x780, 0x7B1, 0xFDF2, 0xFDF2,
    0xFDFD, 0xFDFD,
};
static const uint32_t R_SCX_Thai[] = {
    0x2BC, 0x2BC, 0x2D7, 0x2D7, 0x303, 0x303, 0x331, 0x331, 0xE01, 0xE3A, 0xE40, 0xE5B,
};
static const uint32_t R_SCX_Tibetan[] = {
    0xF00, 0xF47, 0xF49, 0xF6C, 0xF71, 0xF97, 0xF99, 0xFBC, 0xFBE, 0xFCC, 0xFCE, 0xFD4,
    0xFD9, 0xFDA, 0x3008, 0x300B,
};
static const uint32_t R_SCX_Tifinagh[] = {
    0x302, 0x302, 0x304, 0x304, 0x306, 0x309, 0x323, 0x323, 0x2D30, 0x2D67, 0x2D6F, 0x2D70,
    0x2D7F, 0x2D7F,
};
static const uint32_t R_SCX_Tirhuta[] = {
    0x951, 0x952, 0x964, 0x965, 0x1CD5, 0x1CD5, 0x1CE2, 0x1CE2, 0x1CF2, 0x1CF2, 0xA830, 0xA839,
    0x11480, 0x114C7, 0x114D0, 0x114D9,
};
static const uint32_t R_SCX_Todhri[] = {
    0x301, 0x301, 0x304, 0x304, 0x307, 0x307, 0x311, 0x311, 0x313, 0x313, 0x35E, 0x35E,
    0x105C0, 0x105F3,
};
static const uint32_t R_SCX_Tolong_Siki[] = {
    0x11DB0, 0x11DDB, 0x11DE0, 0x11DE9,
};
static const uint32_t R_SCX_Toto[] = {
    0x2BC, 0x2BC, 0x1E290, 0x1E2AE,
};
static const uint32_t R_SCX_Tulu_Tigalari[] = {
    0xCE6, 0xCEF, 0x1CF2, 0x1CF2, 0x1CF4, 0x1CF4, 0xA830, 0xA835, 0xA8F1, 0xA8F1, 0x11380, 0x11389,
    0x1138B, 0x1138B, 0x1138E, 0x1138E, 0x11390, 0x113B5, 0x113B7, 0x113C0, 0x113C2, 0x113C2, 0x113C5, 0x113C5,
    0x113C7, 0x113CA, 0x113CC, 0x113D5, 0x113D7, 0x113D8, 0x113E1, 0x113E2,
};
static const uint32_t R_SCX_Ugaritic[] = {
    0x10380, 0x1039D, 0x1039F, 0x1039F,
};
static const uint32_t R_SCX_Vai[] = {
    0xA500, 0xA62B,
};
static const uint32_t R_SCX_Vithkuqi[] = {
    0x10570, 0x1057A, 0x1057C, 0x1058A, 0x1058C, 0x10592, 0x10594, 0x10595, 0x10597, 0x105A1, 0x105A3, 0x105B1,
    0x105B3, 0x105B9, 0x105BB, 0x105BC,
};
static const uint32_t R_SCX_Wancho[] = {
    0x1E2C0, 0x1E2F9, 0x1E2FF, 0x1E2FF,
};
static const uint32_t R_SCX_Warang_Citi[] = {
    0x118A0, 0x118F2, 0x118FF, 0x118FF,
};
static const uint32_t R_SCX_Yezidi[] = {
    0x60C, 0x60C, 0x61B, 0x61B, 0x61F, 0x61F, 0x660, 0x669, 0x10E80, 0x10EA9, 0x10EAB, 0x10EAD,
    0x10EB0, 0x10EB1,
};
static const uint32_t R_SCX_Yi[] = {
    0x3001, 0x3002, 0x3008, 0x3011, 0x3014, 0x301B, 0x30FB, 0x30FB, 0xA000, 0xA48C, 0xA490, 0xA4C6,
    0xFF61, 0xFF65,
};
static const uint32_t R_SCX_Zanabazar_Square[] = {
    0x11A00, 0x11A47,
};
const struct uprop uni_scx[] = {
    { "Adlam|Adlm", { R_SCX_Adlam, 7 } },
    { "Ahom", { R_SCX_Ahom, 3 } },
    { "Anatolian_Hieroglyphs|Hluw", { R_SCX_Anatolian_Hieroglyphs, 1 } },
    { "Arabic|Arab", { R_SCX_Arabic, 52 } },
    { "Armenian|Armn", { R_SCX_Armenian, 4 } },
    { "Avestan|Avst", { R_SCX_Avestan, 4 } },
    { "Balinese|Bali", { R_SCX_Balinese, 2 } },
    { "Bamum|Bamu", { R_SCX_Bamum, 2 } },
    { "Bassa_Vah|Bass", { R_SCX_Bassa_Vah, 2 } },
    { "Batak|Batk", { R_SCX_Batak, 2 } },
    { "Bengali|Beng", { R_SCX_Bengali, 28 } },
    { "Beria_Erfe|Berf", { R_SCX_Beria_Erfe, 2 } },
    { "Bhaiksuki|Bhks", { R_SCX_Bhaiksuki, 4 } },
    { "Bopomofo|Bopo", { R_SCX_Bopomofo, 15 } },
    { "Brahmi|Brah", { R_SCX_Brahmi, 3 } },
    { "Braille|Brai", { R_SCX_Braille, 1 } },
    { "Buginese|Bugi", { R_SCX_Buginese, 3 } },
    { "Buhid|Buhd", { R_SCX_Buhid, 2 } },
    { "Canadian_Aboriginal|Cans", { R_SCX_Canadian_Aboriginal, 3 } },
    { "Carian|Cari", { R_SCX_Carian, 5 } },
    { "Caucasian_Albanian|Aghb", { R_SCX_Caucasian_Albanian, 5 } },
    { "Chakma|Cakm", { R_SCX_Chakma, 4 } },
    { "Cham", { R_SCX_Cham, 4 } },
    { "Cherokee|Cher", { R_SCX_Cherokee, 8 } },
    { "Chorasmian|Chrs", { R_SCX_Chorasmian, 1 } },
    { "Common|Zyyy", { R_SCX_Common, 164 } },
    { "Coptic|Copt|Qaac", { R_SCX_Coptic, 10 } },
    { "Cuneiform|Xsux", { R_SCX_Cuneiform, 4 } },
    { "Cypriot|Cprt", { R_SCX_Cypriot, 9 } },
    { "Cypro_Minoan|Cpmn", { R_SCX_Cypro_Minoan, 2 } },
    { "Cyrillic|Cyrl", { R_SCX_Cyrillic, 18 } },
    { "Deseret|Dsrt", { R_SCX_Deseret, 1 } },
    { "Devanagari|Deva", { R_SCX_Devanagari, 9 } },
    { "Dives_Akuru|Diak", { R_SCX_Dives_Akuru, 8 } },
    { "Dogra|Dogr", { R_SCX_Dogra, 3 } },
    { "Duployan|Dupl", { R_SCX_Duployan, 10 } },
    { "Egyptian_Hieroglyphs|Egyp", { R_SCX_Egyptian_Hieroglyphs, 2 } },
    { "Elbasan|Elba", { R_SCX_Elbasan, 3 } },
    { "Elymaic|Elym", { R_SCX_Elymaic, 1 } },
    { "Ethiopic|Ethi", { R_SCX_Ethiopic, 37 } },
    { "Garay|Gara", { R_SCX_Garay, 6 } },
    { "Georgian|Geor", { R_SCX_Georgian, 13 } },
    { "Glagolitic|Glag", { R_SCX_Glagolitic, 16 } },
    { "Gothic|Goth", { R_SCX_Gothic, 5 } },
    { "Grantha|Gran", { R_SCX_Grantha, 25 } },
    { "Greek|Grek", { R_SCX_Greek, 45 } },
    { "Gujarati|Gujr", { R_SCX_Gujarati, 17 } },
    { "Gunjala_Gondi|Gong", { R_SCX_Gunjala_Gondi, 8 } },
    { "Gurmukhi|Guru", { R_SCX_Gurmukhi, 19 } },
    { "Gurung_Khema|Gukh", { R_SCX_Gurung_Khema, 2 } },
    { "Han|Hani", { R_SCX_Han, 41 } },
    { "Hangul|Hang", { R_SCX_Hangul, 21 } },
    { "Hanifi_Rohingya|Rohg", { R_SCX_Hanifi_Rohingya, 7 } },
    { "Hanunoo|Hano", { R_SCX_Hanunoo, 1 } },
    { "Hatran|Hatr", { R_SCX_Hatran, 3 } },
    { "Hebrew|Hebr", { R_SCX_Hebrew, 10 } },
    { "Hiragana|Hira", { R_SCX_Hiragana, 18 } },
    { "Imperial_Aramaic|Armi", { R_SCX_Imperial_Aramaic, 2 } },
    { "Inherited|Zinh|Qaai", { R_SCX_Inherited, 29 } },
    { "Inscriptional_Pahlavi|Phli", { R_SCX_Inscriptional_Pahlavi, 2 } },
    { "Inscriptional_Parthian|Prti", { R_SCX_Inscriptional_Parthian, 2 } },
    { "Javanese|Java", { R_SCX_Javanese, 3 } },
    { "Jurchen|Jurc", { R_SCX_Jurchen, 2 } },
    { "Kaithi|Kthi", { R_SCX_Kaithi, 5 } },
    { "Kannada|Knda", { R_SCX_Kannada, 22 } },
    { "Katakana|Kana", { R_SCX_Katakana, 23 } },
    { "Kawi", { R_SCX_Kawi, 3 } },
    { "Kayah_Li|Kali", { R_SCX_Kayah_Li, 1 } },
    { "Kharoshthi|Khar", { R_SCX_Kharoshthi, 8 } },
    { "Khitan_Small_Script|Kits", { R_SCX_Khitan_Small_Script, 3 } },
    { "Khmer|Khmr", { R_SCX_Khmer, 4 } },
    { "Khojki|Khoj", { R_SCX_Khojki, 4 } },
    { "Khudawadi|Sind", { R_SCX_Khudawadi, 4 } },
    { "Kirat_Rai|Krai", { R_SCX_Kirat_Rai, 1 } },
    { "Lao|Laoo", { R_SCX_Lao, 11 } },
    { "Latin|Latn", { R_SCX_Latin, 65 } },
    { "Lepcha|Lepc", { R_SCX_Lepcha, 3 } },
    { "Limbu|Limb", { R_SCX_Limbu, 6 } },
    { "Linear_A|Lina", { R_SCX_Linear_A, 4 } },
    { "Linear_B|Linb", { R_SCX_Linear_B, 10 } },
    { "Lisu", { R_SCX_Lisu, 5 } },
    { "Lycian|Lyci", { R_SCX_Lycian, 2 } },
    { "Lydian|Lydi", { R_SCX_Lydian, 4 } },
    { "Mahajani|Mahj", { R_SCX_Mahajani, 4 } },
    { "Makasar|Maka", { R_SCX_Makasar, 1 } },
    { "Malayalam|Mlym", { R_SCX_Malayalam, 13 } },
    { "Mandaic|Mand", { R_SCX_Mandaic, 3 } },
    { "Manichaean|Mani", { R_SCX_Manichaean, 3 } },
    { "Marchen|Marc", { R_SCX_Marchen, 3 } },
    { "Masaram_Gondi|Gonm", { R_SCX_Masaram_Gondi, 8 } },
    { "Medefaidrin|Medf", { R_SCX_Medefaidrin, 1 } },
    { "Meetei_Mayek|Mtei", { R_SCX_Meetei_Mayek, 3 } },
    { "Mende_Kikakui|Mend", { R_SCX_Mende_Kikakui, 2 } },
    { "Meroitic_Cursive|Merc", { R_SCX_Meroitic_Cursive, 3 } },
    { "Meroitic_Hieroglyphs|Mero", { R_SCX_Meroitic_Hieroglyphs, 2 } },
    { "Miao|Plrd", { R_SCX_Miao, 3 } },
    { "Modi", { R_SCX_Modi, 3 } },
    { "Mongolian|Mong", { R_SCX_Mongolian, 7 } },
    { "Mro|Mroo", { R_SCX_Mro, 3 } },
    { "Multani|Mult", { R_SCX_Multani, 6 } },
    { "Myanmar|Mymr", { R_SCX_Myanmar, 5 } },
    { "Nabataean|Nbat", { R_SCX_Nabataean, 2 } },
    { "Nag_Mundari|Nagm", { R_SCX_Nag_Mundari, 1 } },
    { "Nandinagari|Nand", { R_SCX_Nandinagari, 10 } },
    { "New_Tai_Lue|Talu", { R_SCX_New_Tai_Lue, 4 } },
    { "Newa", { R_SCX_Newa, 9 } },
    { "Nko|Nkoo", { R_SCX_Nko, 6 } },
    { "Nushu|Nshu", { R_SCX_Nushu, 2 } },
    { "Nyiakeng_Puachue_Hmong|Hmnp", { R_SCX_Nyiakeng_Puachue_Hmong, 4 } },
    { "Ogham|Ogam", { R_SCX_Ogham, 1 } },
    { "Ol_Chiki|Olck", { R_SCX_Ol_Chiki, 1 } },
    { "Ol_Onal|Onao", { R_SCX_Ol_Onal, 3 } },
    { "Old_Hungarian|Hung", { R_SCX_Old_Hungarian, 7 } },
    { "Old_Italic|Ital", { R_SCX_Old_Italic, 2 } },
    { "Old_North_Arabian|Narb", { R_SCX_Old_North_Arabian, 1 } },
    { "Old_Permic|Perm", { R_SCX_Old_Permic, 6 } },
    { "Old_Persian|Xpeo", { R_SCX_Old_Persian, 2 } },
    { "Old_Sogdian|Sogo", { R_SCX_Old_Sogdian, 1 } },
    { "Old_South_Arabian|Sarb", { R_SCX_Old_South_Arabian, 1 } },
    { "Old_Turkic|Orkh", { R_SCX_Old_Turkic, 3 } },
    { "Old_Uyghur|Ougr", { R_SCX_Old_Uyghur, 3 } },
    { "Oriya|Orya", { R_SCX_Oriya, 18 } },
    { "Osage|Osge", { R_SCX_Osage, 6 } },
    { "Osmanya|Osma", { R_SCX_Osmanya, 2 } },
    { "Pahawh_Hmong|Hmng", { R_SCX_Pahawh_Hmong, 5 } },
    { "Palmyrene|Palm", { R_SCX_Palmyrene, 1 } },
    { "Pau_Cin_Hau|Pauc", { R_SCX_Pau_Cin_Hau, 1 } },
    { "Phags_Pa|Phag", { R_SCX_Phags_Pa, 5 } },
    { "Phoenician|Phnx", { R_SCX_Phoenician, 2 } },
    { "Proto_Cuneiform|Pcun", { R_SCX_Proto_Cuneiform, 3 } },
    { "Psalter_Pahlavi|Phlp", { R_SCX_Psalter_Pahlavi, 4 } },
    { "Rejang|Rjng", { R_SCX_Rejang, 2 } },
    { "Runic|Runr", { R_SCX_Runic, 1 } },
    { "Samaritan|Samr", { R_SCX_Samaritan, 3 } },
    { "Saurashtra|Saur", { R_SCX_Saurashtra, 2 } },
    { "Seal", { R_SCX_Seal, 1 } },
    { "Sharada|Shrd", { R_SCX_Sharada, 11 } },
    { "Shavian|Shaw", { R_SCX_Shavian, 2 } },
    { "Siddham|Sidd", { R_SCX_Siddham, 2 } },
    { "Sidetic|Sidt", { R_SCX_Sidetic, 1 } },
    { "SignWriting|Sgnw", { R_SCX_SignWriting, 3 } },
    { "Sinhala|Sinh", { R_SCX_Sinhala, 15 } },
    { "Sogdian|Sogd", { R_SCX_Sogdian, 2 } },
    { "Sora_Sompeng|Sora", { R_SCX_Sora_Sompeng, 2 } },
    { "Soyombo|Soyo", { R_SCX_Soyombo, 1 } },
    { "Sundanese|Sund", { R_SCX_Sundanese, 2 } },
    { "Sunuwar|Sunu", { R_SCX_Sunuwar, 8 } },
    { "Syloti_Nagri|Sylo", { R_SCX_Syloti_Nagri, 3 } },
    { "Syriac|Syrc", { R_SCX_Syriac, 18 } },
    { "Tagalog|Tglg", { R_SCX_Tagalog, 3 } },
    { "Tagbanwa|Tagb", { R_SCX_Tagbanwa, 4 } },
    { "Tai_Le|Tale", { R_SCX_Tai_Le, 6 } },
    { "Tai_Tham|Lana", { R_SCX_Tai_Tham, 5 } },
    { "Tai_Viet|Tavt", { R_SCX_Tai_Viet, 2 } },
    { "Tai_Yo|Tayo", { R_SCX_Tai_Yo, 3 } },
    { "Takri|Takr", { R_SCX_Takri, 4 } },
    { "Tamil|Taml", { R_SCX_Tamil, 25 } },
    { "Tangsa|Tnsa", { R_SCX_Tangsa, 2 } },
    { "Tangut|Tang", { R_SCX_Tangut, 6 } },
    { "Telugu|Telu", { R_SCX_Telugu, 20 } },
    { "Thaana|Thaa", { R_SCX_Thaana, 7 } },
    { "Thai", { R_SCX_Thai, 6 } },
    { "Tibetan|Tibt", { R_SCX_Tibetan, 8 } },
    { "Tifinagh|Tfng", { R_SCX_Tifinagh, 7 } },
    { "Tirhuta|Tirh", { R_SCX_Tirhuta, 8 } },
    { "Todhri|Todr", { R_SCX_Todhri, 7 } },
    { "Tolong_Siki|Tols", { R_SCX_Tolong_Siki, 2 } },
    { "Toto", { R_SCX_Toto, 2 } },
    { "Tulu_Tigalari|Tutg", { R_SCX_Tulu_Tigalari, 16 } },
    { "Ugaritic|Ugar", { R_SCX_Ugaritic, 2 } },
    { "Vai|Vaii", { R_SCX_Vai, 1 } },
    { "Vithkuqi|Vith", { R_SCX_Vithkuqi, 8 } },
    { "Wancho|Wcho", { R_SCX_Wancho, 2 } },
    { "Warang_Citi|Wara", { R_SCX_Warang_Citi, 2 } },
    { "Yezidi|Yezi", { R_SCX_Yezidi, 7 } },
    { "Yi|Yiii", { R_SCX_Yi, 7 } },
    { "Zanabazar_Square|Zanb", { R_SCX_Zanabazar_Square, 1 } },
    { 0, { 0, 0 } }
};

static const uint32_t UPPER[] = {
    0x61, 0x41, 0x62, 0x42, 0x63, 0x43, 0x64, 0x44, 0x65, 0x45, 0x66, 0x46,
    0x67, 0x47, 0x68, 0x48, 0x69, 0x49, 0x6A, 0x4A, 0x6B, 0x4B, 0x6C, 0x4C,
    0x6D, 0x4D, 0x6E, 0x4E, 0x6F, 0x4F, 0x70, 0x50, 0x71, 0x51, 0x72, 0x52,
    0x73, 0x53, 0x74, 0x54, 0x75, 0x55, 0x76, 0x56, 0x77, 0x57, 0x78, 0x58,
    0x79, 0x59, 0x7A, 0x5A, 0xB5, 0x39C, 0xE0, 0xC0, 0xE1, 0xC1, 0xE2, 0xC2,
    0xE3, 0xC3, 0xE4, 0xC4, 0xE5, 0xC5, 0xE6, 0xC6, 0xE7, 0xC7, 0xE8, 0xC8,
    0xE9, 0xC9, 0xEA, 0xCA, 0xEB, 0xCB, 0xEC, 0xCC, 0xED, 0xCD, 0xEE, 0xCE,
    0xEF, 0xCF, 0xF0, 0xD0, 0xF1, 0xD1, 0xF2, 0xD2, 0xF3, 0xD3, 0xF4, 0xD4,
    0xF5, 0xD5, 0xF6, 0xD6, 0xF8, 0xD8, 0xF9, 0xD9, 0xFA, 0xDA, 0xFB, 0xDB,
    0xFC, 0xDC, 0xFD, 0xDD, 0xFE, 0xDE, 0xFF, 0x178, 0x101, 0x100, 0x103, 0x102,
    0x105, 0x104, 0x107, 0x106, 0x109, 0x108, 0x10B, 0x10A, 0x10D, 0x10C, 0x10F, 0x10E,
    0x111, 0x110, 0x113, 0x112, 0x115, 0x114, 0x117, 0x116, 0x119, 0x118, 0x11B, 0x11A,
    0x11D, 0x11C, 0x11F, 0x11E, 0x121, 0x120, 0x123, 0x122, 0x125, 0x124, 0x127, 0x126,
    0x129, 0x128, 0x12B, 0x12A, 0x12D, 0x12C, 0x12F, 0x12E, 0x131, 0x49, 0x133, 0x132,
    0x135, 0x134, 0x137, 0x136, 0x13A, 0x139, 0x13C, 0x13B, 0x13E, 0x13D, 0x140, 0x13F,
    0x142, 0x141, 0x144, 0x143, 0x146, 0x145, 0x148, 0x147, 0x14B, 0x14A, 0x14D, 0x14C,
    0x14F, 0x14E, 0x151, 0x150, 0x153, 0x152, 0x155, 0x154, 0x157, 0x156, 0x159, 0x158,
    0x15B, 0x15A, 0x15D, 0x15C, 0x15F, 0x15E, 0x161, 0x160, 0x163, 0x162, 0x165, 0x164,
    0x167, 0x166, 0x169, 0x168, 0x16B, 0x16A, 0x16D, 0x16C, 0x16F, 0x16E, 0x171, 0x170,
    0x173, 0x172, 0x175, 0x174, 0x177, 0x176, 0x17A, 0x179, 0x17C, 0x17B, 0x17E, 0x17D,
    0x17F, 0x53, 0x180, 0x243, 0x183, 0x182, 0x185, 0x184, 0x188, 0x187, 0x18C, 0x18B,
    0x192, 0x191, 0x195, 0x1F6, 0x199, 0x198, 0x19A, 0x23D, 0x19B, 0xA7DC, 0x19E, 0x220,
    0x1A1, 0x1A0, 0x1A3, 0x1A2, 0x1A5, 0x1A4, 0x1A8, 0x1A7, 0x1AD, 0x1AC, 0x1B0, 0x1AF,
    0x1B4, 0x1B3, 0x1B6, 0x1B5, 0x1B9, 0x1B8, 0x1BD, 0x1BC, 0x1BF, 0x1F7, 0x1C5, 0x1C4,
    0x1C6, 0x1C4, 0x1C8, 0x1C7, 0x1C9, 0x1C7, 0x1CB, 0x1CA, 0x1CC, 0x1CA, 0x1CE, 0x1CD,
    0x1D0, 0x1CF, 0x1D2, 0x1D1, 0x1D4, 0x1D3, 0x1D6, 0x1D5, 0x1D8, 0x1D7, 0x1DA, 0x1D9,
    0x1DC, 0x1DB, 0x1DD, 0x18E, 0x1DF, 0x1DE, 0x1E1, 0x1E0, 0x1E3, 0x1E2, 0x1E5, 0x1E4,
    0x1E7, 0x1E6, 0x1E9, 0x1E8, 0x1EB, 0x1EA, 0x1ED, 0x1EC, 0x1EF, 0x1EE, 0x1F2, 0x1F1,
    0x1F3, 0x1F1, 0x1F5, 0x1F4, 0x1F9, 0x1F8, 0x1FB, 0x1FA, 0x1FD, 0x1FC, 0x1FF, 0x1FE,
    0x201, 0x200, 0x203, 0x202, 0x205, 0x204, 0x207, 0x206, 0x209, 0x208, 0x20B, 0x20A,
    0x20D, 0x20C, 0x20F, 0x20E, 0x211, 0x210, 0x213, 0x212, 0x215, 0x214, 0x217, 0x216,
    0x219, 0x218, 0x21B, 0x21A, 0x21D, 0x21C, 0x21F, 0x21E, 0x223, 0x222, 0x225, 0x224,
    0x227, 0x226, 0x229, 0x228, 0x22B, 0x22A, 0x22D, 0x22C, 0x22F, 0x22E, 0x231, 0x230,
    0x233, 0x232, 0x23C, 0x23B, 0x23F, 0x2C7E, 0x240, 0x2C7F, 0x242, 0x241, 0x247, 0x246,
    0x249, 0x248, 0x24B, 0x24A, 0x24D, 0x24C, 0x24F, 0x24E, 0x250, 0x2C6F, 0x251, 0x2C6D,
    0x252, 0x2C70, 0x253, 0x181, 0x254, 0x186, 0x256, 0x189, 0x257, 0x18A, 0x259, 0x18F,
    0x25B, 0x190, 0x25C, 0xA7AB, 0x260, 0x193, 0x261, 0xA7AC, 0x263, 0x194, 0x264, 0xA7CB,
    0x265, 0xA78D, 0x266, 0xA7AA, 0x268, 0x197, 0x269, 0x196, 0x26A, 0xA7AE, 0x26B, 0x2C62,
    0x26C, 0xA7AD, 0x26F, 0x19C, 0x271, 0x2C6E, 0x272, 0x19D, 0x275, 0x19F, 0x277, 0xA7DD,
    0x27C, 0xA7E2, 0x27D, 0x2C64, 0x280, 0x1A6, 0x282, 0xA7C5, 0x283, 0x1A9, 0x287, 0xA7B1,
    0x288, 0x1AE, 0x289, 0x244, 0x28A, 0x1B1, 0x28B, 0x1B2, 0x28C, 0x245, 0x292, 0x1B7,
    0x29D, 0xA7B2, 0x29E, 0xA7B0, 0x345, 0x399, 0x371, 0x370, 0x373, 0x372, 0x377, 0x376,
    0x37B, 0x3FD, 0x37C, 0x3FE, 0x37D, 0x3FF, 0x3AC, 0x386, 0x3AD, 0x388, 0x3AE, 0x389,
    0x3AF, 0x38A, 0x3B1, 0x391, 0x3B2, 0x392, 0x3B3, 0x393, 0x3B4, 0x394, 0x3B5, 0x395,
    0x3B6, 0x396, 0x3B7, 0x397, 0x3B8, 0x398, 0x3B9, 0x399, 0x3BA, 0x39A, 0x3BB, 0x39B,
    0x3BC, 0x39C, 0x3BD, 0x39D, 0x3BE, 0x39E, 0x3BF, 0x39F, 0x3C0, 0x3A0, 0x3C1, 0x3A1,
    0x3C2, 0x3A3, 0x3C3, 0x3A3, 0x3C4, 0x3A4, 0x3C5, 0x3A5, 0x3C6, 0x3A6, 0x3C7, 0x3A7,
    0x3C8, 0x3A8, 0x3C9, 0x3A9, 0x3CA, 0x3AA, 0x3CB, 0x3AB, 0x3CC, 0x38C, 0x3CD, 0x38E,
    0x3CE, 0x38F, 0x3D0, 0x392, 0x3D1, 0x398, 0x3D5, 0x3A6, 0x3D6, 0x3A0, 0x3D7, 0x3CF,
    0x3D9, 0x3D8, 0x3DB, 0x3DA, 0x3DD, 0x3DC, 0x3DF, 0x3DE, 0x3E1, 0x3E0, 0x3E3, 0x3E2,
    0x3E5, 0x3E4, 0x3E7, 0x3E6, 0x3E9, 0x3E8, 0x3EB, 0x3EA, 0x3ED, 0x3EC, 0x3EF, 0x3EE,
    0x3F0, 0x39A, 0x3F1, 0x3A1, 0x3F2, 0x3F9, 0x3F3, 0x37F, 0x3F5, 0x395, 0x3F8, 0x3F7,
    0x3FB, 0x3FA, 0x430, 0x410, 0x431, 0x411, 0x432, 0x412, 0x433, 0x413, 0x434, 0x414,
    0x435, 0x415, 0x436, 0x416, 0x437, 0x417, 0x438, 0x418, 0x439, 0x419, 0x43A, 0x41A,
    0x43B, 0x41B, 0x43C, 0x41C, 0x43D, 0x41D, 0x43E, 0x41E, 0x43F, 0x41F, 0x440, 0x420,
    0x441, 0x421, 0x442, 0x422, 0x443, 0x423, 0x444, 0x424, 0x445, 0x425, 0x446, 0x426,
    0x447, 0x427, 0x448, 0x428, 0x449, 0x429, 0x44A, 0x42A, 0x44B, 0x42B, 0x44C, 0x42C,
    0x44D, 0x42D, 0x44E, 0x42E, 0x44F, 0x42F, 0x450, 0x400, 0x451, 0x401, 0x452, 0x402,
    0x453, 0x403, 0x454, 0x404, 0x455, 0x405, 0x456, 0x406, 0x457, 0x407, 0x458, 0x408,
    0x459, 0x409, 0x45A, 0x40A, 0x45B, 0x40B, 0x45C, 0x40C, 0x45D, 0x40D, 0x45E, 0x40E,
    0x45F, 0x40F, 0x461, 0x460, 0x463, 0x462, 0x465, 0x464, 0x467, 0x466, 0x469, 0x468,
    0x46B, 0x46A, 0x46D, 0x46C, 0x46F, 0x46E, 0x471, 0x470, 0x473, 0x472, 0x475, 0x474,
    0x477, 0x476, 0x479, 0x478, 0x47B, 0x47A, 0x47D, 0x47C, 0x47F, 0x47E, 0x481, 0x480,
    0x48B, 0x48A, 0x48D, 0x48C, 0x48F, 0x48E, 0x491, 0x490, 0x493, 0x492, 0x495, 0x494,
    0x497, 0x496, 0x499, 0x498, 0x49B, 0x49A, 0x49D, 0x49C, 0x49F, 0x49E, 0x4A1, 0x4A0,
    0x4A3, 0x4A2, 0x4A5, 0x4A4, 0x4A7, 0x4A6, 0x4A9, 0x4A8, 0x4AB, 0x4AA, 0x4AD, 0x4AC,
    0x4AF, 0x4AE, 0x4B1, 0x4B0, 0x4B3, 0x4B2, 0x4B5, 0x4B4, 0x4B7, 0x4B6, 0x4B9, 0x4B8,
    0x4BB, 0x4BA, 0x4BD, 0x4BC, 0x4BF, 0x4BE, 0x4C2, 0x4C1, 0x4C4, 0x4C3, 0x4C6, 0x4C5,
    0x4C8, 0x4C7, 0x4CA, 0x4C9, 0x4CC, 0x4CB, 0x4CE, 0x4CD, 0x4CF, 0x4C0, 0x4D1, 0x4D0,
    0x4D3, 0x4D2, 0x4D5, 0x4D4, 0x4D7, 0x4D6, 0x4D9, 0x4D8, 0x4DB, 0x4DA, 0x4DD, 0x4DC,
    0x4DF, 0x4DE, 0x4E1, 0x4E0, 0x4E3, 0x4E2, 0x4E5, 0x4E4, 0x4E7, 0x4E6, 0x4E9, 0x4E8,
    0x4EB, 0x4EA, 0x4ED, 0x4EC, 0x4EF, 0x4EE, 0x4F1, 0x4F0, 0x4F3, 0x4F2, 0x4F5, 0x4F4,
    0x4F7, 0x4F6, 0x4F9, 0x4F8, 0x4FB, 0x4FA, 0x4FD, 0x4FC, 0x4FF, 0x4FE, 0x501, 0x500,
    0x503, 0x502, 0x505, 0x504, 0x507, 0x506, 0x509, 0x508, 0x50B, 0x50A, 0x50D, 0x50C,
    0x50F, 0x50E, 0x511, 0x510, 0x513, 0x512, 0x515, 0x514, 0x517, 0x516, 0x519, 0x518,
    0x51B, 0x51A, 0x51D, 0x51C, 0x51F, 0x51E, 0x521, 0x520, 0x523, 0x522, 0x525, 0x524,
    0x527, 0x526, 0x529, 0x528, 0x52B, 0x52A, 0x52D, 0x52C, 0x52F, 0x52E, 0x561, 0x531,
    0x562, 0x532, 0x563, 0x533, 0x564, 0x534, 0x565, 0x535, 0x566, 0x536, 0x567, 0x537,
    0x568, 0x538, 0x569, 0x539, 0x56A, 0x53A, 0x56B, 0x53B, 0x56C, 0x53C, 0x56D, 0x53D,
    0x56E, 0x53E, 0x56F, 0x53F, 0x570, 0x540, 0x571, 0x541, 0x572, 0x542, 0x573, 0x543,
    0x574, 0x544, 0x575, 0x545, 0x576, 0x546, 0x577, 0x547, 0x578, 0x548, 0x579, 0x549,
    0x57A, 0x54A, 0x57B, 0x54B, 0x57C, 0x54C, 0x57D, 0x54D, 0x57E, 0x54E, 0x57F, 0x54F,
    0x580, 0x550, 0x581, 0x551, 0x582, 0x552, 0x583, 0x553, 0x584, 0x554, 0x585, 0x555,
    0x586, 0x556, 0x10D0, 0x1C90, 0x10D1, 0x1C91, 0x10D2, 0x1C92, 0x10D3, 0x1C93, 0x10D4, 0x1C94,
    0x10D5, 0x1C95, 0x10D6, 0x1C96, 0x10D7, 0x1C97, 0x10D8, 0x1C98, 0x10D9, 0x1C99, 0x10DA, 0x1C9A,
    0x10DB, 0x1C9B, 0x10DC, 0x1C9C, 0x10DD, 0x1C9D, 0x10DE, 0x1C9E, 0x10DF, 0x1C9F, 0x10E0, 0x1CA0,
    0x10E1, 0x1CA1, 0x10E2, 0x1CA2, 0x10E3, 0x1CA3, 0x10E4, 0x1CA4, 0x10E5, 0x1CA5, 0x10E6, 0x1CA6,
    0x10E7, 0x1CA7, 0x10E8, 0x1CA8, 0x10E9, 0x1CA9, 0x10EA, 0x1CAA, 0x10EB, 0x1CAB, 0x10EC, 0x1CAC,
    0x10ED, 0x1CAD, 0x10EE, 0x1CAE, 0x10EF, 0x1CAF, 0x10F0, 0x1CB0, 0x10F1, 0x1CB1, 0x10F2, 0x1CB2,
    0x10F3, 0x1CB3, 0x10F4, 0x1CB4, 0x10F5, 0x1CB5, 0x10F6, 0x1CB6, 0x10F7, 0x1CB7, 0x10F8, 0x1CB8,
    0x10F9, 0x1CB9, 0x10FA, 0x1CBA, 0x10FD, 0x1CBD, 0x10FE, 0x1CBE, 0x10FF, 0x1CBF, 0x13F8, 0x13F0,
    0x13F9, 0x13F1, 0x13FA, 0x13F2, 0x13FB, 0x13F3, 0x13FC, 0x13F4, 0x13FD, 0x13F5, 0x1C80, 0x412,
    0x1C81, 0x414, 0x1C82, 0x41E, 0x1C83, 0x421, 0x1C84, 0x422, 0x1C85, 0x422, 0x1C86, 0x42A,
    0x1C87, 0x462, 0x1C88, 0xA64A, 0x1C8A, 0x1C89, 0x1D79, 0xA77D, 0x1D7D, 0x2C63, 0x1D8E, 0xA7C6,
    0x1E01, 0x1E00, 0x1E03, 0x1E02, 0x1E05, 0x1E04, 0x1E07, 0x1E06, 0x1E09, 0x1E08, 0x1E0B, 0x1E0A,
    0x1E0D, 0x1E0C, 0x1E0F, 0x1E0E, 0x1E11, 0x1E10, 0x1E13, 0x1E12, 0x1E15, 0x1E14, 0x1E17, 0x1E16,
    0x1E19, 0x1E18, 0x1E1B, 0x1E1A, 0x1E1D, 0x1E1C, 0x1E1F, 0x1E1E, 0x1E21, 0x1E20, 0x1E23, 0x1E22,
    0x1E25, 0x1E24, 0x1E27, 0x1E26, 0x1E29, 0x1E28, 0x1E2B, 0x1E2A, 0x1E2D, 0x1E2C, 0x1E2F, 0x1E2E,
    0x1E31, 0x1E30, 0x1E33, 0x1E32, 0x1E35, 0x1E34, 0x1E37, 0x1E36, 0x1E39, 0x1E38, 0x1E3B, 0x1E3A,
    0x1E3D, 0x1E3C, 0x1E3F, 0x1E3E, 0x1E41, 0x1E40, 0x1E43, 0x1E42, 0x1E45, 0x1E44, 0x1E47, 0x1E46,
    0x1E49, 0x1E48, 0x1E4B, 0x1E4A, 0x1E4D, 0x1E4C, 0x1E4F, 0x1E4E, 0x1E51, 0x1E50, 0x1E53, 0x1E52,
    0x1E55, 0x1E54, 0x1E57, 0x1E56, 0x1E59, 0x1E58, 0x1E5B, 0x1E5A, 0x1E5D, 0x1E5C, 0x1E5F, 0x1E5E,
    0x1E61, 0x1E60, 0x1E63, 0x1E62, 0x1E65, 0x1E64, 0x1E67, 0x1E66, 0x1E69, 0x1E68, 0x1E6B, 0x1E6A,
    0x1E6D, 0x1E6C, 0x1E6F, 0x1E6E, 0x1E71, 0x1E70, 0x1E73, 0x1E72, 0x1E75, 0x1E74, 0x1E77, 0x1E76,
    0x1E79, 0x1E78, 0x1E7B, 0x1E7A, 0x1E7D, 0x1E7C, 0x1E7F, 0x1E7E, 0x1E81, 0x1E80, 0x1E83, 0x1E82,
    0x1E85, 0x1E84, 0x1E87, 0x1E86, 0x1E89, 0x1E88, 0x1E8B, 0x1E8A, 0x1E8D, 0x1E8C, 0x1E8F, 0x1E8E,
    0x1E91, 0x1E90, 0x1E93, 0x1E92, 0x1E95, 0x1E94, 0x1E9B, 0x1E60, 0x1EA1, 0x1EA0, 0x1EA3, 0x1EA2,
    0x1EA5, 0x1EA4, 0x1EA7, 0x1EA6, 0x1EA9, 0x1EA8, 0x1EAB, 0x1EAA, 0x1EAD, 0x1EAC, 0x1EAF, 0x1EAE,
    0x1EB1, 0x1EB0, 0x1EB3, 0x1EB2, 0x1EB5, 0x1EB4, 0x1EB7, 0x1EB6, 0x1EB9, 0x1EB8, 0x1EBB, 0x1EBA,
    0x1EBD, 0x1EBC, 0x1EBF, 0x1EBE, 0x1EC1, 0x1EC0, 0x1EC3, 0x1EC2, 0x1EC5, 0x1EC4, 0x1EC7, 0x1EC6,
    0x1EC9, 0x1EC8, 0x1ECB, 0x1ECA, 0x1ECD, 0x1ECC, 0x1ECF, 0x1ECE, 0x1ED1, 0x1ED0, 0x1ED3, 0x1ED2,
    0x1ED5, 0x1ED4, 0x1ED7, 0x1ED6, 0x1ED9, 0x1ED8, 0x1EDB, 0x1EDA, 0x1EDD, 0x1EDC, 0x1EDF, 0x1EDE,
    0x1EE1, 0x1EE0, 0x1EE3, 0x1EE2, 0x1EE5, 0x1EE4, 0x1EE7, 0x1EE6, 0x1EE9, 0x1EE8, 0x1EEB, 0x1EEA,
    0x1EED, 0x1EEC, 0x1EEF, 0x1EEE, 0x1EF1, 0x1EF0, 0x1EF3, 0x1EF2, 0x1EF5, 0x1EF4, 0x1EF7, 0x1EF6,
    0x1EF9, 0x1EF8, 0x1EFB, 0x1EFA, 0x1EFD, 0x1EFC, 0x1EFF, 0x1EFE, 0x1F00, 0x1F08, 0x1F01, 0x1F09,
    0x1F02, 0x1F0A, 0x1F03, 0x1F0B, 0x1F04, 0x1F0C, 0x1F05, 0x1F0D, 0x1F06, 0x1F0E, 0x1F07, 0x1F0F,
    0x1F10, 0x1F18, 0x1F11, 0x1F19, 0x1F12, 0x1F1A, 0x1F13, 0x1F1B, 0x1F14, 0x1F1C, 0x1F15, 0x1F1D,
    0x1F20, 0x1F28, 0x1F21, 0x1F29, 0x1F22, 0x1F2A, 0x1F23, 0x1F2B, 0x1F24, 0x1F2C, 0x1F25, 0x1F2D,
    0x1F26, 0x1F2E, 0x1F27, 0x1F2F, 0x1F30, 0x1F38, 0x1F31, 0x1F39, 0x1F32, 0x1F3A, 0x1F33, 0x1F3B,
    0x1F34, 0x1F3C, 0x1F35, 0x1F3D, 0x1F36, 0x1F3E, 0x1F37, 0x1F3F, 0x1F40, 0x1F48, 0x1F41, 0x1F49,
    0x1F42, 0x1F4A, 0x1F43, 0x1F4B, 0x1F44, 0x1F4C, 0x1F45, 0x1F4D, 0x1F51, 0x1F59, 0x1F53, 0x1F5B,
    0x1F55, 0x1F5D, 0x1F57, 0x1F5F, 0x1F60, 0x1F68, 0x1F61, 0x1F69, 0x1F62, 0x1F6A, 0x1F63, 0x1F6B,
    0x1F64, 0x1F6C, 0x1F65, 0x1F6D, 0x1F66, 0x1F6E, 0x1F67, 0x1F6F, 0x1F70, 0x1FBA, 0x1F71, 0x1FBB,
    0x1F72, 0x1FC8, 0x1F73, 0x1FC9, 0x1F74, 0x1FCA, 0x1F75, 0x1FCB, 0x1F76, 0x1FDA, 0x1F77, 0x1FDB,
    0x1F78, 0x1FF8, 0x1F79, 0x1FF9, 0x1F7A, 0x1FEA, 0x1F7B, 0x1FEB, 0x1F7C, 0x1FFA, 0x1F7D, 0x1FFB,
    0x1F80, 0x1F88, 0x1F81, 0x1F89, 0x1F82, 0x1F8A, 0x1F83, 0x1F8B, 0x1F84, 0x1F8C, 0x1F85, 0x1F8D,
    0x1F86, 0x1F8E, 0x1F87, 0x1F8F, 0x1F90, 0x1F98, 0x1F91, 0x1F99, 0x1F92, 0x1F9A, 0x1F93, 0x1F9B,
    0x1F94, 0x1F9C, 0x1F95, 0x1F9D, 0x1F96, 0x1F9E, 0x1F97, 0x1F9F, 0x1FA0, 0x1FA8, 0x1FA1, 0x1FA9,
    0x1FA2, 0x1FAA, 0x1FA3, 0x1FAB, 0x1FA4, 0x1FAC, 0x1FA5, 0x1FAD, 0x1FA6, 0x1FAE, 0x1FA7, 0x1FAF,
    0x1FB0, 0x1FB8, 0x1FB1, 0x1FB9, 0x1FB3, 0x1FBC, 0x1FBE, 0x399, 0x1FC3, 0x1FCC, 0x1FD0, 0x1FD8,
    0x1FD1, 0x1FD9, 0x1FE0, 0x1FE8, 0x1FE1, 0x1FE9, 0x1FE5, 0x1FEC, 0x1FF3, 0x1FFC, 0x214E, 0x2132,
    0x2170, 0x2160, 0x2171, 0x2161, 0x2172, 0x2162, 0x2173, 0x2163, 0x2174, 0x2164, 0x2175, 0x2165,
    0x2176, 0x2166, 0x2177, 0x2167, 0x2178, 0x2168, 0x2179, 0x2169, 0x217A, 0x216A, 0x217B, 0x216B,
    0x217C, 0x216C, 0x217D, 0x216D, 0x217E, 0x216E, 0x217F, 0x216F, 0x2184, 0x2183, 0x24D0, 0x24B6,
    0x24D1, 0x24B7, 0x24D2, 0x24B8, 0x24D3, 0x24B9, 0x24D4, 0x24BA, 0x24D5, 0x24BB, 0x24D6, 0x24BC,
    0x24D7, 0x24BD, 0x24D8, 0x24BE, 0x24D9, 0x24BF, 0x24DA, 0x24C0, 0x24DB, 0x24C1, 0x24DC, 0x24C2,
    0x24DD, 0x24C3, 0x24DE, 0x24C4, 0x24DF, 0x24C5, 0x24E0, 0x24C6, 0x24E1, 0x24C7, 0x24E2, 0x24C8,
    0x24E3, 0x24C9, 0x24E4, 0x24CA, 0x24E5, 0x24CB, 0x24E6, 0x24CC, 0x24E7, 0x24CD, 0x24E8, 0x24CE,
    0x24E9, 0x24CF, 0x2C30, 0x2C00, 0x2C31, 0x2C01, 0x2C32, 0x2C02, 0x2C33, 0x2C03, 0x2C34, 0x2C04,
    0x2C35, 0x2C05, 0x2C36, 0x2C06, 0x2C37, 0x2C07, 0x2C38, 0x2C08, 0x2C39, 0x2C09, 0x2C3A, 0x2C0A,
    0x2C3B, 0x2C0B, 0x2C3C, 0x2C0C, 0x2C3D, 0x2C0D, 0x2C3E, 0x2C0E, 0x2C3F, 0x2C0F, 0x2C40, 0x2C10,
    0x2C41, 0x2C11, 0x2C42, 0x2C12, 0x2C43, 0x2C13, 0x2C44, 0x2C14, 0x2C45, 0x2C15, 0x2C46, 0x2C16,
    0x2C47, 0x2C17, 0x2C48, 0x2C18, 0x2C49, 0x2C19, 0x2C4A, 0x2C1A, 0x2C4B, 0x2C1B, 0x2C4C, 0x2C1C,
    0x2C4D, 0x2C1D, 0x2C4E, 0x2C1E, 0x2C4F, 0x2C1F, 0x2C50, 0x2C20, 0x2C51, 0x2C21, 0x2C52, 0x2C22,
    0x2C53, 0x2C23, 0x2C54, 0x2C24, 0x2C55, 0x2C25, 0x2C56, 0x2C26, 0x2C57, 0x2C27, 0x2C58, 0x2C28,
    0x2C59, 0x2C29, 0x2C5A, 0x2C2A, 0x2C5B, 0x2C2B, 0x2C5C, 0x2C2C, 0x2C5D, 0x2C2D, 0x2C5E, 0x2C2E,
    0x2C5F, 0x2C2F, 0x2C61, 0x2C60, 0x2C65, 0x23A, 0x2C66, 0x23E, 0x2C68, 0x2C67, 0x2C6A, 0x2C69,
    0x2C6C, 0x2C6B, 0x2C73, 0x2C72, 0x2C76, 0x2C75, 0x2C81, 0x2C80, 0x2C83, 0x2C82, 0x2C85, 0x2C84,
    0x2C87, 0x2C86, 0x2C89, 0x2C88, 0x2C8B, 0x2C8A, 0x2C8D, 0x2C8C, 0x2C8F, 0x2C8E, 0x2C91, 0x2C90,
    0x2C93, 0x2C92, 0x2C95, 0x2C94, 0x2C97, 0x2C96, 0x2C99, 0x2C98, 0x2C9B, 0x2C9A, 0x2C9D, 0x2C9C,
    0x2C9F, 0x2C9E, 0x2CA1, 0x2CA0, 0x2CA3, 0x2CA2, 0x2CA5, 0x2CA4, 0x2CA7, 0x2CA6, 0x2CA9, 0x2CA8,
    0x2CAB, 0x2CAA, 0x2CAD, 0x2CAC, 0x2CAF, 0x2CAE, 0x2CB1, 0x2CB0, 0x2CB3, 0x2CB2, 0x2CB5, 0x2CB4,
    0x2CB7, 0x2CB6, 0x2CB9, 0x2CB8, 0x2CBB, 0x2CBA, 0x2CBD, 0x2CBC, 0x2CBF, 0x2CBE, 0x2CC1, 0x2CC0,
    0x2CC3, 0x2CC2, 0x2CC5, 0x2CC4, 0x2CC7, 0x2CC6, 0x2CC9, 0x2CC8, 0x2CCB, 0x2CCA, 0x2CCD, 0x2CCC,
    0x2CCF, 0x2CCE, 0x2CD1, 0x2CD0, 0x2CD3, 0x2CD2, 0x2CD5, 0x2CD4, 0x2CD7, 0x2CD6, 0x2CD9, 0x2CD8,
    0x2CDB, 0x2CDA, 0x2CDD, 0x2CDC, 0x2CDF, 0x2CDE, 0x2CE1, 0x2CE0, 0x2CE3, 0x2CE2, 0x2CEC, 0x2CEB,
    0x2CEE, 0x2CED, 0x2CF3, 0x2CF2, 0x2D00, 0x10A0, 0x2D01, 0x10A1, 0x2D02, 0x10A2, 0x2D03, 0x10A3,
    0x2D04, 0x10A4, 0x2D05, 0x10A5, 0x2D06, 0x10A6, 0x2D07, 0x10A7, 0x2D08, 0x10A8, 0x2D09, 0x10A9,
    0x2D0A, 0x10AA, 0x2D0B, 0x10AB, 0x2D0C, 0x10AC, 0x2D0D, 0x10AD, 0x2D0E, 0x10AE, 0x2D0F, 0x10AF,
    0x2D10, 0x10B0, 0x2D11, 0x10B1, 0x2D12, 0x10B2, 0x2D13, 0x10B3, 0x2D14, 0x10B4, 0x2D15, 0x10B5,
    0x2D16, 0x10B6, 0x2D17, 0x10B7, 0x2D18, 0x10B8, 0x2D19, 0x10B9, 0x2D1A, 0x10BA, 0x2D1B, 0x10BB,
    0x2D1C, 0x10BC, 0x2D1D, 0x10BD, 0x2D1E, 0x10BE, 0x2D1F, 0x10BF, 0x2D20, 0x10C0, 0x2D21, 0x10C1,
    0x2D22, 0x10C2, 0x2D23, 0x10C3, 0x2D24, 0x10C4, 0x2D25, 0x10C5, 0x2D27, 0x10C7, 0x2D2D, 0x10CD,
    0xA641, 0xA640, 0xA643, 0xA642, 0xA645, 0xA644, 0xA647, 0xA646, 0xA649, 0xA648, 0xA64B, 0xA64A,
    0xA64D, 0xA64C, 0xA64F, 0xA64E, 0xA651, 0xA650, 0xA653, 0xA652, 0xA655, 0xA654, 0xA657, 0xA656,
    0xA659, 0xA658, 0xA65B, 0xA65A, 0xA65D, 0xA65C, 0xA65F, 0xA65E, 0xA661, 0xA660, 0xA663, 0xA662,
    0xA665, 0xA664, 0xA667, 0xA666, 0xA669, 0xA668, 0xA66B, 0xA66A, 0xA66D, 0xA66C, 0xA681, 0xA680,
    0xA683, 0xA682, 0xA685, 0xA684, 0xA687, 0xA686, 0xA689, 0xA688, 0xA68B, 0xA68A, 0xA68D, 0xA68C,
    0xA68F, 0xA68E, 0xA691, 0xA690, 0xA693, 0xA692, 0xA695, 0xA694, 0xA697, 0xA696, 0xA699, 0xA698,
    0xA69B, 0xA69A, 0xA723, 0xA722, 0xA725, 0xA724, 0xA727, 0xA726, 0xA729, 0xA728, 0xA72B, 0xA72A,
    0xA72D, 0xA72C, 0xA72F, 0xA72E, 0xA733, 0xA732, 0xA735, 0xA734, 0xA737, 0xA736, 0xA739, 0xA738,
    0xA73B, 0xA73A, 0xA73D, 0xA73C, 0xA73F, 0xA73E, 0xA741, 0xA740, 0xA743, 0xA742, 0xA745, 0xA744,
    0xA747, 0xA746, 0xA749, 0xA748, 0xA74B, 0xA74A, 0xA74D, 0xA74C, 0xA74F, 0xA74E, 0xA751, 0xA750,
    0xA753, 0xA752, 0xA755, 0xA754, 0xA757, 0xA756, 0xA759, 0xA758, 0xA75B, 0xA75A, 0xA75D, 0xA75C,
    0xA75F, 0xA75E, 0xA761, 0xA760, 0xA763, 0xA762, 0xA765, 0xA764, 0xA767, 0xA766, 0xA769, 0xA768,
    0xA76B, 0xA76A, 0xA76D, 0xA76C, 0xA76F, 0xA76E, 0xA77A, 0xA779, 0xA77C, 0xA77B, 0xA77F, 0xA77E,
    0xA781, 0xA780, 0xA783, 0xA782, 0xA785, 0xA784, 0xA787, 0xA786, 0xA78C, 0xA78B, 0xA791, 0xA790,
    0xA793, 0xA792, 0xA794, 0xA7C4, 0xA797, 0xA796, 0xA799, 0xA798, 0xA79B, 0xA79A, 0xA79D, 0xA79C,
    0xA79F, 0xA79E, 0xA7A1, 0xA7A0, 0xA7A3, 0xA7A2, 0xA7A5, 0xA7A4, 0xA7A7, 0xA7A6, 0xA7A9, 0xA7A8,
    0xA7B5, 0xA7B4, 0xA7B7, 0xA7B6, 0xA7B9, 0xA7B8, 0xA7BB, 0xA7BA, 0xA7BD, 0xA7BC, 0xA7BF, 0xA7BE,
    0xA7C1, 0xA7C0, 0xA7C3, 0xA7C2, 0xA7C8, 0xA7C7, 0xA7CA, 0xA7C9, 0xA7CD, 0xA7CC, 0xA7CF, 0xA7CE,
    0xA7D1, 0xA7D0, 0xA7D3, 0xA7D2, 0xA7D5, 0xA7D4, 0xA7D7, 0xA7D6, 0xA7D9, 0xA7D8, 0xA7DB, 0xA7DA,
    0xA7F6, 0xA7F5, 0xAB4B, 0xAB6C, 0xAB4C, 0xAB6D, 0xAB53, 0xA7B3, 0xAB70, 0x13A0, 0xAB71, 0x13A1,
    0xAB72, 0x13A2, 0xAB73, 0x13A3, 0xAB74, 0x13A4, 0xAB75, 0x13A5, 0xAB76, 0x13A6, 0xAB77, 0x13A7,
    0xAB78, 0x13A8, 0xAB79, 0x13A9, 0xAB7A, 0x13AA, 0xAB7B, 0x13AB, 0xAB7C, 0x13AC, 0xAB7D, 0x13AD,
    0xAB7E, 0x13AE, 0xAB7F, 0x13AF, 0xAB80, 0x13B0, 0xAB81, 0x13B1, 0xAB82, 0x13B2, 0xAB83, 0x13B3,
    0xAB84, 0x13B4, 0xAB85, 0x13B5, 0xAB86, 0x13B6, 0xAB87, 0x13B7, 0xAB88, 0x13B8, 0xAB89, 0x13B9,
    0xAB8A, 0x13BA, 0xAB8B, 0x13BB, 0xAB8C, 0x13BC, 0xAB8D, 0x13BD, 0xAB8E, 0x13BE, 0xAB8F, 0x13BF,
    0xAB90, 0x13C0, 0xAB91, 0x13C1, 0xAB92, 0x13C2, 0xAB93, 0x13C3, 0xAB94, 0x13C4, 0xAB95, 0x13C5,
    0xAB96, 0x13C6, 0xAB97, 0x13C7, 0xAB98, 0x13C8, 0xAB99, 0x13C9, 0xAB9A, 0x13CA, 0xAB9B, 0x13CB,
    0xAB9C, 0x13CC, 0xAB9D, 0x13CD, 0xAB9E, 0x13CE, 0xAB9F, 0x13CF, 0xABA0, 0x13D0, 0xABA1, 0x13D1,
    0xABA2, 0x13D2, 0xABA3, 0x13D3, 0xABA4, 0x13D4, 0xABA5, 0x13D5, 0xABA6, 0x13D6, 0xABA7, 0x13D7,
    0xABA8, 0x13D8, 0xABA9, 0x13D9, 0xABAA, 0x13DA, 0xABAB, 0x13DB, 0xABAC, 0x13DC, 0xABAD, 0x13DD,
    0xABAE, 0x13DE, 0xABAF, 0x13DF, 0xABB0, 0x13E0, 0xABB1, 0x13E1, 0xABB2, 0x13E2, 0xABB3, 0x13E3,
    0xABB4, 0x13E4, 0xABB5, 0x13E5, 0xABB6, 0x13E6, 0xABB7, 0x13E7, 0xABB8, 0x13E8, 0xABB9, 0x13E9,
    0xABBA, 0x13EA, 0xABBB, 0x13EB, 0xABBC, 0x13EC, 0xABBD, 0x13ED, 0xABBE, 0x13EE, 0xABBF, 0x13EF,
    0xFF41, 0xFF21, 0xFF42, 0xFF22, 0xFF43, 0xFF23, 0xFF44, 0xFF24, 0xFF45, 0xFF25, 0xFF46, 0xFF26,
    0xFF47, 0xFF27, 0xFF48, 0xFF28, 0xFF49, 0xFF29, 0xFF4A, 0xFF2A, 0xFF4B, 0xFF2B, 0xFF4C, 0xFF2C,
    0xFF4D, 0xFF2D, 0xFF4E, 0xFF2E, 0xFF4F, 0xFF2F, 0xFF50, 0xFF30, 0xFF51, 0xFF31, 0xFF52, 0xFF32,
    0xFF53, 0xFF33, 0xFF54, 0xFF34, 0xFF55, 0xFF35, 0xFF56, 0xFF36, 0xFF57, 0xFF37, 0xFF58, 0xFF38,
    0xFF59, 0xFF39, 0xFF5A, 0xFF3A, 0x10428, 0x10400, 0x10429, 0x10401, 0x1042A, 0x10402, 0x1042B, 0x10403,
    0x1042C, 0x10404, 0x1042D, 0x10405, 0x1042E, 0x10406, 0x1042F, 0x10407, 0x10430, 0x10408, 0x10431, 0x10409,
    0x10432, 0x1040A, 0x10433, 0x1040B, 0x10434, 0x1040C, 0x10435, 0x1040D, 0x10436, 0x1040E, 0x10437, 0x1040F,
    0x10438, 0x10410, 0x10439, 0x10411, 0x1043A, 0x10412, 0x1043B, 0x10413, 0x1043C, 0x10414, 0x1043D, 0x10415,
    0x1043E, 0x10416, 0x1043F, 0x10417, 0x10440, 0x10418, 0x10441, 0x10419, 0x10442, 0x1041A, 0x10443, 0x1041B,
    0x10444, 0x1041C, 0x10445, 0x1041D, 0x10446, 0x1041E, 0x10447, 0x1041F, 0x10448, 0x10420, 0x10449, 0x10421,
    0x1044A, 0x10422, 0x1044B, 0x10423, 0x1044C, 0x10424, 0x1044D, 0x10425, 0x1044E, 0x10426, 0x1044F, 0x10427,
    0x104D8, 0x104B0, 0x104D9, 0x104B1, 0x104DA, 0x104B2, 0x104DB, 0x104B3, 0x104DC, 0x104B4, 0x104DD, 0x104B5,
    0x104DE, 0x104B6, 0x104DF, 0x104B7, 0x104E0, 0x104B8, 0x104E1, 0x104B9, 0x104E2, 0x104BA, 0x104E3, 0x104BB,
    0x104E4, 0x104BC, 0x104E5, 0x104BD, 0x104E6, 0x104BE, 0x104E7, 0x104BF, 0x104E8, 0x104C0, 0x104E9, 0x104C1,
    0x104EA, 0x104C2, 0x104EB, 0x104C3, 0x104EC, 0x104C4, 0x104ED, 0x104C5, 0x104EE, 0x104C6, 0x104EF, 0x104C7,
    0x104F0, 0x104C8, 0x104F1, 0x104C9, 0x104F2, 0x104CA, 0x104F3, 0x104CB, 0x104F4, 0x104CC, 0x104F5, 0x104CD,
    0x104F6, 0x104CE, 0x104F7, 0x104CF, 0x104F8, 0x104D0, 0x104F9, 0x104D1, 0x104FA, 0x104D2, 0x104FB, 0x104D3,
    0x10597, 0x10570, 0x10598, 0x10571, 0x10599, 0x10572, 0x1059A, 0x10573, 0x1059B, 0x10574, 0x1059C, 0x10575,
    0x1059D, 0x10576, 0x1059E, 0x10577, 0x1059F, 0x10578, 0x105A0, 0x10579, 0x105A1, 0x1057A, 0x105A3, 0x1057C,
    0x105A4, 0x1057D, 0x105A5, 0x1057E, 0x105A6, 0x1057F, 0x105A7, 0x10580, 0x105A8, 0x10581, 0x105A9, 0x10582,
    0x105AA, 0x10583, 0x105AB, 0x10584, 0x105AC, 0x10585, 0x105AD, 0x10586, 0x105AE, 0x10587, 0x105AF, 0x10588,
    0x105B0, 0x10589, 0x105B1, 0x1058A, 0x105B3, 0x1058C, 0x105B4, 0x1058D, 0x105B5, 0x1058E, 0x105B6, 0x1058F,
    0x105B7, 0x10590, 0x105B8, 0x10591, 0x105B9, 0x10592, 0x105BB, 0x10594, 0x105BC, 0x10595, 0x10CC0, 0x10C80,
    0x10CC1, 0x10C81, 0x10CC2, 0x10C82, 0x10CC3, 0x10C83, 0x10CC4, 0x10C84, 0x10CC5, 0x10C85, 0x10CC6, 0x10C86,
    0x10CC7, 0x10C87, 0x10CC8, 0x10C88, 0x10CC9, 0x10C89, 0x10CCA, 0x10C8A, 0x10CCB, 0x10C8B, 0x10CCC, 0x10C8C,
    0x10CCD, 0x10C8D, 0x10CCE, 0x10C8E, 0x10CCF, 0x10C8F, 0x10CD0, 0x10C90, 0x10CD1, 0x10C91, 0x10CD2, 0x10C92,
    0x10CD3, 0x10C93, 0x10CD4, 0x10C94, 0x10CD5, 0x10C95, 0x10CD6, 0x10C96, 0x10CD7, 0x10C97, 0x10CD8, 0x10C98,
    0x10CD9, 0x10C99, 0x10CDA, 0x10C9A, 0x10CDB, 0x10C9B, 0x10CDC, 0x10C9C, 0x10CDD, 0x10C9D, 0x10CDE, 0x10C9E,
    0x10CDF, 0x10C9F, 0x10CE0, 0x10CA0, 0x10CE1, 0x10CA1, 0x10CE2, 0x10CA2, 0x10CE3, 0x10CA3, 0x10CE4, 0x10CA4,
    0x10CE5, 0x10CA5, 0x10CE6, 0x10CA6, 0x10CE7, 0x10CA7, 0x10CE8, 0x10CA8, 0x10CE9, 0x10CA9, 0x10CEA, 0x10CAA,
    0x10CEB, 0x10CAB, 0x10CEC, 0x10CAC, 0x10CED, 0x10CAD, 0x10CEE, 0x10CAE, 0x10CEF, 0x10CAF, 0x10CF0, 0x10CB0,
    0x10CF1, 0x10CB1, 0x10CF2, 0x10CB2, 0x10D70, 0x10D50, 0x10D71, 0x10D51, 0x10D72, 0x10D52, 0x10D73, 0x10D53,
    0x10D74, 0x10D54, 0x10D75, 0x10D55, 0x10D76, 0x10D56, 0x10D77, 0x10D57, 0x10D78, 0x10D58, 0x10D79, 0x10D59,
    0x10D7A, 0x10D5A, 0x10D7B, 0x10D5B, 0x10D7C, 0x10D5C, 0x10D7D, 0x10D5D, 0x10D7E, 0x10D5E, 0x10D7F, 0x10D5F,
    0x10D80, 0x10D60, 0x10D81, 0x10D61, 0x10D82, 0x10D62, 0x10D83, 0x10D63, 0x10D84, 0x10D64, 0x10D85, 0x10D65,
    0x118C0, 0x118A0, 0x118C1, 0x118A1, 0x118C2, 0x118A2, 0x118C3, 0x118A3, 0x118C4, 0x118A4, 0x118C5, 0x118A5,
    0x118C6, 0x118A6, 0x118C7, 0x118A7, 0x118C8, 0x118A8, 0x118C9, 0x118A9, 0x118CA, 0x118AA, 0x118CB, 0x118AB,
    0x118CC, 0x118AC, 0x118CD, 0x118AD, 0x118CE, 0x118AE, 0x118CF, 0x118AF, 0x118D0, 0x118B0, 0x118D1, 0x118B1,
    0x118D2, 0x118B2, 0x118D3, 0x118B3, 0x118D4, 0x118B4, 0x118D5, 0x118B5, 0x118D6, 0x118B6, 0x118D7, 0x118B7,
    0x118D8, 0x118B8, 0x118D9, 0x118B9, 0x118DA, 0x118BA, 0x118DB, 0x118BB, 0x118DC, 0x118BC, 0x118DD, 0x118BD,
    0x118DE, 0x118BE, 0x118DF, 0x118BF, 0x16E60, 0x16E40, 0x16E61, 0x16E41, 0x16E62, 0x16E42, 0x16E63, 0x16E43,
    0x16E64, 0x16E44, 0x16E65, 0x16E45, 0x16E66, 0x16E46, 0x16E67, 0x16E47, 0x16E68, 0x16E48, 0x16E69, 0x16E49,
    0x16E6A, 0x16E4A, 0x16E6B, 0x16E4B, 0x16E6C, 0x16E4C, 0x16E6D, 0x16E4D, 0x16E6E, 0x16E4E, 0x16E6F, 0x16E4F,
    0x16E70, 0x16E50, 0x16E71, 0x16E51, 0x16E72, 0x16E52, 0x16E73, 0x16E53, 0x16E74, 0x16E54, 0x16E75, 0x16E55,
    0x16E76, 0x16E56, 0x16E77, 0x16E57, 0x16E78, 0x16E58, 0x16E79, 0x16E59, 0x16E7A, 0x16E5A, 0x16E7B, 0x16E5B,
    0x16E7C, 0x16E5C, 0x16E7D, 0x16E5D, 0x16E7E, 0x16E5E, 0x16E7F, 0x16E5F, 0x16EBB, 0x16EA0, 0x16EBC, 0x16EA1,
    0x16EBD, 0x16EA2, 0x16EBE, 0x16EA3, 0x16EBF, 0x16EA4, 0x16EC0, 0x16EA5, 0x16EC1, 0x16EA6, 0x16EC2, 0x16EA7,
    0x16EC3, 0x16EA8, 0x16EC4, 0x16EA9, 0x16EC5, 0x16EAA, 0x16EC6, 0x16EAB, 0x16EC7, 0x16EAC, 0x16EC8, 0x16EAD,
    0x16EC9, 0x16EAE, 0x16ECA, 0x16EAF, 0x16ECB, 0x16EB0, 0x16ECC, 0x16EB1, 0x16ECD, 0x16EB2, 0x16ECE, 0x16EB3,
    0x16ECF, 0x16EB4, 0x16ED0, 0x16EB5, 0x16ED1, 0x16EB6, 0x16ED2, 0x16EB7, 0x16ED3, 0x16EB8, 0x1DF41, 0x1DF40,
    0x1DF49, 0x1DF48, 0x1DF4B, 0x1DF4A, 0x1DF4E, 0x1DF4D, 0x1DF52, 0x1DF51, 0x1DF69, 0x1DF68, 0x1DF6B, 0x1DF6A,
    0x1DF6D, 0x1DF6C, 0x1DF6F, 0x1DF6E, 0x1DF73, 0x1DF72, 0x1DF75, 0x1DF74, 0x1DF77, 0x1DF76, 0x1DF79, 0x1DF78,
    0x1DF7B, 0x1DF7A, 0x1DF7D, 0x1DF7C, 0x1DF7F, 0x1DF7E, 0x1E922, 0x1E900, 0x1E923, 0x1E901, 0x1E924, 0x1E902,
    0x1E925, 0x1E903, 0x1E926, 0x1E904, 0x1E927, 0x1E905, 0x1E928, 0x1E906, 0x1E929, 0x1E907, 0x1E92A, 0x1E908,
    0x1E92B, 0x1E909, 0x1E92C, 0x1E90A, 0x1E92D, 0x1E90B, 0x1E92E, 0x1E90C, 0x1E92F, 0x1E90D, 0x1E930, 0x1E90E,
    0x1E931, 0x1E90F, 0x1E932, 0x1E910, 0x1E933, 0x1E911, 0x1E934, 0x1E912, 0x1E935, 0x1E913, 0x1E936, 0x1E914,
    0x1E937, 0x1E915, 0x1E938, 0x1E916, 0x1E939, 0x1E917, 0x1E93A, 0x1E918, 0x1E93B, 0x1E919, 0x1E93C, 0x1E91A,
    0x1E93D, 0x1E91B, 0x1E93E, 0x1E91C, 0x1E93F, 0x1E91D, 0x1E940, 0x1E91E, 0x1E941, 0x1E91F, 0x1E942, 0x1E920,
    0x1E943, 0x1E921,
};
const struct upairs uni_upper = { UPPER, 1525 };
static const uint32_t LOWER[] = {
    0x41, 0x61, 0x42, 0x62, 0x43, 0x63, 0x44, 0x64, 0x45, 0x65, 0x46, 0x66,
    0x47, 0x67, 0x48, 0x68, 0x49, 0x69, 0x4A, 0x6A, 0x4B, 0x6B, 0x4C, 0x6C,
    0x4D, 0x6D, 0x4E, 0x6E, 0x4F, 0x6F, 0x50, 0x70, 0x51, 0x71, 0x52, 0x72,
    0x53, 0x73, 0x54, 0x74, 0x55, 0x75, 0x56, 0x76, 0x57, 0x77, 0x58, 0x78,
    0x59, 0x79, 0x5A, 0x7A, 0xC0, 0xE0, 0xC1, 0xE1, 0xC2, 0xE2, 0xC3, 0xE3,
    0xC4, 0xE4, 0xC5, 0xE5, 0xC6, 0xE6, 0xC7, 0xE7, 0xC8, 0xE8, 0xC9, 0xE9,
    0xCA, 0xEA, 0xCB, 0xEB, 0xCC, 0xEC, 0xCD, 0xED, 0xCE, 0xEE, 0xCF, 0xEF,
    0xD0, 0xF0, 0xD1, 0xF1, 0xD2, 0xF2, 0xD3, 0xF3, 0xD4, 0xF4, 0xD5, 0xF5,
    0xD6, 0xF6, 0xD8, 0xF8, 0xD9, 0xF9, 0xDA, 0xFA, 0xDB, 0xFB, 0xDC, 0xFC,
    0xDD, 0xFD, 0xDE, 0xFE, 0x100, 0x101, 0x102, 0x103, 0x104, 0x105, 0x106, 0x107,
    0x108, 0x109, 0x10A, 0x10B, 0x10C, 0x10D, 0x10E, 0x10F, 0x110, 0x111, 0x112, 0x113,
    0x114, 0x115, 0x116, 0x117, 0x118, 0x119, 0x11A, 0x11B, 0x11C, 0x11D, 0x11E, 0x11F,
    0x120, 0x121, 0x122, 0x123, 0x124, 0x125, 0x126, 0x127, 0x128, 0x129, 0x12A, 0x12B,
    0x12C, 0x12D, 0x12E, 0x12F, 0x130, 0x69, 0x132, 0x133, 0x134, 0x135, 0x136, 0x137,
    0x139, 0x13A, 0x13B, 0x13C, 0x13D, 0x13E, 0x13F, 0x140, 0x141, 0x142, 0x143, 0x144,
    0x145, 0x146, 0x147, 0x148, 0x14A, 0x14B, 0x14C, 0x14D, 0x14E, 0x14F, 0x150, 0x151,
    0x152, 0x153, 0x154, 0x155, 0x156, 0x157, 0x158, 0x159, 0x15A, 0x15B, 0x15C, 0x15D,
    0x15E, 0x15F, 0x160, 0x161, 0x162, 0x163, 0x164, 0x165, 0x166, 0x167, 0x168, 0x169,
    0x16A, 0x16B, 0x16C, 0x16D, 0x16E, 0x16F, 0x170, 0x171, 0x172, 0x173, 0x174, 0x175,
    0x176, 0x177, 0x178, 0xFF, 0x179, 0x17A, 0x17B, 0x17C, 0x17D, 0x17E, 0x181, 0x253,
    0x182, 0x183, 0x184, 0x185, 0x186, 0x254, 0x187, 0x188, 0x189, 0x256, 0x18A, 0x257,
    0x18B, 0x18C, 0x18E, 0x1DD, 0x18F, 0x259, 0x190, 0x25B, 0x191, 0x192, 0x193, 0x260,
    0x194, 0x263, 0x196, 0x269, 0x197, 0x268, 0x198, 0x199, 0x19C, 0x26F, 0x19D, 0x272,
    0x19F, 0x275, 0x1A0, 0x1A1, 0x1A2, 0x1A3, 0x1A4, 0x1A5, 0x1A6, 0x280, 0x1A7, 0x1A8,
    0x1A9, 0x283, 0x1AC, 0x1AD, 0x1AE, 0x288, 0x1AF, 0x1B0, 0x1B1, 0x28A, 0x1B2, 0x28B,
    0x1B3, 0x1B4, 0x1B5, 0x1B6, 0x1B7, 0x292, 0x1B8, 0x1B9, 0x1BC, 0x1BD, 0x1C4, 0x1C6,
    0x1C5, 0x1C6, 0x1C7, 0x1C9, 0x1C8, 0x1C9, 0x1CA, 0x1CC, 0x1CB, 0x1CC, 0x1CD, 0x1CE,
    0x1CF, 0x1D0, 0x1D1, 0x1D2, 0x1D3, 0x1D4, 0x1D5, 0x1D6, 0x1D7, 0x1D8, 0x1D9, 0x1DA,
    0x1DB, 0x1DC, 0x1DE, 0x1DF, 0x1E0, 0x1E1, 0x1E2, 0x1E3, 0x1E4, 0x1E5, 0x1E6, 0x1E7,
    0x1E8, 0x1E9, 0x1EA, 0x1EB, 0x1EC, 0x1ED, 0x1EE, 0x1EF, 0x1F1, 0x1F3, 0x1F2, 0x1F3,
    0x1F4, 0x1F5, 0x1F6, 0x195, 0x1F7, 0x1BF, 0x1F8, 0x1F9, 0x1FA, 0x1FB, 0x1FC, 0x1FD,
    0x1FE, 0x1FF, 0x200, 0x201, 0x202, 0x203, 0x204, 0x205, 0x206, 0x207, 0x208, 0x209,
    0x20A, 0x20B, 0x20C, 0x20D, 0x20E, 0x20F, 0x210, 0x211, 0x212, 0x213, 0x214, 0x215,
    0x216, 0x217, 0x218, 0x219, 0x21A, 0x21B, 0x21C, 0x21D, 0x21E, 0x21F, 0x220, 0x19E,
    0x222, 0x223, 0x224, 0x225, 0x226, 0x227, 0x228, 0x229, 0x22A, 0x22B, 0x22C, 0x22D,
    0x22E, 0x22F, 0x230, 0x231, 0x232, 0x233, 0x23A, 0x2C65, 0x23B, 0x23C, 0x23D, 0x19A,
    0x23E, 0x2C66, 0x241, 0x242, 0x243, 0x180, 0x244, 0x289, 0x245, 0x28C, 0x246, 0x247,
    0x248, 0x249, 0x24A, 0x24B, 0x24C, 0x24D, 0x24E, 0x24F, 0x370, 0x371, 0x372, 0x373,
    0x376, 0x377, 0x37F, 0x3F3, 0x386, 0x3AC, 0x388, 0x3AD, 0x389, 0x3AE, 0x38A, 0x3AF,
    0x38C, 0x3CC, 0x38E, 0x3CD, 0x38F, 0x3CE, 0x391, 0x3B1, 0x392, 0x3B2, 0x393, 0x3B3,
    0x394, 0x3B4, 0x395, 0x3B5, 0x396, 0x3B6, 0x397, 0x3B7, 0x398, 0x3B8, 0x399, 0x3B9,
    0x39A, 0x3BA, 0x39B, 0x3BB, 0x39C, 0x3BC, 0x39D, 0x3BD, 0x39E, 0x3BE, 0x39F, 0x3BF,
    0x3A0, 0x3C0, 0x3A1, 0x3C1, 0x3A3, 0x3C3, 0x3A4, 0x3C4, 0x3A5, 0x3C5, 0x3A6, 0x3C6,
    0x3A7, 0x3C7, 0x3A8, 0x3C8, 0x3A9, 0x3C9, 0x3AA, 0x3CA, 0x3AB, 0x3CB, 0x3CF, 0x3D7,
    0x3D8, 0x3D9, 0x3DA, 0x3DB, 0x3DC, 0x3DD, 0x3DE, 0x3DF, 0x3E0, 0x3E1, 0x3E2, 0x3E3,
    0x3E4, 0x3E5, 0x3E6, 0x3E7, 0x3E8, 0x3E9, 0x3EA, 0x3EB, 0x3EC, 0x3ED, 0x3EE, 0x3EF,
    0x3F4, 0x3B8, 0x3F7, 0x3F8, 0x3F9, 0x3F2, 0x3FA, 0x3FB, 0x3FD, 0x37B, 0x3FE, 0x37C,
    0x3FF, 0x37D, 0x400, 0x450, 0x401, 0x451, 0x402, 0x452, 0x403, 0x453, 0x404, 0x454,
    0x405, 0x455, 0x406, 0x456, 0x407, 0x457, 0x408, 0x458, 0x409, 0x459, 0x40A, 0x45A,
    0x40B, 0x45B, 0x40C, 0x45C, 0x40D, 0x45D, 0x40E, 0x45E, 0x40F, 0x45F, 0x410, 0x430,
    0x411, 0x431, 0x412, 0x432, 0x413, 0x433, 0x414, 0x434, 0x415, 0x435, 0x416, 0x436,
    0x417, 0x437, 0x418, 0x438, 0x419, 0x439, 0x41A, 0x43A, 0x41B, 0x43B, 0x41C, 0x43C,
    0x41D, 0x43D, 0x41E, 0x43E, 0x41F, 0x43F, 0x420, 0x440, 0x421, 0x441, 0x422, 0x442,
    0x423, 0x443, 0x424, 0x444, 0x425, 0x445, 0x426, 0x446, 0x427, 0x447, 0x428, 0x448,
    0x429, 0x449, 0x42A, 0x44A, 0x42B, 0x44B, 0x42C, 0x44C, 0x42D, 0x44D, 0x42E, 0x44E,
    0x42F, 0x44F, 0x460, 0x461, 0x462, 0x463, 0x464, 0x465, 0x466, 0x467, 0x468, 0x469,
    0x46A, 0x46B, 0x46C, 0x46D, 0x46E, 0x46F, 0x470, 0x471, 0x472, 0x473, 0x474, 0x475,
    0x476, 0x477, 0x478, 0x479, 0x47A, 0x47B, 0x47C, 0x47D, 0x47E, 0x47F, 0x480, 0x481,
    0x48A, 0x48B, 0x48C, 0x48D, 0x48E, 0x48F, 0x490, 0x491, 0x492, 0x493, 0x494, 0x495,
    0x496, 0x497, 0x498, 0x499, 0x49A, 0x49B, 0x49C, 0x49D, 0x49E, 0x49F, 0x4A0, 0x4A1,
    0x4A2, 0x4A3, 0x4A4, 0x4A5, 0x4A6, 0x4A7, 0x4A8, 0x4A9, 0x4AA, 0x4AB, 0x4AC, 0x4AD,
    0x4AE, 0x4AF, 0x4B0, 0x4B1, 0x4B2, 0x4B3, 0x4B4, 0x4B5, 0x4B6, 0x4B7, 0x4B8, 0x4B9,
    0x4BA, 0x4BB, 0x4BC, 0x4BD, 0x4BE, 0x4BF, 0x4C0, 0x4CF, 0x4C1, 0x4C2, 0x4C3, 0x4C4,
    0x4C5, 0x4C6, 0x4C7, 0x4C8, 0x4C9, 0x4CA, 0x4CB, 0x4CC, 0x4CD, 0x4CE, 0x4D0, 0x4D1,
    0x4D2, 0x4D3, 0x4D4, 0x4D5, 0x4D6, 0x4D7, 0x4D8, 0x4D9, 0x4DA, 0x4DB, 0x4DC, 0x4DD,
    0x4DE, 0x4DF, 0x4E0, 0x4E1, 0x4E2, 0x4E3, 0x4E4, 0x4E5, 0x4E6, 0x4E7, 0x4E8, 0x4E9,
    0x4EA, 0x4EB, 0x4EC, 0x4ED, 0x4EE, 0x4EF, 0x4F0, 0x4F1, 0x4F2, 0x4F3, 0x4F4, 0x4F5,
    0x4F6, 0x4F7, 0x4F8, 0x4F9, 0x4FA, 0x4FB, 0x4FC, 0x4FD, 0x4FE, 0x4FF, 0x500, 0x501,
    0x502, 0x503, 0x504, 0x505, 0x506, 0x507, 0x508, 0x509, 0x50A, 0x50B, 0x50C, 0x50D,
    0x50E, 0x50F, 0x510, 0x511, 0x512, 0x513, 0x514, 0x515, 0x516, 0x517, 0x518, 0x519,
    0x51A, 0x51B, 0x51C, 0x51D, 0x51E, 0x51F, 0x520, 0x521, 0x522, 0x523, 0x524, 0x525,
    0x526, 0x527, 0x528, 0x529, 0x52A, 0x52B, 0x52C, 0x52D, 0x52E, 0x52F, 0x531, 0x561,
    0x532, 0x562, 0x533, 0x563, 0x534, 0x564, 0x535, 0x565, 0x536, 0x566, 0x537, 0x567,
    0x538, 0x568, 0x539, 0x569, 0x53A, 0x56A, 0x53B, 0x56B, 0x53C, 0x56C, 0x53D, 0x56D,
    0x53E, 0x56E, 0x53F, 0x56F, 0x540, 0x570, 0x541, 0x571, 0x542, 0x572, 0x543, 0x573,
    0x544, 0x574, 0x545, 0x575, 0x546, 0x576, 0x547, 0x577, 0x548, 0x578, 0x549, 0x579,
    0x54A, 0x57A, 0x54B, 0x57B, 0x54C, 0x57C, 0x54D, 0x57D, 0x54E, 0x57E, 0x54F, 0x57F,
    0x550, 0x580, 0x551, 0x581, 0x552, 0x582, 0x553, 0x583, 0x554, 0x584, 0x555, 0x585,
    0x556, 0x586, 0x10A0, 0x2D00, 0x10A1, 0x2D01, 0x10A2, 0x2D02, 0x10A3, 0x2D03, 0x10A4, 0x2D04,
    0x10A5, 0x2D05, 0x10A6, 0x2D06, 0x10A7, 0x2D07, 0x10A8, 0x2D08, 0x10A9, 0x2D09, 0x10AA, 0x2D0A,
    0x10AB, 0x2D0B, 0x10AC, 0x2D0C, 0x10AD, 0x2D0D, 0x10AE, 0x2D0E, 0x10AF, 0x2D0F, 0x10B0, 0x2D10,
    0x10B1, 0x2D11, 0x10B2, 0x2D12, 0x10B3, 0x2D13, 0x10B4, 0x2D14, 0x10B5, 0x2D15, 0x10B6, 0x2D16,
    0x10B7, 0x2D17, 0x10B8, 0x2D18, 0x10B9, 0x2D19, 0x10BA, 0x2D1A, 0x10BB, 0x2D1B, 0x10BC, 0x2D1C,
    0x10BD, 0x2D1D, 0x10BE, 0x2D1E, 0x10BF, 0x2D1F, 0x10C0, 0x2D20, 0x10C1, 0x2D21, 0x10C2, 0x2D22,
    0x10C3, 0x2D23, 0x10C4, 0x2D24, 0x10C5, 0x2D25, 0x10C7, 0x2D27, 0x10CD, 0x2D2D, 0x13A0, 0xAB70,
    0x13A1, 0xAB71, 0x13A2, 0xAB72, 0x13A3, 0xAB73, 0x13A4, 0xAB74, 0x13A5, 0xAB75, 0x13A6, 0xAB76,
    0x13A7, 0xAB77, 0x13A8, 0xAB78, 0x13A9, 0xAB79, 0x13AA, 0xAB7A, 0x13AB, 0xAB7B, 0x13AC, 0xAB7C,
    0x13AD, 0xAB7D, 0x13AE, 0xAB7E, 0x13AF, 0xAB7F, 0x13B0, 0xAB80, 0x13B1, 0xAB81, 0x13B2, 0xAB82,
    0x13B3, 0xAB83, 0x13B4, 0xAB84, 0x13B5, 0xAB85, 0x13B6, 0xAB86, 0x13B7, 0xAB87, 0x13B8, 0xAB88,
    0x13B9, 0xAB89, 0x13BA, 0xAB8A, 0x13BB, 0xAB8B, 0x13BC, 0xAB8C, 0x13BD, 0xAB8D, 0x13BE, 0xAB8E,
    0x13BF, 0xAB8F, 0x13C0, 0xAB90, 0x13C1, 0xAB91, 0x13C2, 0xAB92, 0x13C3, 0xAB93, 0x13C4, 0xAB94,
    0x13C5, 0xAB95, 0x13C6, 0xAB96, 0x13C7, 0xAB97, 0x13C8, 0xAB98, 0x13C9, 0xAB99, 0x13CA, 0xAB9A,
    0x13CB, 0xAB9B, 0x13CC, 0xAB9C, 0x13CD, 0xAB9D, 0x13CE, 0xAB9E, 0x13CF, 0xAB9F, 0x13D0, 0xABA0,
    0x13D1, 0xABA1, 0x13D2, 0xABA2, 0x13D3, 0xABA3, 0x13D4, 0xABA4, 0x13D5, 0xABA5, 0x13D6, 0xABA6,
    0x13D7, 0xABA7, 0x13D8, 0xABA8, 0x13D9, 0xABA9, 0x13DA, 0xABAA, 0x13DB, 0xABAB, 0x13DC, 0xABAC,
    0x13DD, 0xABAD, 0x13DE, 0xABAE, 0x13DF, 0xABAF, 0x13E0, 0xABB0, 0x13E1, 0xABB1, 0x13E2, 0xABB2,
    0x13E3, 0xABB3, 0x13E4, 0xABB4, 0x13E5, 0xABB5, 0x13E6, 0xABB6, 0x13E7, 0xABB7, 0x13E8, 0xABB8,
    0x13E9, 0xABB9, 0x13EA, 0xABBA, 0x13EB, 0xABBB, 0x13EC, 0xABBC, 0x13ED, 0xABBD, 0x13EE, 0xABBE,
    0x13EF, 0xABBF, 0x13F0, 0x13F8, 0x13F1, 0x13F9, 0x13F2, 0x13FA, 0x13F3, 0x13FB, 0x13F4, 0x13FC,
    0x13F5, 0x13FD, 0x1C89, 0x1C8A, 0x1C90, 0x10D0, 0x1C91, 0x10D1, 0x1C92, 0x10D2, 0x1C93, 0x10D3,
    0x1C94, 0x10D4, 0x1C95, 0x10D5, 0x1C96, 0x10D6, 0x1C97, 0x10D7, 0x1C98, 0x10D8, 0x1C99, 0x10D9,
    0x1C9A, 0x10DA, 0x1C9B, 0x10DB, 0x1C9C, 0x10DC, 0x1C9D, 0x10DD, 0x1C9E, 0x10DE, 0x1C9F, 0x10DF,
    0x1CA0, 0x10E0, 0x1CA1, 0x10E1, 0x1CA2, 0x10E2, 0x1CA3, 0x10E3, 0x1CA4, 0x10E4, 0x1CA5, 0x10E5,
    0x1CA6, 0x10E6, 0x1CA7, 0x10E7, 0x1CA8, 0x10E8, 0x1CA9, 0x10E9, 0x1CAA, 0x10EA, 0x1CAB, 0x10EB,
    0x1CAC, 0x10EC, 0x1CAD, 0x10ED, 0x1CAE, 0x10EE, 0x1CAF, 0x10EF, 0x1CB0, 0x10F0, 0x1CB1, 0x10F1,
    0x1CB2, 0x10F2, 0x1CB3, 0x10F3, 0x1CB4, 0x10F4, 0x1CB5, 0x10F5, 0x1CB6, 0x10F6, 0x1CB7, 0x10F7,
    0x1CB8, 0x10F8, 0x1CB9, 0x10F9, 0x1CBA, 0x10FA, 0x1CBD, 0x10FD, 0x1CBE, 0x10FE, 0x1CBF, 0x10FF,
    0x1E00, 0x1E01, 0x1E02, 0x1E03, 0x1E04, 0x1E05, 0x1E06, 0x1E07, 0x1E08, 0x1E09, 0x1E0A, 0x1E0B,
    0x1E0C, 0x1E0D, 0x1E0E, 0x1E0F, 0x1E10, 0x1E11, 0x1E12, 0x1E13, 0x1E14, 0x1E15, 0x1E16, 0x1E17,
    0x1E18, 0x1E19, 0x1E1A, 0x1E1B, 0x1E1C, 0x1E1D, 0x1E1E, 0x1E1F, 0x1E20, 0x1E21, 0x1E22, 0x1E23,
    0x1E24, 0x1E25, 0x1E26, 0x1E27, 0x1E28, 0x1E29, 0x1E2A, 0x1E2B, 0x1E2C, 0x1E2D, 0x1E2E, 0x1E2F,
    0x1E30, 0x1E31, 0x1E32, 0x1E33, 0x1E34, 0x1E35, 0x1E36, 0x1E37, 0x1E38, 0x1E39, 0x1E3A, 0x1E3B,
    0x1E3C, 0x1E3D, 0x1E3E, 0x1E3F, 0x1E40, 0x1E41, 0x1E42, 0x1E43, 0x1E44, 0x1E45, 0x1E46, 0x1E47,
    0x1E48, 0x1E49, 0x1E4A, 0x1E4B, 0x1E4C, 0x1E4D, 0x1E4E, 0x1E4F, 0x1E50, 0x1E51, 0x1E52, 0x1E53,
    0x1E54, 0x1E55, 0x1E56, 0x1E57, 0x1E58, 0x1E59, 0x1E5A, 0x1E5B, 0x1E5C, 0x1E5D, 0x1E5E, 0x1E5F,
    0x1E60, 0x1E61, 0x1E62, 0x1E63, 0x1E64, 0x1E65, 0x1E66, 0x1E67, 0x1E68, 0x1E69, 0x1E6A, 0x1E6B,
    0x1E6C, 0x1E6D, 0x1E6E, 0x1E6F, 0x1E70, 0x1E71, 0x1E72, 0x1E73, 0x1E74, 0x1E75, 0x1E76, 0x1E77,
    0x1E78, 0x1E79, 0x1E7A, 0x1E7B, 0x1E7C, 0x1E7D, 0x1E7E, 0x1E7F, 0x1E80, 0x1E81, 0x1E82, 0x1E83,
    0x1E84, 0x1E85, 0x1E86, 0x1E87, 0x1E88, 0x1E89, 0x1E8A, 0x1E8B, 0x1E8C, 0x1E8D, 0x1E8E, 0x1E8F,
    0x1E90, 0x1E91, 0x1E92, 0x1E93, 0x1E94, 0x1E95, 0x1E9E, 0xDF, 0x1EA0, 0x1EA1, 0x1EA2, 0x1EA3,
    0x1EA4, 0x1EA5, 0x1EA6, 0x1EA7, 0x1EA8, 0x1EA9, 0x1EAA, 0x1EAB, 0x1EAC, 0x1EAD, 0x1EAE, 0x1EAF,
    0x1EB0, 0x1EB1, 0x1EB2, 0x1EB3, 0x1EB4, 0x1EB5, 0x1EB6, 0x1EB7, 0x1EB8, 0x1EB9, 0x1EBA, 0x1EBB,
    0x1EBC, 0x1EBD, 0x1EBE, 0x1EBF, 0x1EC0, 0x1EC1, 0x1EC2, 0x1EC3, 0x1EC4, 0x1EC5, 0x1EC6, 0x1EC7,
    0x1EC8, 0x1EC9, 0x1ECA, 0x1ECB, 0x1ECC, 0x1ECD, 0x1ECE, 0x1ECF, 0x1ED0, 0x1ED1, 0x1ED2, 0x1ED3,
    0x1ED4, 0x1ED5, 0x1ED6, 0x1ED7, 0x1ED8, 0x1ED9, 0x1EDA, 0x1EDB, 0x1EDC, 0x1EDD, 0x1EDE, 0x1EDF,
    0x1EE0, 0x1EE1, 0x1EE2, 0x1EE3, 0x1EE4, 0x1EE5, 0x1EE6, 0x1EE7, 0x1EE8, 0x1EE9, 0x1EEA, 0x1EEB,
    0x1EEC, 0x1EED, 0x1EEE, 0x1EEF, 0x1EF0, 0x1EF1, 0x1EF2, 0x1EF3, 0x1EF4, 0x1EF5, 0x1EF6, 0x1EF7,
    0x1EF8, 0x1EF9, 0x1EFA, 0x1EFB, 0x1EFC, 0x1EFD, 0x1EFE, 0x1EFF, 0x1F08, 0x1F00, 0x1F09, 0x1F01,
    0x1F0A, 0x1F02, 0x1F0B, 0x1F03, 0x1F0C, 0x1F04, 0x1F0D, 0x1F05, 0x1F0E, 0x1F06, 0x1F0F, 0x1F07,
    0x1F18, 0x1F10, 0x1F19, 0x1F11, 0x1F1A, 0x1F12, 0x1F1B, 0x1F13, 0x1F1C, 0x1F14, 0x1F1D, 0x1F15,
    0x1F28, 0x1F20, 0x1F29, 0x1F21, 0x1F2A, 0x1F22, 0x1F2B, 0x1F23, 0x1F2C, 0x1F24, 0x1F2D, 0x1F25,
    0x1F2E, 0x1F26, 0x1F2F, 0x1F27, 0x1F38, 0x1F30, 0x1F39, 0x1F31, 0x1F3A, 0x1F32, 0x1F3B, 0x1F33,
    0x1F3C, 0x1F34, 0x1F3D, 0x1F35, 0x1F3E, 0x1F36, 0x1F3F, 0x1F37, 0x1F48, 0x1F40, 0x1F49, 0x1F41,
    0x1F4A, 0x1F42, 0x1F4B, 0x1F43, 0x1F4C, 0x1F44, 0x1F4D, 0x1F45, 0x1F59, 0x1F51, 0x1F5B, 0x1F53,
    0x1F5D, 0x1F55, 0x1F5F, 0x1F57, 0x1F68, 0x1F60, 0x1F69, 0x1F61, 0x1F6A, 0x1F62, 0x1F6B, 0x1F63,
    0x1F6C, 0x1F64, 0x1F6D, 0x1F65, 0x1F6E, 0x1F66, 0x1F6F, 0x1F67, 0x1F88, 0x1F80, 0x1F89, 0x1F81,
    0x1F8A, 0x1F82, 0x1F8B, 0x1F83, 0x1F8C, 0x1F84, 0x1F8D, 0x1F85, 0x1F8E, 0x1F86, 0x1F8F, 0x1F87,
    0x1F98, 0x1F90, 0x1F99, 0x1F91, 0x1F9A, 0x1F92, 0x1F9B, 0x1F93, 0x1F9C, 0x1F94, 0x1F9D, 0x1F95,
    0x1F9E, 0x1F96, 0x1F9F, 0x1F97, 0x1FA8, 0x1FA0, 0x1FA9, 0x1FA1, 0x1FAA, 0x1FA2, 0x1FAB, 0x1FA3,
    0x1FAC, 0x1FA4, 0x1FAD, 0x1FA5, 0x1FAE, 0x1FA6, 0x1FAF, 0x1FA7, 0x1FB8, 0x1FB0, 0x1FB9, 0x1FB1,
    0x1FBA, 0x1F70, 0x1FBB, 0x1F71, 0x1FBC, 0x1FB3, 0x1FC8, 0x1F72, 0x1FC9, 0x1F73, 0x1FCA, 0x1F74,
    0x1FCB, 0x1F75, 0x1FCC, 0x1FC3, 0x1FD8, 0x1FD0, 0x1FD9, 0x1FD1, 0x1FDA, 0x1F76, 0x1FDB, 0x1F77,
    0x1FE8, 0x1FE0, 0x1FE9, 0x1FE1, 0x1FEA, 0x1F7A, 0x1FEB, 0x1F7B, 0x1FEC, 0x1FE5, 0x1FF8, 0x1F78,
    0x1FF9, 0x1F79, 0x1FFA, 0x1F7C, 0x1FFB, 0x1F7D, 0x1FFC, 0x1FF3, 0x2126, 0x3C9, 0x212A, 0x6B,
    0x212B, 0xE5, 0x2132, 0x214E, 0x2160, 0x2170, 0x2161, 0x2171, 0x2162, 0x2172, 0x2163, 0x2173,
    0x2164, 0x2174, 0x2165, 0x2175, 0x2166, 0x2176, 0x2167, 0x2177, 0x2168, 0x2178, 0x2169, 0x2179,
    0x216A, 0x217A, 0x216B, 0x217B, 0x216C, 0x217C, 0x216D, 0x217D, 0x216E, 0x217E, 0x216F, 0x217F,
    0x2183, 0x2184, 0x24B6, 0x24D0, 0x24B7, 0x24D1, 0x24B8, 0x24D2, 0x24B9, 0x24D3, 0x24BA, 0x24D4,
    0x24BB, 0x24D5, 0x24BC, 0x24D6, 0x24BD, 0x24D7, 0x24BE, 0x24D8, 0x24BF, 0x24D9, 0x24C0, 0x24DA,
    0x24C1, 0x24DB, 0x24C2, 0x24DC, 0x24C3, 0x24DD, 0x24C4, 0x24DE, 0x24C5, 0x24DF, 0x24C6, 0x24E0,
    0x24C7, 0x24E1, 0x24C8, 0x24E2, 0x24C9, 0x24E3, 0x24CA, 0x24E4, 0x24CB, 0x24E5, 0x24CC, 0x24E6,
    0x24CD, 0x24E7, 0x24CE, 0x24E8, 0x24CF, 0x24E9, 0x2C00, 0x2C30, 0x2C01, 0x2C31, 0x2C02, 0x2C32,
    0x2C03, 0x2C33, 0x2C04, 0x2C34, 0x2C05, 0x2C35, 0x2C06, 0x2C36, 0x2C07, 0x2C37, 0x2C08, 0x2C38,
    0x2C09, 0x2C39, 0x2C0A, 0x2C3A, 0x2C0B, 0x2C3B, 0x2C0C, 0x2C3C, 0x2C0D, 0x2C3D, 0x2C0E, 0x2C3E,
    0x2C0F, 0x2C3F, 0x2C10, 0x2C40, 0x2C11, 0x2C41, 0x2C12, 0x2C42, 0x2C13, 0x2C43, 0x2C14, 0x2C44,
    0x2C15, 0x2C45, 0x2C16, 0x2C46, 0x2C17, 0x2C47, 0x2C18, 0x2C48, 0x2C19, 0x2C49, 0x2C1A, 0x2C4A,
    0x2C1B, 0x2C4B, 0x2C1C, 0x2C4C, 0x2C1D, 0x2C4D, 0x2C1E, 0x2C4E, 0x2C1F, 0x2C4F, 0x2C20, 0x2C50,
    0x2C21, 0x2C51, 0x2C22, 0x2C52, 0x2C23, 0x2C53, 0x2C24, 0x2C54, 0x2C25, 0x2C55, 0x2C26, 0x2C56,
    0x2C27, 0x2C57, 0x2C28, 0x2C58, 0x2C29, 0x2C59, 0x2C2A, 0x2C5A, 0x2C2B, 0x2C5B, 0x2C2C, 0x2C5C,
    0x2C2D, 0x2C5D, 0x2C2E, 0x2C5E, 0x2C2F, 0x2C5F, 0x2C60, 0x2C61, 0x2C62, 0x26B, 0x2C63, 0x1D7D,
    0x2C64, 0x27D, 0x2C67, 0x2C68, 0x2C69, 0x2C6A, 0x2C6B, 0x2C6C, 0x2C6D, 0x251, 0x2C6E, 0x271,
    0x2C6F, 0x250, 0x2C70, 0x252, 0x2C72, 0x2C73, 0x2C75, 0x2C76, 0x2C7E, 0x23F, 0x2C7F, 0x240,
    0x2C80, 0x2C81, 0x2C82, 0x2C83, 0x2C84, 0x2C85, 0x2C86, 0x2C87, 0x2C88, 0x2C89, 0x2C8A, 0x2C8B,
    0x2C8C, 0x2C8D, 0x2C8E, 0x2C8F, 0x2C90, 0x2C91, 0x2C92, 0x2C93, 0x2C94, 0x2C95, 0x2C96, 0x2C97,
    0x2C98, 0x2C99, 0x2C9A, 0x2C9B, 0x2C9C, 0x2C9D, 0x2C9E, 0x2C9F, 0x2CA0, 0x2CA1, 0x2CA2, 0x2CA3,
    0x2CA4, 0x2CA5, 0x2CA6, 0x2CA7, 0x2CA8, 0x2CA9, 0x2CAA, 0x2CAB, 0x2CAC, 0x2CAD, 0x2CAE, 0x2CAF,
    0x2CB0, 0x2CB1, 0x2CB2, 0x2CB3, 0x2CB4, 0x2CB5, 0x2CB6, 0x2CB7, 0x2CB8, 0x2CB9, 0x2CBA, 0x2CBB,
    0x2CBC, 0x2CBD, 0x2CBE, 0x2CBF, 0x2CC0, 0x2CC1, 0x2CC2, 0x2CC3, 0x2CC4, 0x2CC5, 0x2CC6, 0x2CC7,
    0x2CC8, 0x2CC9, 0x2CCA, 0x2CCB, 0x2CCC, 0x2CCD, 0x2CCE, 0x2CCF, 0x2CD0, 0x2CD1, 0x2CD2, 0x2CD3,
    0x2CD4, 0x2CD5, 0x2CD6, 0x2CD7, 0x2CD8, 0x2CD9, 0x2CDA, 0x2CDB, 0x2CDC, 0x2CDD, 0x2CDE, 0x2CDF,
    0x2CE0, 0x2CE1, 0x2CE2, 0x2CE3, 0x2CEB, 0x2CEC, 0x2CED, 0x2CEE, 0x2CF2, 0x2CF3, 0xA640, 0xA641,
    0xA642, 0xA643, 0xA644, 0xA645, 0xA646, 0xA647, 0xA648, 0xA649, 0xA64A, 0xA64B, 0xA64C, 0xA64D,
    0xA64E, 0xA64F, 0xA650, 0xA651, 0xA652, 0xA653, 0xA654, 0xA655, 0xA656, 0xA657, 0xA658, 0xA659,
    0xA65A, 0xA65B, 0xA65C, 0xA65D, 0xA65E, 0xA65F, 0xA660, 0xA661, 0xA662, 0xA663, 0xA664, 0xA665,
    0xA666, 0xA667, 0xA668, 0xA669, 0xA66A, 0xA66B, 0xA66C, 0xA66D, 0xA680, 0xA681, 0xA682, 0xA683,
    0xA684, 0xA685, 0xA686, 0xA687, 0xA688, 0xA689, 0xA68A, 0xA68B, 0xA68C, 0xA68D, 0xA68E, 0xA68F,
    0xA690, 0xA691, 0xA692, 0xA693, 0xA694, 0xA695, 0xA696, 0xA697, 0xA698, 0xA699, 0xA69A, 0xA69B,
    0xA722, 0xA723, 0xA724, 0xA725, 0xA726, 0xA727, 0xA728, 0xA729, 0xA72A, 0xA72B, 0xA72C, 0xA72D,
    0xA72E, 0xA72F, 0xA732, 0xA733, 0xA734, 0xA735, 0xA736, 0xA737, 0xA738, 0xA739, 0xA73A, 0xA73B,
    0xA73C, 0xA73D, 0xA73E, 0xA73F, 0xA740, 0xA741, 0xA742, 0xA743, 0xA744, 0xA745, 0xA746, 0xA747,
    0xA748, 0xA749, 0xA74A, 0xA74B, 0xA74C, 0xA74D, 0xA74E, 0xA74F, 0xA750, 0xA751, 0xA752, 0xA753,
    0xA754, 0xA755, 0xA756, 0xA757, 0xA758, 0xA759, 0xA75A, 0xA75B, 0xA75C, 0xA75D, 0xA75E, 0xA75F,
    0xA760, 0xA761, 0xA762, 0xA763, 0xA764, 0xA765, 0xA766, 0xA767, 0xA768, 0xA769, 0xA76A, 0xA76B,
    0xA76C, 0xA76D, 0xA76E, 0xA76F, 0xA779, 0xA77A, 0xA77B, 0xA77C, 0xA77D, 0x1D79, 0xA77E, 0xA77F,
    0xA780, 0xA781, 0xA782, 0xA783, 0xA784, 0xA785, 0xA786, 0xA787, 0xA78B, 0xA78C, 0xA78D, 0x265,
    0xA790, 0xA791, 0xA792, 0xA793, 0xA796, 0xA797, 0xA798, 0xA799, 0xA79A, 0xA79B, 0xA79C, 0xA79D,
    0xA79E, 0xA79F, 0xA7A0, 0xA7A1, 0xA7A2, 0xA7A3, 0xA7A4, 0xA7A5, 0xA7A6, 0xA7A7, 0xA7A8, 0xA7A9,
    0xA7AA, 0x266, 0xA7AB, 0x25C, 0xA7AC, 0x261, 0xA7AD, 0x26C, 0xA7AE, 0x26A, 0xA7B0, 0x29E,
    0xA7B1, 0x287, 0xA7B2, 0x29D, 0xA7B3, 0xAB53, 0xA7B4, 0xA7B5, 0xA7B6, 0xA7B7, 0xA7B8, 0xA7B9,
    0xA7BA, 0xA7BB, 0xA7BC, 0xA7BD, 0xA7BE, 0xA7BF, 0xA7C0, 0xA7C1, 0xA7C2, 0xA7C3, 0xA7C4, 0xA794,
    0xA7C5, 0x282, 0xA7C6, 0x1D8E, 0xA7C7, 0xA7C8, 0xA7C9, 0xA7CA, 0xA7CB, 0x264, 0xA7CC, 0xA7CD,
    0xA7CE, 0xA7CF, 0xA7D0, 0xA7D1, 0xA7D2, 0xA7D3, 0xA7D4, 0xA7D5, 0xA7D6, 0xA7D7, 0xA7D8, 0xA7D9,
    0xA7DA, 0xA7DB, 0xA7DC, 0x19B, 0xA7DD, 0x277, 0xA7E2, 0x27C, 0xA7F5, 0xA7F6, 0xAB6C, 0xAB4B,
    0xAB6D, 0xAB4C, 0xFF21, 0xFF41, 0xFF22, 0xFF42, 0xFF23, 0xFF43, 0xFF24, 0xFF44, 0xFF25, 0xFF45,
    0xFF26, 0xFF46, 0xFF27, 0xFF47, 0xFF28, 0xFF48, 0xFF29, 0xFF49, 0xFF2A, 0xFF4A, 0xFF2B, 0xFF4B,
    0xFF2C, 0xFF4C, 0xFF2D, 0xFF4D, 0xFF2E, 0xFF4E, 0xFF2F, 0xFF4F, 0xFF30, 0xFF50, 0xFF31, 0xFF51,
    0xFF32, 0xFF52, 0xFF33, 0xFF53, 0xFF34, 0xFF54, 0xFF35, 0xFF55, 0xFF36, 0xFF56, 0xFF37, 0xFF57,
    0xFF38, 0xFF58, 0xFF39, 0xFF59, 0xFF3A, 0xFF5A, 0x10400, 0x10428, 0x10401, 0x10429, 0x10402, 0x1042A,
    0x10403, 0x1042B, 0x10404, 0x1042C, 0x10405, 0x1042D, 0x10406, 0x1042E, 0x10407, 0x1042F, 0x10408, 0x10430,
    0x10409, 0x10431, 0x1040A, 0x10432, 0x1040B, 0x10433, 0x1040C, 0x10434, 0x1040D, 0x10435, 0x1040E, 0x10436,
    0x1040F, 0x10437, 0x10410, 0x10438, 0x10411, 0x10439, 0x10412, 0x1043A, 0x10413, 0x1043B, 0x10414, 0x1043C,
    0x10415, 0x1043D, 0x10416, 0x1043E, 0x10417, 0x1043F, 0x10418, 0x10440, 0x10419, 0x10441, 0x1041A, 0x10442,
    0x1041B, 0x10443, 0x1041C, 0x10444, 0x1041D, 0x10445, 0x1041E, 0x10446, 0x1041F, 0x10447, 0x10420, 0x10448,
    0x10421, 0x10449, 0x10422, 0x1044A, 0x10423, 0x1044B, 0x10424, 0x1044C, 0x10425, 0x1044D, 0x10426, 0x1044E,
    0x10427, 0x1044F, 0x104B0, 0x104D8, 0x104B1, 0x104D9, 0x104B2, 0x104DA, 0x104B3, 0x104DB, 0x104B4, 0x104DC,
    0x104B5, 0x104DD, 0x104B6, 0x104DE, 0x104B7, 0x104DF, 0x104B8, 0x104E0, 0x104B9, 0x104E1, 0x104BA, 0x104E2,
    0x104BB, 0x104E3, 0x104BC, 0x104E4, 0x104BD, 0x104E5, 0x104BE, 0x104E6, 0x104BF, 0x104E7, 0x104C0, 0x104E8,
    0x104C1, 0x104E9, 0x104C2, 0x104EA, 0x104C3, 0x104EB, 0x104C4, 0x104EC, 0x104C5, 0x104ED, 0x104C6, 0x104EE,
    0x104C7, 0x104EF, 0x104C8, 0x104F0, 0x104C9, 0x104F1, 0x104CA, 0x104F2, 0x104CB, 0x104F3, 0x104CC, 0x104F4,
    0x104CD, 0x104F5, 0x104CE, 0x104F6, 0x104CF, 0x104F7, 0x104D0, 0x104F8, 0x104D1, 0x104F9, 0x104D2, 0x104FA,
    0x104D3, 0x104FB, 0x10570, 0x10597, 0x10571, 0x10598, 0x10572, 0x10599, 0x10573, 0x1059A, 0x10574, 0x1059B,
    0x10575, 0x1059C, 0x10576, 0x1059D, 0x10577, 0x1059E, 0x10578, 0x1059F, 0x10579, 0x105A0, 0x1057A, 0x105A1,
    0x1057C, 0x105A3, 0x1057D, 0x105A4, 0x1057E, 0x105A5, 0x1057F, 0x105A6, 0x10580, 0x105A7, 0x10581, 0x105A8,
    0x10582, 0x105A9, 0x10583, 0x105AA, 0x10584, 0x105AB, 0x10585, 0x105AC, 0x10586, 0x105AD, 0x10587, 0x105AE,
    0x10588, 0x105AF, 0x10589, 0x105B0, 0x1058A, 0x105B1, 0x1058C, 0x105B3, 0x1058D, 0x105B4, 0x1058E, 0x105B5,
    0x1058F, 0x105B6, 0x10590, 0x105B7, 0x10591, 0x105B8, 0x10592, 0x105B9, 0x10594, 0x105BB, 0x10595, 0x105BC,
    0x10C80, 0x10CC0, 0x10C81, 0x10CC1, 0x10C82, 0x10CC2, 0x10C83, 0x10CC3, 0x10C84, 0x10CC4, 0x10C85, 0x10CC5,
    0x10C86, 0x10CC6, 0x10C87, 0x10CC7, 0x10C88, 0x10CC8, 0x10C89, 0x10CC9, 0x10C8A, 0x10CCA, 0x10C8B, 0x10CCB,
    0x10C8C, 0x10CCC, 0x10C8D, 0x10CCD, 0x10C8E, 0x10CCE, 0x10C8F, 0x10CCF, 0x10C90, 0x10CD0, 0x10C91, 0x10CD1,
    0x10C92, 0x10CD2, 0x10C93, 0x10CD3, 0x10C94, 0x10CD4, 0x10C95, 0x10CD5, 0x10C96, 0x10CD6, 0x10C97, 0x10CD7,
    0x10C98, 0x10CD8, 0x10C99, 0x10CD9, 0x10C9A, 0x10CDA, 0x10C9B, 0x10CDB, 0x10C9C, 0x10CDC, 0x10C9D, 0x10CDD,
    0x10C9E, 0x10CDE, 0x10C9F, 0x10CDF, 0x10CA0, 0x10CE0, 0x10CA1, 0x10CE1, 0x10CA2, 0x10CE2, 0x10CA3, 0x10CE3,
    0x10CA4, 0x10CE4, 0x10CA5, 0x10CE5, 0x10CA6, 0x10CE6, 0x10CA7, 0x10CE7, 0x10CA8, 0x10CE8, 0x10CA9, 0x10CE9,
    0x10CAA, 0x10CEA, 0x10CAB, 0x10CEB, 0x10CAC, 0x10CEC, 0x10CAD, 0x10CED, 0x10CAE, 0x10CEE, 0x10CAF, 0x10CEF,
    0x10CB0, 0x10CF0, 0x10CB1, 0x10CF1, 0x10CB2, 0x10CF2, 0x10D50, 0x10D70, 0x10D51, 0x10D71, 0x10D52, 0x10D72,
    0x10D53, 0x10D73, 0x10D54, 0x10D74, 0x10D55, 0x10D75, 0x10D56, 0x10D76, 0x10D57, 0x10D77, 0x10D58, 0x10D78,
    0x10D59, 0x10D79, 0x10D5A, 0x10D7A, 0x10D5B, 0x10D7B, 0x10D5C, 0x10D7C, 0x10D5D, 0x10D7D, 0x10D5E, 0x10D7E,
    0x10D5F, 0x10D7F, 0x10D60, 0x10D80, 0x10D61, 0x10D81, 0x10D62, 0x10D82, 0x10D63, 0x10D83, 0x10D64, 0x10D84,
    0x10D65, 0x10D85, 0x118A0, 0x118C0, 0x118A1, 0x118C1, 0x118A2, 0x118C2, 0x118A3, 0x118C3, 0x118A4, 0x118C4,
    0x118A5, 0x118C5, 0x118A6, 0x118C6, 0x118A7, 0x118C7, 0x118A8, 0x118C8, 0x118A9, 0x118C9, 0x118AA, 0x118CA,
    0x118AB, 0x118CB, 0x118AC, 0x118CC, 0x118AD, 0x118CD, 0x118AE, 0x118CE, 0x118AF, 0x118CF, 0x118B0, 0x118D0,
    0x118B1, 0x118D1, 0x118B2, 0x118D2, 0x118B3, 0x118D3, 0x118B4, 0x118D4, 0x118B5, 0x118D5, 0x118B6, 0x118D6,
    0x118B7, 0x118D7, 0x118B8, 0x118D8, 0x118B9, 0x118D9, 0x118BA, 0x118DA, 0x118BB, 0x118DB, 0x118BC, 0x118DC,
    0x118BD, 0x118DD, 0x118BE, 0x118DE, 0x118BF, 0x118DF, 0x16E40, 0x16E60, 0x16E41, 0x16E61, 0x16E42, 0x16E62,
    0x16E43, 0x16E63, 0x16E44, 0x16E64, 0x16E45, 0x16E65, 0x16E46, 0x16E66, 0x16E47, 0x16E67, 0x16E48, 0x16E68,
    0x16E49, 0x16E69, 0x16E4A, 0x16E6A, 0x16E4B, 0x16E6B, 0x16E4C, 0x16E6C, 0x16E4D, 0x16E6D, 0x16E4E, 0x16E6E,
    0x16E4F, 0x16E6F, 0x16E50, 0x16E70, 0x16E51, 0x16E71, 0x16E52, 0x16E72, 0x16E53, 0x16E73, 0x16E54, 0x16E74,
    0x16E55, 0x16E75, 0x16E56, 0x16E76, 0x16E57, 0x16E77, 0x16E58, 0x16E78, 0x16E59, 0x16E79, 0x16E5A, 0x16E7A,
    0x16E5B, 0x16E7B, 0x16E5C, 0x16E7C, 0x16E5D, 0x16E7D, 0x16E5E, 0x16E7E, 0x16E5F, 0x16E7F, 0x16EA0, 0x16EBB,
    0x16EA1, 0x16EBC, 0x16EA2, 0x16EBD, 0x16EA3, 0x16EBE, 0x16EA4, 0x16EBF, 0x16EA5, 0x16EC0, 0x16EA6, 0x16EC1,
    0x16EA7, 0x16EC2, 0x16EA8, 0x16EC3, 0x16EA9, 0x16EC4, 0x16EAA, 0x16EC5, 0x16EAB, 0x16EC6, 0x16EAC, 0x16EC7,
    0x16EAD, 0x16EC8, 0x16EAE, 0x16EC9, 0x16EAF, 0x16ECA, 0x16EB0, 0x16ECB, 0x16EB1, 0x16ECC, 0x16EB2, 0x16ECD,
    0x16EB3, 0x16ECE, 0x16EB4, 0x16ECF, 0x16EB5, 0x16ED0, 0x16EB6, 0x16ED1, 0x16EB7, 0x16ED2, 0x16EB8, 0x16ED3,
    0x1DF40, 0x1DF41, 0x1DF48, 0x1DF49, 0x1DF4A, 0x1DF4B, 0x1DF4D, 0x1DF4E, 0x1DF51, 0x1DF52, 0x1DF68, 0x1DF69,
    0x1DF6A, 0x1DF6B, 0x1DF6C, 0x1DF6D, 0x1DF6E, 0x1DF6F, 0x1DF72, 0x1DF73, 0x1DF74, 0x1DF75, 0x1DF76, 0x1DF77,
    0x1DF78, 0x1DF79, 0x1DF7A, 0x1DF7B, 0x1DF7C, 0x1DF7D, 0x1DF7E, 0x1DF7F, 0x1E900, 0x1E922, 0x1E901, 0x1E923,
    0x1E902, 0x1E924, 0x1E903, 0x1E925, 0x1E904, 0x1E926, 0x1E905, 0x1E927, 0x1E906, 0x1E928, 0x1E907, 0x1E929,
    0x1E908, 0x1E92A, 0x1E909, 0x1E92B, 0x1E90A, 0x1E92C, 0x1E90B, 0x1E92D, 0x1E90C, 0x1E92E, 0x1E90D, 0x1E92F,
    0x1E90E, 0x1E930, 0x1E90F, 0x1E931, 0x1E910, 0x1E932, 0x1E911, 0x1E933, 0x1E912, 0x1E934, 0x1E913, 0x1E935,
    0x1E914, 0x1E936, 0x1E915, 0x1E937, 0x1E916, 0x1E938, 0x1E917, 0x1E939, 0x1E918, 0x1E93A, 0x1E919, 0x1E93B,
    0x1E91A, 0x1E93C, 0x1E91B, 0x1E93D, 0x1E91C, 0x1E93E, 0x1E91D, 0x1E93F, 0x1E91E, 0x1E940, 0x1E91F, 0x1E941,
    0x1E920, 0x1E942, 0x1E921, 0x1E943,
};
const struct upairs uni_lower = { LOWER, 1508 };
static const uint32_t FOLD[] = {
    0x41, 0x61, 0x42, 0x62, 0x43, 0x63, 0x44, 0x64, 0x45, 0x65, 0x46, 0x66,
    0x47, 0x67, 0x48, 0x68, 0x49, 0x69, 0x4A, 0x6A, 0x4B, 0x6B, 0x4C, 0x6C,
    0x4D, 0x6D, 0x4E, 0x6E, 0x4F, 0x6F, 0x50, 0x70, 0x51, 0x71, 0x52, 0x72,
    0x53, 0x73, 0x54, 0x74, 0x55, 0x75, 0x56, 0x76, 0x57, 0x77, 0x58, 0x78,
    0x59, 0x79, 0x5A, 0x7A, 0xB5, 0x3BC, 0xC0, 0xE0, 0xC1, 0xE1, 0xC2, 0xE2,
    0xC3, 0xE3, 0xC4, 0xE4, 0xC5, 0xE5, 0xC6, 0xE6, 0xC7, 0xE7, 0xC8, 0xE8,
    0xC9, 0xE9, 0xCA, 0xEA, 0xCB, 0xEB, 0xCC, 0xEC, 0xCD, 0xED, 0xCE, 0xEE,
    0xCF, 0xEF, 0xD0, 0xF0, 0xD1, 0xF1, 0xD2, 0xF2, 0xD3, 0xF3, 0xD4, 0xF4,
    0xD5, 0xF5, 0xD6, 0xF6, 0xD8, 0xF8, 0xD9, 0xF9, 0xDA, 0xFA, 0xDB, 0xFB,
    0xDC, 0xFC, 0xDD, 0xFD, 0xDE, 0xFE, 0x100, 0x101, 0x102, 0x103, 0x104, 0x105,
    0x106, 0x107, 0x108, 0x109, 0x10A, 0x10B, 0x10C, 0x10D, 0x10E, 0x10F, 0x110, 0x111,
    0x112, 0x113, 0x114, 0x115, 0x116, 0x117, 0x118, 0x119, 0x11A, 0x11B, 0x11C, 0x11D,
    0x11E, 0x11F, 0x120, 0x121, 0x122, 0x123, 0x124, 0x125, 0x126, 0x127, 0x128, 0x129,
    0x12A, 0x12B, 0x12C, 0x12D, 0x12E, 0x12F, 0x132, 0x133, 0x134, 0x135, 0x136, 0x137,
    0x139, 0x13A, 0x13B, 0x13C, 0x13D, 0x13E, 0x13F, 0x140, 0x141, 0x142, 0x143, 0x144,
    0x145, 0x146, 0x147, 0x148, 0x14A, 0x14B, 0x14C, 0x14D, 0x14E, 0x14F, 0x150, 0x151,
    0x152, 0x153, 0x154, 0x155, 0x156, 0x157, 0x158, 0x159, 0x15A, 0x15B, 0x15C, 0x15D,
    0x15E, 0x15F, 0x160, 0x161, 0x162, 0x163, 0x164, 0x165, 0x166, 0x167, 0x168, 0x169,
    0x16A, 0x16B, 0x16C, 0x16D, 0x16E, 0x16F, 0x170, 0x171, 0x172, 0x173, 0x174, 0x175,
    0x176, 0x177, 0x178, 0xFF, 0x179, 0x17A, 0x17B, 0x17C, 0x17D, 0x17E, 0x17F, 0x73,
    0x181, 0x253, 0x182, 0x183, 0x184, 0x185, 0x186, 0x254, 0x187, 0x188, 0x189, 0x256,
    0x18A, 0x257, 0x18B, 0x18C, 0x18E, 0x1DD, 0x18F, 0x259, 0x190, 0x25B, 0x191, 0x192,
    0x193, 0x260, 0x194, 0x263, 0x196, 0x269, 0x197, 0x268, 0x198, 0x199, 0x19C, 0x26F,
    0x19D, 0x272, 0x19F, 0x275, 0x1A0, 0x1A1, 0x1A2, 0x1A3, 0x1A4, 0x1A5, 0x1A6, 0x280,
    0x1A7, 0x1A8, 0x1A9, 0x283, 0x1AC, 0x1AD, 0x1AE, 0x288, 0x1AF, 0x1B0, 0x1B1, 0x28A,
    0x1B2, 0x28B, 0x1B3, 0x1B4, 0x1B5, 0x1B6, 0x1B7, 0x292, 0x1B8, 0x1B9, 0x1BC, 0x1BD,
    0x1C4, 0x1C6, 0x1C5, 0x1C6, 0x1C7, 0x1C9, 0x1C8, 0x1C9, 0x1CA, 0x1CC, 0x1CB, 0x1CC,
    0x1CD, 0x1CE, 0x1CF, 0x1D0, 0x1D1, 0x1D2, 0x1D3, 0x1D4, 0x1D5, 0x1D6, 0x1D7, 0x1D8,
    0x1D9, 0x1DA, 0x1DB, 0x1DC, 0x1DE, 0x1DF, 0x1E0, 0x1E1, 0x1E2, 0x1E3, 0x1E4, 0x1E5,
    0x1E6, 0x1E7, 0x1E8, 0x1E9, 0x1EA, 0x1EB, 0x1EC, 0x1ED, 0x1EE, 0x1EF, 0x1F1, 0x1F3,
    0x1F2, 0x1F3, 0x1F4, 0x1F5, 0x1F6, 0x195, 0x1F7, 0x1BF, 0x1F8, 0x1F9, 0x1FA, 0x1FB,
    0x1FC, 0x1FD, 0x1FE, 0x1FF, 0x200, 0x201, 0x202, 0x203, 0x204, 0x205, 0x206, 0x207,
    0x208, 0x209, 0x20A, 0x20B, 0x20C, 0x20D, 0x20E, 0x20F, 0x210, 0x211, 0x212, 0x213,
    0x214, 0x215, 0x216, 0x217, 0x218, 0x219, 0x21A, 0x21B, 0x21C, 0x21D, 0x21E, 0x21F,
    0x220, 0x19E, 0x222, 0x223, 0x224, 0x225, 0x226, 0x227, 0x228, 0x229, 0x22A, 0x22B,
    0x22C, 0x22D, 0x22E, 0x22F, 0x230, 0x231, 0x232, 0x233, 0x23A, 0x2C65, 0x23B, 0x23C,
    0x23D, 0x19A, 0x23E, 0x2C66, 0x241, 0x242, 0x243, 0x180, 0x244, 0x289, 0x245, 0x28C,
    0x246, 0x247, 0x248, 0x249, 0x24A, 0x24B, 0x24C, 0x24D, 0x24E, 0x24F, 0x345, 0x3B9,
    0x370, 0x371, 0x372, 0x373, 0x376, 0x377, 0x37F, 0x3F3, 0x386, 0x3AC, 0x388, 0x3AD,
    0x389, 0x3AE, 0x38A, 0x3AF, 0x38C, 0x3CC, 0x38E, 0x3CD, 0x38F, 0x3CE, 0x391, 0x3B1,
    0x392, 0x3B2, 0x393, 0x3B3, 0x394, 0x3B4, 0x395, 0x3B5, 0x396, 0x3B6, 0x397, 0x3B7,
    0x398, 0x3B8, 0x399, 0x3B9, 0x39A, 0x3BA, 0x39B, 0x3BB, 0x39C, 0x3BC, 0x39D, 0x3BD,
    0x39E, 0x3BE, 0x39F, 0x3BF, 0x3A0, 0x3C0, 0x3A1, 0x3C1, 0x3A3, 0x3C3, 0x3A4, 0x3C4,
    0x3A5, 0x3C5, 0x3A6, 0x3C6, 0x3A7, 0x3C7, 0x3A8, 0x3C8, 0x3A9, 0x3C9, 0x3AA, 0x3CA,
    0x3AB, 0x3CB, 0x3C2, 0x3C3, 0x3CF, 0x3D7, 0x3D0, 0x3B2, 0x3D1, 0x3B8, 0x3D5, 0x3C6,
    0x3D6, 0x3C0, 0x3D8, 0x3D9, 0x3DA, 0x3DB, 0x3DC, 0x3DD, 0x3DE, 0x3DF, 0x3E0, 0x3E1,
    0x3E2, 0x3E3, 0x3E4, 0x3E5, 0x3E6, 0x3E7, 0x3E8, 0x3E9, 0x3EA, 0x3EB, 0x3EC, 0x3ED,
    0x3EE, 0x3EF, 0x3F0, 0x3BA, 0x3F1, 0x3C1, 0x3F4, 0x3B8, 0x3F5, 0x3B5, 0x3F7, 0x3F8,
    0x3F9, 0x3F2, 0x3FA, 0x3FB, 0x3FD, 0x37B, 0x3FE, 0x37C, 0x3FF, 0x37D, 0x400, 0x450,
    0x401, 0x451, 0x402, 0x452, 0x403, 0x453, 0x404, 0x454, 0x405, 0x455, 0x406, 0x456,
    0x407, 0x457, 0x408, 0x458, 0x409, 0x459, 0x40A, 0x45A, 0x40B, 0x45B, 0x40C, 0x45C,
    0x40D, 0x45D, 0x40E, 0x45E, 0x40F, 0x45F, 0x410, 0x430, 0x411, 0x431, 0x412, 0x432,
    0x413, 0x433, 0x414, 0x434, 0x415, 0x435, 0x416, 0x436, 0x417, 0x437, 0x418, 0x438,
    0x419, 0x439, 0x41A, 0x43A, 0x41B, 0x43B, 0x41C, 0x43C, 0x41D, 0x43D, 0x41E, 0x43E,
    0x41F, 0x43F, 0x420, 0x440, 0x421, 0x441, 0x422, 0x442, 0x423, 0x443, 0x424, 0x444,
    0x425, 0x445, 0x426, 0x446, 0x427, 0x447, 0x428, 0x448, 0x429, 0x449, 0x42A, 0x44A,
    0x42B, 0x44B, 0x42C, 0x44C, 0x42D, 0x44D, 0x42E, 0x44E, 0x42F, 0x44F, 0x460, 0x461,
    0x462, 0x463, 0x464, 0x465, 0x466, 0x467, 0x468, 0x469, 0x46A, 0x46B, 0x46C, 0x46D,
    0x46E, 0x46F, 0x470, 0x471, 0x472, 0x473, 0x474, 0x475, 0x476, 0x477, 0x478, 0x479,
    0x47A, 0x47B, 0x47C, 0x47D, 0x47E, 0x47F, 0x480, 0x481, 0x48A, 0x48B, 0x48C, 0x48D,
    0x48E, 0x48F, 0x490, 0x491, 0x492, 0x493, 0x494, 0x495, 0x496, 0x497, 0x498, 0x499,
    0x49A, 0x49B, 0x49C, 0x49D, 0x49E, 0x49F, 0x4A0, 0x4A1, 0x4A2, 0x4A3, 0x4A4, 0x4A5,
    0x4A6, 0x4A7, 0x4A8, 0x4A9, 0x4AA, 0x4AB, 0x4AC, 0x4AD, 0x4AE, 0x4AF, 0x4B0, 0x4B1,
    0x4B2, 0x4B3, 0x4B4, 0x4B5, 0x4B6, 0x4B7, 0x4B8, 0x4B9, 0x4BA, 0x4BB, 0x4BC, 0x4BD,
    0x4BE, 0x4BF, 0x4C0, 0x4CF, 0x4C1, 0x4C2, 0x4C3, 0x4C4, 0x4C5, 0x4C6, 0x4C7, 0x4C8,
    0x4C9, 0x4CA, 0x4CB, 0x4CC, 0x4CD, 0x4CE, 0x4D0, 0x4D1, 0x4D2, 0x4D3, 0x4D4, 0x4D5,
    0x4D6, 0x4D7, 0x4D8, 0x4D9, 0x4DA, 0x4DB, 0x4DC, 0x4DD, 0x4DE, 0x4DF, 0x4E0, 0x4E1,
    0x4E2, 0x4E3, 0x4E4, 0x4E5, 0x4E6, 0x4E7, 0x4E8, 0x4E9, 0x4EA, 0x4EB, 0x4EC, 0x4ED,
    0x4EE, 0x4EF, 0x4F0, 0x4F1, 0x4F2, 0x4F3, 0x4F4, 0x4F5, 0x4F6, 0x4F7, 0x4F8, 0x4F9,
    0x4FA, 0x4FB, 0x4FC, 0x4FD, 0x4FE, 0x4FF, 0x500, 0x501, 0x502, 0x503, 0x504, 0x505,
    0x506, 0x507, 0x508, 0x509, 0x50A, 0x50B, 0x50C, 0x50D, 0x50E, 0x50F, 0x510, 0x511,
    0x512, 0x513, 0x514, 0x515, 0x516, 0x517, 0x518, 0x519, 0x51A, 0x51B, 0x51C, 0x51D,
    0x51E, 0x51F, 0x520, 0x521, 0x522, 0x523, 0x524, 0x525, 0x526, 0x527, 0x528, 0x529,
    0x52A, 0x52B, 0x52C, 0x52D, 0x52E, 0x52F, 0x531, 0x561, 0x532, 0x562, 0x533, 0x563,
    0x534, 0x564, 0x535, 0x565, 0x536, 0x566, 0x537, 0x567, 0x538, 0x568, 0x539, 0x569,
    0x53A, 0x56A, 0x53B, 0x56B, 0x53C, 0x56C, 0x53D, 0x56D, 0x53E, 0x56E, 0x53F, 0x56F,
    0x540, 0x570, 0x541, 0x571, 0x542, 0x572, 0x543, 0x573, 0x544, 0x574, 0x545, 0x575,
    0x546, 0x576, 0x547, 0x577, 0x548, 0x578, 0x549, 0x579, 0x54A, 0x57A, 0x54B, 0x57B,
    0x54C, 0x57C, 0x54D, 0x57D, 0x54E, 0x57E, 0x54F, 0x57F, 0x550, 0x580, 0x551, 0x581,
    0x552, 0x582, 0x553, 0x583, 0x554, 0x584, 0x555, 0x585, 0x556, 0x586, 0x10A0, 0x2D00,
    0x10A1, 0x2D01, 0x10A2, 0x2D02, 0x10A3, 0x2D03, 0x10A4, 0x2D04, 0x10A5, 0x2D05, 0x10A6, 0x2D06,
    0x10A7, 0x2D07, 0x10A8, 0x2D08, 0x10A9, 0x2D09, 0x10AA, 0x2D0A, 0x10AB, 0x2D0B, 0x10AC, 0x2D0C,
    0x10AD, 0x2D0D, 0x10AE, 0x2D0E, 0x10AF, 0x2D0F, 0x10B0, 0x2D10, 0x10B1, 0x2D11, 0x10B2, 0x2D12,
    0x10B3, 0x2D13, 0x10B4, 0x2D14, 0x10B5, 0x2D15, 0x10B6, 0x2D16, 0x10B7, 0x2D17, 0x10B8, 0x2D18,
    0x10B9, 0x2D19, 0x10BA, 0x2D1A, 0x10BB, 0x2D1B, 0x10BC, 0x2D1C, 0x10BD, 0x2D1D, 0x10BE, 0x2D1E,
    0x10BF, 0x2D1F, 0x10C0, 0x2D20, 0x10C1, 0x2D21, 0x10C2, 0x2D22, 0x10C3, 0x2D23, 0x10C4, 0x2D24,
    0x10C5, 0x2D25, 0x10C7, 0x2D27, 0x10CD, 0x2D2D, 0x13F8, 0x13F0, 0x13F9, 0x13F1, 0x13FA, 0x13F2,
    0x13FB, 0x13F3, 0x13FC, 0x13F4, 0x13FD, 0x13F5, 0x1C80, 0x432, 0x1C81, 0x434, 0x1C82, 0x43E,
    0x1C83, 0x441, 0x1C84, 0x442, 0x1C85, 0x442, 0x1C86, 0x44A, 0x1C87, 0x463, 0x1C88, 0xA64B,
    0x1C89, 0x1C8A, 0x1C90, 0x10D0, 0x1C91, 0x10D1, 0x1C92, 0x10D2, 0x1C93, 0x10D3, 0x1C94, 0x10D4,
    0x1C95, 0x10D5, 0x1C96, 0x10D6, 0x1C97, 0x10D7, 0x1C98, 0x10D8, 0x1C99, 0x10D9, 0x1C9A, 0x10DA,
    0x1C9B, 0x10DB, 0x1C9C, 0x10DC, 0x1C9D, 0x10DD, 0x1C9E, 0x10DE, 0x1C9F, 0x10DF, 0x1CA0, 0x10E0,
    0x1CA1, 0x10E1, 0x1CA2, 0x10E2, 0x1CA3, 0x10E3, 0x1CA4, 0x10E4, 0x1CA5, 0x10E5, 0x1CA6, 0x10E6,
    0x1CA7, 0x10E7, 0x1CA8, 0x10E8, 0x1CA9, 0x10E9, 0x1CAA, 0x10EA, 0x1CAB, 0x10EB, 0x1CAC, 0x10EC,
    0x1CAD, 0x10ED, 0x1CAE, 0x10EE, 0x1CAF, 0x10EF, 0x1CB0, 0x10F0, 0x1CB1, 0x10F1, 0x1CB2, 0x10F2,
    0x1CB3, 0x10F3, 0x1CB4, 0x10F4, 0x1CB5, 0x10F5, 0x1CB6, 0x10F6, 0x1CB7, 0x10F7, 0x1CB8, 0x10F8,
    0x1CB9, 0x10F9, 0x1CBA, 0x10FA, 0x1CBD, 0x10FD, 0x1CBE, 0x10FE, 0x1CBF, 0x10FF, 0x1E00, 0x1E01,
    0x1E02, 0x1E03, 0x1E04, 0x1E05, 0x1E06, 0x1E07, 0x1E08, 0x1E09, 0x1E0A, 0x1E0B, 0x1E0C, 0x1E0D,
    0x1E0E, 0x1E0F, 0x1E10, 0x1E11, 0x1E12, 0x1E13, 0x1E14, 0x1E15, 0x1E16, 0x1E17, 0x1E18, 0x1E19,
    0x1E1A, 0x1E1B, 0x1E1C, 0x1E1D, 0x1E1E, 0x1E1F, 0x1E20, 0x1E21, 0x1E22, 0x1E23, 0x1E24, 0x1E25,
    0x1E26, 0x1E27, 0x1E28, 0x1E29, 0x1E2A, 0x1E2B, 0x1E2C, 0x1E2D, 0x1E2E, 0x1E2F, 0x1E30, 0x1E31,
    0x1E32, 0x1E33, 0x1E34, 0x1E35, 0x1E36, 0x1E37, 0x1E38, 0x1E39, 0x1E3A, 0x1E3B, 0x1E3C, 0x1E3D,
    0x1E3E, 0x1E3F, 0x1E40, 0x1E41, 0x1E42, 0x1E43, 0x1E44, 0x1E45, 0x1E46, 0x1E47, 0x1E48, 0x1E49,
    0x1E4A, 0x1E4B, 0x1E4C, 0x1E4D, 0x1E4E, 0x1E4F, 0x1E50, 0x1E51, 0x1E52, 0x1E53, 0x1E54, 0x1E55,
    0x1E56, 0x1E57, 0x1E58, 0x1E59, 0x1E5A, 0x1E5B, 0x1E5C, 0x1E5D, 0x1E5E, 0x1E5F, 0x1E60, 0x1E61,
    0x1E62, 0x1E63, 0x1E64, 0x1E65, 0x1E66, 0x1E67, 0x1E68, 0x1E69, 0x1E6A, 0x1E6B, 0x1E6C, 0x1E6D,
    0x1E6E, 0x1E6F, 0x1E70, 0x1E71, 0x1E72, 0x1E73, 0x1E74, 0x1E75, 0x1E76, 0x1E77, 0x1E78, 0x1E79,
    0x1E7A, 0x1E7B, 0x1E7C, 0x1E7D, 0x1E7E, 0x1E7F, 0x1E80, 0x1E81, 0x1E82, 0x1E83, 0x1E84, 0x1E85,
    0x1E86, 0x1E87, 0x1E88, 0x1E89, 0x1E8A, 0x1E8B, 0x1E8C, 0x1E8D, 0x1E8E, 0x1E8F, 0x1E90, 0x1E91,
    0x1E92, 0x1E93, 0x1E94, 0x1E95, 0x1E9B, 0x1E61, 0x1E9E, 0xDF, 0x1EA0, 0x1EA1, 0x1EA2, 0x1EA3,
    0x1EA4, 0x1EA5, 0x1EA6, 0x1EA7, 0x1EA8, 0x1EA9, 0x1EAA, 0x1EAB, 0x1EAC, 0x1EAD, 0x1EAE, 0x1EAF,
    0x1EB0, 0x1EB1, 0x1EB2, 0x1EB3, 0x1EB4, 0x1EB5, 0x1EB6, 0x1EB7, 0x1EB8, 0x1EB9, 0x1EBA, 0x1EBB,
    0x1EBC, 0x1EBD, 0x1EBE, 0x1EBF, 0x1EC0, 0x1EC1, 0x1EC2, 0x1EC3, 0x1EC4, 0x1EC5, 0x1EC6, 0x1EC7,
    0x1EC8, 0x1EC9, 0x1ECA, 0x1ECB, 0x1ECC, 0x1ECD, 0x1ECE, 0x1ECF, 0x1ED0, 0x1ED1, 0x1ED2, 0x1ED3,
    0x1ED4, 0x1ED5, 0x1ED6, 0x1ED7, 0x1ED8, 0x1ED9, 0x1EDA, 0x1EDB, 0x1EDC, 0x1EDD, 0x1EDE, 0x1EDF,
    0x1EE0, 0x1EE1, 0x1EE2, 0x1EE3, 0x1EE4, 0x1EE5, 0x1EE6, 0x1EE7, 0x1EE8, 0x1EE9, 0x1EEA, 0x1EEB,
    0x1EEC, 0x1EED, 0x1EEE, 0x1EEF, 0x1EF0, 0x1EF1, 0x1EF2, 0x1EF3, 0x1EF4, 0x1EF5, 0x1EF6, 0x1EF7,
    0x1EF8, 0x1EF9, 0x1EFA, 0x1EFB, 0x1EFC, 0x1EFD, 0x1EFE, 0x1EFF, 0x1F08, 0x1F00, 0x1F09, 0x1F01,
    0x1F0A, 0x1F02, 0x1F0B, 0x1F03, 0x1F0C, 0x1F04, 0x1F0D, 0x1F05, 0x1F0E, 0x1F06, 0x1F0F, 0x1F07,
    0x1F18, 0x1F10, 0x1F19, 0x1F11, 0x1F1A, 0x1F12, 0x1F1B, 0x1F13, 0x1F1C, 0x1F14, 0x1F1D, 0x1F15,
    0x1F28, 0x1F20, 0x1F29, 0x1F21, 0x1F2A, 0x1F22, 0x1F2B, 0x1F23, 0x1F2C, 0x1F24, 0x1F2D, 0x1F25,
    0x1F2E, 0x1F26, 0x1F2F, 0x1F27, 0x1F38, 0x1F30, 0x1F39, 0x1F31, 0x1F3A, 0x1F32, 0x1F3B, 0x1F33,
    0x1F3C, 0x1F34, 0x1F3D, 0x1F35, 0x1F3E, 0x1F36, 0x1F3F, 0x1F37, 0x1F48, 0x1F40, 0x1F49, 0x1F41,
    0x1F4A, 0x1F42, 0x1F4B, 0x1F43, 0x1F4C, 0x1F44, 0x1F4D, 0x1F45, 0x1F59, 0x1F51, 0x1F5B, 0x1F53,
    0x1F5D, 0x1F55, 0x1F5F, 0x1F57, 0x1F68, 0x1F60, 0x1F69, 0x1F61, 0x1F6A, 0x1F62, 0x1F6B, 0x1F63,
    0x1F6C, 0x1F64, 0x1F6D, 0x1F65, 0x1F6E, 0x1F66, 0x1F6F, 0x1F67, 0x1F88, 0x1F80, 0x1F89, 0x1F81,
    0x1F8A, 0x1F82, 0x1F8B, 0x1F83, 0x1F8C, 0x1F84, 0x1F8D, 0x1F85, 0x1F8E, 0x1F86, 0x1F8F, 0x1F87,
    0x1F98, 0x1F90, 0x1F99, 0x1F91, 0x1F9A, 0x1F92, 0x1F9B, 0x1F93, 0x1F9C, 0x1F94, 0x1F9D, 0x1F95,
    0x1F9E, 0x1F96, 0x1F9F, 0x1F97, 0x1FA8, 0x1FA0, 0x1FA9, 0x1FA1, 0x1FAA, 0x1FA2, 0x1FAB, 0x1FA3,
    0x1FAC, 0x1FA4, 0x1FAD, 0x1FA5, 0x1FAE, 0x1FA6, 0x1FAF, 0x1FA7, 0x1FB8, 0x1FB0, 0x1FB9, 0x1FB1,
    0x1FBA, 0x1F70, 0x1FBB, 0x1F71, 0x1FBC, 0x1FB3, 0x1FBE, 0x3B9, 0x1FC8, 0x1F72, 0x1FC9, 0x1F73,
    0x1FCA, 0x1F74, 0x1FCB, 0x1F75, 0x1FCC, 0x1FC3, 0x1FD3, 0x390, 0x1FD8, 0x1FD0, 0x1FD9, 0x1FD1,
    0x1FDA, 0x1F76, 0x1FDB, 0x1F77, 0x1FE3, 0x3B0, 0x1FE8, 0x1FE0, 0x1FE9, 0x1FE1, 0x1FEA, 0x1F7A,
    0x1FEB, 0x1F7B, 0x1FEC, 0x1FE5, 0x1FF8, 0x1F78, 0x1FF9, 0x1F79, 0x1FFA, 0x1F7C, 0x1FFB, 0x1F7D,
    0x1FFC, 0x1FF3, 0x2126, 0x3C9, 0x212A, 0x6B, 0x212B, 0xE5, 0x2132, 0x214E, 0x2160, 0x2170,
    0x2161, 0x2171, 0x2162, 0x2172, 0x2163, 0x2173, 0x2164, 0x2174, 0x2165, 0x2175, 0x2166, 0x2176,
    0x2167, 0x2177, 0x2168, 0x2178, 0x2169, 0x2179, 0x216A, 0x217A, 0x216B, 0x217B, 0x216C, 0x217C,
    0x216D, 0x217D, 0x216E, 0x217E, 0x216F, 0x217F, 0x2183, 0x2184, 0x24B6, 0x24D0, 0x24B7, 0x24D1,
    0x24B8, 0x24D2, 0x24B9, 0x24D3, 0x24BA, 0x24D4, 0x24BB, 0x24D5, 0x24BC, 0x24D6, 0x24BD, 0x24D7,
    0x24BE, 0x24D8, 0x24BF, 0x24D9, 0x24C0, 0x24DA, 0x24C1, 0x24DB, 0x24C2, 0x24DC, 0x24C3, 0x24DD,
    0x24C4, 0x24DE, 0x24C5, 0x24DF, 0x24C6, 0x24E0, 0x24C7, 0x24E1, 0x24C8, 0x24E2, 0x24C9, 0x24E3,
    0x24CA, 0x24E4, 0x24CB, 0x24E5, 0x24CC, 0x24E6, 0x24CD, 0x24E7, 0x24CE, 0x24E8, 0x24CF, 0x24E9,
    0x2C00, 0x2C30, 0x2C01, 0x2C31, 0x2C02, 0x2C32, 0x2C03, 0x2C33, 0x2C04, 0x2C34, 0x2C05, 0x2C35,
    0x2C06, 0x2C36, 0x2C07, 0x2C37, 0x2C08, 0x2C38, 0x2C09, 0x2C39, 0x2C0A, 0x2C3A, 0x2C0B, 0x2C3B,
    0x2C0C, 0x2C3C, 0x2C0D, 0x2C3D, 0x2C0E, 0x2C3E, 0x2C0F, 0x2C3F, 0x2C10, 0x2C40, 0x2C11, 0x2C41,
    0x2C12, 0x2C42, 0x2C13, 0x2C43, 0x2C14, 0x2C44, 0x2C15, 0x2C45, 0x2C16, 0x2C46, 0x2C17, 0x2C47,
    0x2C18, 0x2C48, 0x2C19, 0x2C49, 0x2C1A, 0x2C4A, 0x2C1B, 0x2C4B, 0x2C1C, 0x2C4C, 0x2C1D, 0x2C4D,
    0x2C1E, 0x2C4E, 0x2C1F, 0x2C4F, 0x2C20, 0x2C50, 0x2C21, 0x2C51, 0x2C22, 0x2C52, 0x2C23, 0x2C53,
    0x2C24, 0x2C54, 0x2C25, 0x2C55, 0x2C26, 0x2C56, 0x2C27, 0x2C57, 0x2C28, 0x2C58, 0x2C29, 0x2C59,
    0x2C2A, 0x2C5A, 0x2C2B, 0x2C5B, 0x2C2C, 0x2C5C, 0x2C2D, 0x2C5D, 0x2C2E, 0x2C5E, 0x2C2F, 0x2C5F,
    0x2C60, 0x2C61, 0x2C62, 0x26B, 0x2C63, 0x1D7D, 0x2C64, 0x27D, 0x2C67, 0x2C68, 0x2C69, 0x2C6A,
    0x2C6B, 0x2C6C, 0x2C6D, 0x251, 0x2C6E, 0x271, 0x2C6F, 0x250, 0x2C70, 0x252, 0x2C72, 0x2C73,
    0x2C75, 0x2C76, 0x2C7E, 0x23F, 0x2C7F, 0x240, 0x2C80, 0x2C81, 0x2C82, 0x2C83, 0x2C84, 0x2C85,
    0x2C86, 0x2C87, 0x2C88, 0x2C89, 0x2C8A, 0x2C8B, 0x2C8C, 0x2C8D, 0x2C8E, 0x2C8F, 0x2C90, 0x2C91,
    0x2C92, 0x2C93, 0x2C94, 0x2C95, 0x2C96, 0x2C97, 0x2C98, 0x2C99, 0x2C9A, 0x2C9B, 0x2C9C, 0x2C9D,
    0x2C9E, 0x2C9F, 0x2CA0, 0x2CA1, 0x2CA2, 0x2CA3, 0x2CA4, 0x2CA5, 0x2CA6, 0x2CA7, 0x2CA8, 0x2CA9,
    0x2CAA, 0x2CAB, 0x2CAC, 0x2CAD, 0x2CAE, 0x2CAF, 0x2CB0, 0x2CB1, 0x2CB2, 0x2CB3, 0x2CB4, 0x2CB5,
    0x2CB6, 0x2CB7, 0x2CB8, 0x2CB9, 0x2CBA, 0x2CBB, 0x2CBC, 0x2CBD, 0x2CBE, 0x2CBF, 0x2CC0, 0x2CC1,
    0x2CC2, 0x2CC3, 0x2CC4, 0x2CC5, 0x2CC6, 0x2CC7, 0x2CC8, 0x2CC9, 0x2CCA, 0x2CCB, 0x2CCC, 0x2CCD,
    0x2CCE, 0x2CCF, 0x2CD0, 0x2CD1, 0x2CD2, 0x2CD3, 0x2CD4, 0x2CD5, 0x2CD6, 0x2CD7, 0x2CD8, 0x2CD9,
    0x2CDA, 0x2CDB, 0x2CDC, 0x2CDD, 0x2CDE, 0x2CDF, 0x2CE0, 0x2CE1, 0x2CE2, 0x2CE3, 0x2CEB, 0x2CEC,
    0x2CED, 0x2CEE, 0x2CF2, 0x2CF3, 0xA640, 0xA641, 0xA642, 0xA643, 0xA644, 0xA645, 0xA646, 0xA647,
    0xA648, 0xA649, 0xA64A, 0xA64B, 0xA64C, 0xA64D, 0xA64E, 0xA64F, 0xA650, 0xA651, 0xA652, 0xA653,
    0xA654, 0xA655, 0xA656, 0xA657, 0xA658, 0xA659, 0xA65A, 0xA65B, 0xA65C, 0xA65D, 0xA65E, 0xA65F,
    0xA660, 0xA661, 0xA662, 0xA663, 0xA664, 0xA665, 0xA666, 0xA667, 0xA668, 0xA669, 0xA66A, 0xA66B,
    0xA66C, 0xA66D, 0xA680, 0xA681, 0xA682, 0xA683, 0xA684, 0xA685, 0xA686, 0xA687, 0xA688, 0xA689,
    0xA68A, 0xA68B, 0xA68C, 0xA68D, 0xA68E, 0xA68F, 0xA690, 0xA691, 0xA692, 0xA693, 0xA694, 0xA695,
    0xA696, 0xA697, 0xA698, 0xA699, 0xA69A, 0xA69B, 0xA722, 0xA723, 0xA724, 0xA725, 0xA726, 0xA727,
    0xA728, 0xA729, 0xA72A, 0xA72B, 0xA72C, 0xA72D, 0xA72E, 0xA72F, 0xA732, 0xA733, 0xA734, 0xA735,
    0xA736, 0xA737, 0xA738, 0xA739, 0xA73A, 0xA73B, 0xA73C, 0xA73D, 0xA73E, 0xA73F, 0xA740, 0xA741,
    0xA742, 0xA743, 0xA744, 0xA745, 0xA746, 0xA747, 0xA748, 0xA749, 0xA74A, 0xA74B, 0xA74C, 0xA74D,
    0xA74E, 0xA74F, 0xA750, 0xA751, 0xA752, 0xA753, 0xA754, 0xA755, 0xA756, 0xA757, 0xA758, 0xA759,
    0xA75A, 0xA75B, 0xA75C, 0xA75D, 0xA75E, 0xA75F, 0xA760, 0xA761, 0xA762, 0xA763, 0xA764, 0xA765,
    0xA766, 0xA767, 0xA768, 0xA769, 0xA76A, 0xA76B, 0xA76C, 0xA76D, 0xA76E, 0xA76F, 0xA779, 0xA77A,
    0xA77B, 0xA77C, 0xA77D, 0x1D79, 0xA77E, 0xA77F, 0xA780, 0xA781, 0xA782, 0xA783, 0xA784, 0xA785,
    0xA786, 0xA787, 0xA78B, 0xA78C, 0xA78D, 0x265, 0xA790, 0xA791, 0xA792, 0xA793, 0xA796, 0xA797,
    0xA798, 0xA799, 0xA79A, 0xA79B, 0xA79C, 0xA79D, 0xA79E, 0xA79F, 0xA7A0, 0xA7A1, 0xA7A2, 0xA7A3,
    0xA7A4, 0xA7A5, 0xA7A6, 0xA7A7, 0xA7A8, 0xA7A9, 0xA7AA, 0x266, 0xA7AB, 0x25C, 0xA7AC, 0x261,
    0xA7AD, 0x26C, 0xA7AE, 0x26A, 0xA7B0, 0x29E, 0xA7B1, 0x287, 0xA7B2, 0x29D, 0xA7B3, 0xAB53,
    0xA7B4, 0xA7B5, 0xA7B6, 0xA7B7, 0xA7B8, 0xA7B9, 0xA7BA, 0xA7BB, 0xA7BC, 0xA7BD, 0xA7BE, 0xA7BF,
    0xA7C0, 0xA7C1, 0xA7C2, 0xA7C3, 0xA7C4, 0xA794, 0xA7C5, 0x282, 0xA7C6, 0x1D8E, 0xA7C7, 0xA7C8,
    0xA7C9, 0xA7CA, 0xA7CB, 0x264, 0xA7CC, 0xA7CD, 0xA7CE, 0xA7CF, 0xA7D0, 0xA7D1, 0xA7D2, 0xA7D3,
    0xA7D4, 0xA7D5, 0xA7D6, 0xA7D7, 0xA7D8, 0xA7D9, 0xA7DA, 0xA7DB, 0xA7DC, 0x19B, 0xA7DD, 0x277,
    0xA7E2, 0x27C, 0xA7F5, 0xA7F6, 0xAB6C, 0xAB4B, 0xAB6D, 0xAB4C, 0xAB70, 0x13A0, 0xAB71, 0x13A1,
    0xAB72, 0x13A2, 0xAB73, 0x13A3, 0xAB74, 0x13A4, 0xAB75, 0x13A5, 0xAB76, 0x13A6, 0xAB77, 0x13A7,
    0xAB78, 0x13A8, 0xAB79, 0x13A9, 0xAB7A, 0x13AA, 0xAB7B, 0x13AB, 0xAB7C, 0x13AC, 0xAB7D, 0x13AD,
    0xAB7E, 0x13AE, 0xAB7F, 0x13AF, 0xAB80, 0x13B0, 0xAB81, 0x13B1, 0xAB82, 0x13B2, 0xAB83, 0x13B3,
    0xAB84, 0x13B4, 0xAB85, 0x13B5, 0xAB86, 0x13B6, 0xAB87, 0x13B7, 0xAB88, 0x13B8, 0xAB89, 0x13B9,
    0xAB8A, 0x13BA, 0xAB8B, 0x13BB, 0xAB8C, 0x13BC, 0xAB8D, 0x13BD, 0xAB8E, 0x13BE, 0xAB8F, 0x13BF,
    0xAB90, 0x13C0, 0xAB91, 0x13C1, 0xAB92, 0x13C2, 0xAB93, 0x13C3, 0xAB94, 0x13C4, 0xAB95, 0x13C5,
    0xAB96, 0x13C6, 0xAB97, 0x13C7, 0xAB98, 0x13C8, 0xAB99, 0x13C9, 0xAB9A, 0x13CA, 0xAB9B, 0x13CB,
    0xAB9C, 0x13CC, 0xAB9D, 0x13CD, 0xAB9E, 0x13CE, 0xAB9F, 0x13CF, 0xABA0, 0x13D0, 0xABA1, 0x13D1,
    0xABA2, 0x13D2, 0xABA3, 0x13D3, 0xABA4, 0x13D4, 0xABA5, 0x13D5, 0xABA6, 0x13D6, 0xABA7, 0x13D7,
    0xABA8, 0x13D8, 0xABA9, 0x13D9, 0xABAA, 0x13DA, 0xABAB, 0x13DB, 0xABAC, 0x13DC, 0xABAD, 0x13DD,
    0xABAE, 0x13DE, 0xABAF, 0x13DF, 0xABB0, 0x13E0, 0xABB1, 0x13E1, 0xABB2, 0x13E2, 0xABB3, 0x13E3,
    0xABB4, 0x13E4, 0xABB5, 0x13E5, 0xABB6, 0x13E6, 0xABB7, 0x13E7, 0xABB8, 0x13E8, 0xABB9, 0x13E9,
    0xABBA, 0x13EA, 0xABBB, 0x13EB, 0xABBC, 0x13EC, 0xABBD, 0x13ED, 0xABBE, 0x13EE, 0xABBF, 0x13EF,
    0xFB05, 0xFB06, 0xFF21, 0xFF41, 0xFF22, 0xFF42, 0xFF23, 0xFF43, 0xFF24, 0xFF44, 0xFF25, 0xFF45,
    0xFF26, 0xFF46, 0xFF27, 0xFF47, 0xFF28, 0xFF48, 0xFF29, 0xFF49, 0xFF2A, 0xFF4A, 0xFF2B, 0xFF4B,
    0xFF2C, 0xFF4C, 0xFF2D, 0xFF4D, 0xFF2E, 0xFF4E, 0xFF2F, 0xFF4F, 0xFF30, 0xFF50, 0xFF31, 0xFF51,
    0xFF32, 0xFF52, 0xFF33, 0xFF53, 0xFF34, 0xFF54, 0xFF35, 0xFF55, 0xFF36, 0xFF56, 0xFF37, 0xFF57,
    0xFF38, 0xFF58, 0xFF39, 0xFF59, 0xFF3A, 0xFF5A, 0x10400, 0x10428, 0x10401, 0x10429, 0x10402, 0x1042A,
    0x10403, 0x1042B, 0x10404, 0x1042C, 0x10405, 0x1042D, 0x10406, 0x1042E, 0x10407, 0x1042F, 0x10408, 0x10430,
    0x10409, 0x10431, 0x1040A, 0x10432, 0x1040B, 0x10433, 0x1040C, 0x10434, 0x1040D, 0x10435, 0x1040E, 0x10436,
    0x1040F, 0x10437, 0x10410, 0x10438, 0x10411, 0x10439, 0x10412, 0x1043A, 0x10413, 0x1043B, 0x10414, 0x1043C,
    0x10415, 0x1043D, 0x10416, 0x1043E, 0x10417, 0x1043F, 0x10418, 0x10440, 0x10419, 0x10441, 0x1041A, 0x10442,
    0x1041B, 0x10443, 0x1041C, 0x10444, 0x1041D, 0x10445, 0x1041E, 0x10446, 0x1041F, 0x10447, 0x10420, 0x10448,
    0x10421, 0x10449, 0x10422, 0x1044A, 0x10423, 0x1044B, 0x10424, 0x1044C, 0x10425, 0x1044D, 0x10426, 0x1044E,
    0x10427, 0x1044F, 0x104B0, 0x104D8, 0x104B1, 0x104D9, 0x104B2, 0x104DA, 0x104B3, 0x104DB, 0x104B4, 0x104DC,
    0x104B5, 0x104DD, 0x104B6, 0x104DE, 0x104B7, 0x104DF, 0x104B8, 0x104E0, 0x104B9, 0x104E1, 0x104BA, 0x104E2,
    0x104BB, 0x104E3, 0x104BC, 0x104E4, 0x104BD, 0x104E5, 0x104BE, 0x104E6, 0x104BF, 0x104E7, 0x104C0, 0x104E8,
    0x104C1, 0x104E9, 0x104C2, 0x104EA, 0x104C3, 0x104EB, 0x104C4, 0x104EC, 0x104C5, 0x104ED, 0x104C6, 0x104EE,
    0x104C7, 0x104EF, 0x104C8, 0x104F0, 0x104C9, 0x104F1, 0x104CA, 0x104F2, 0x104CB, 0x104F3, 0x104CC, 0x104F4,
    0x104CD, 0x104F5, 0x104CE, 0x104F6, 0x104CF, 0x104F7, 0x104D0, 0x104F8, 0x104D1, 0x104F9, 0x104D2, 0x104FA,
    0x104D3, 0x104FB, 0x10570, 0x10597, 0x10571, 0x10598, 0x10572, 0x10599, 0x10573, 0x1059A, 0x10574, 0x1059B,
    0x10575, 0x1059C, 0x10576, 0x1059D, 0x10577, 0x1059E, 0x10578, 0x1059F, 0x10579, 0x105A0, 0x1057A, 0x105A1,
    0x1057C, 0x105A3, 0x1057D, 0x105A4, 0x1057E, 0x105A5, 0x1057F, 0x105A6, 0x10580, 0x105A7, 0x10581, 0x105A8,
    0x10582, 0x105A9, 0x10583, 0x105AA, 0x10584, 0x105AB, 0x10585, 0x105AC, 0x10586, 0x105AD, 0x10587, 0x105AE,
    0x10588, 0x105AF, 0x10589, 0x105B0, 0x1058A, 0x105B1, 0x1058C, 0x105B3, 0x1058D, 0x105B4, 0x1058E, 0x105B5,
    0x1058F, 0x105B6, 0x10590, 0x105B7, 0x10591, 0x105B8, 0x10592, 0x105B9, 0x10594, 0x105BB, 0x10595, 0x105BC,
    0x10C80, 0x10CC0, 0x10C81, 0x10CC1, 0x10C82, 0x10CC2, 0x10C83, 0x10CC3, 0x10C84, 0x10CC4, 0x10C85, 0x10CC5,
    0x10C86, 0x10CC6, 0x10C87, 0x10CC7, 0x10C88, 0x10CC8, 0x10C89, 0x10CC9, 0x10C8A, 0x10CCA, 0x10C8B, 0x10CCB,
    0x10C8C, 0x10CCC, 0x10C8D, 0x10CCD, 0x10C8E, 0x10CCE, 0x10C8F, 0x10CCF, 0x10C90, 0x10CD0, 0x10C91, 0x10CD1,
    0x10C92, 0x10CD2, 0x10C93, 0x10CD3, 0x10C94, 0x10CD4, 0x10C95, 0x10CD5, 0x10C96, 0x10CD6, 0x10C97, 0x10CD7,
    0x10C98, 0x10CD8, 0x10C99, 0x10CD9, 0x10C9A, 0x10CDA, 0x10C9B, 0x10CDB, 0x10C9C, 0x10CDC, 0x10C9D, 0x10CDD,
    0x10C9E, 0x10CDE, 0x10C9F, 0x10CDF, 0x10CA0, 0x10CE0, 0x10CA1, 0x10CE1, 0x10CA2, 0x10CE2, 0x10CA3, 0x10CE3,
    0x10CA4, 0x10CE4, 0x10CA5, 0x10CE5, 0x10CA6, 0x10CE6, 0x10CA7, 0x10CE7, 0x10CA8, 0x10CE8, 0x10CA9, 0x10CE9,
    0x10CAA, 0x10CEA, 0x10CAB, 0x10CEB, 0x10CAC, 0x10CEC, 0x10CAD, 0x10CED, 0x10CAE, 0x10CEE, 0x10CAF, 0x10CEF,
    0x10CB0, 0x10CF0, 0x10CB1, 0x10CF1, 0x10CB2, 0x10CF2, 0x10D50, 0x10D70, 0x10D51, 0x10D71, 0x10D52, 0x10D72,
    0x10D53, 0x10D73, 0x10D54, 0x10D74, 0x10D55, 0x10D75, 0x10D56, 0x10D76, 0x10D57, 0x10D77, 0x10D58, 0x10D78,
    0x10D59, 0x10D79, 0x10D5A, 0x10D7A, 0x10D5B, 0x10D7B, 0x10D5C, 0x10D7C, 0x10D5D, 0x10D7D, 0x10D5E, 0x10D7E,
    0x10D5F, 0x10D7F, 0x10D60, 0x10D80, 0x10D61, 0x10D81, 0x10D62, 0x10D82, 0x10D63, 0x10D83, 0x10D64, 0x10D84,
    0x10D65, 0x10D85, 0x118A0, 0x118C0, 0x118A1, 0x118C1, 0x118A2, 0x118C2, 0x118A3, 0x118C3, 0x118A4, 0x118C4,
    0x118A5, 0x118C5, 0x118A6, 0x118C6, 0x118A7, 0x118C7, 0x118A8, 0x118C8, 0x118A9, 0x118C9, 0x118AA, 0x118CA,
    0x118AB, 0x118CB, 0x118AC, 0x118CC, 0x118AD, 0x118CD, 0x118AE, 0x118CE, 0x118AF, 0x118CF, 0x118B0, 0x118D0,
    0x118B1, 0x118D1, 0x118B2, 0x118D2, 0x118B3, 0x118D3, 0x118B4, 0x118D4, 0x118B5, 0x118D5, 0x118B6, 0x118D6,
    0x118B7, 0x118D7, 0x118B8, 0x118D8, 0x118B9, 0x118D9, 0x118BA, 0x118DA, 0x118BB, 0x118DB, 0x118BC, 0x118DC,
    0x118BD, 0x118DD, 0x118BE, 0x118DE, 0x118BF, 0x118DF, 0x16E40, 0x16E60, 0x16E41, 0x16E61, 0x16E42, 0x16E62,
    0x16E43, 0x16E63, 0x16E44, 0x16E64, 0x16E45, 0x16E65, 0x16E46, 0x16E66, 0x16E47, 0x16E67, 0x16E48, 0x16E68,
    0x16E49, 0x16E69, 0x16E4A, 0x16E6A, 0x16E4B, 0x16E6B, 0x16E4C, 0x16E6C, 0x16E4D, 0x16E6D, 0x16E4E, 0x16E6E,
    0x16E4F, 0x16E6F, 0x16E50, 0x16E70, 0x16E51, 0x16E71, 0x16E52, 0x16E72, 0x16E53, 0x16E73, 0x16E54, 0x16E74,
    0x16E55, 0x16E75, 0x16E56, 0x16E76, 0x16E57, 0x16E77, 0x16E58, 0x16E78, 0x16E59, 0x16E79, 0x16E5A, 0x16E7A,
    0x16E5B, 0x16E7B, 0x16E5C, 0x16E7C, 0x16E5D, 0x16E7D, 0x16E5E, 0x16E7E, 0x16E5F, 0x16E7F, 0x16EA0, 0x16EBB,
    0x16EA1, 0x16EBC, 0x16EA2, 0x16EBD, 0x16EA3, 0x16EBE, 0x16EA4, 0x16EBF, 0x16EA5, 0x16EC0, 0x16EA6, 0x16EC1,
    0x16EA7, 0x16EC2, 0x16EA8, 0x16EC3, 0x16EA9, 0x16EC4, 0x16EAA, 0x16EC5, 0x16EAB, 0x16EC6, 0x16EAC, 0x16EC7,
    0x16EAD, 0x16EC8, 0x16EAE, 0x16EC9, 0x16EAF, 0x16ECA, 0x16EB0, 0x16ECB, 0x16EB1, 0x16ECC, 0x16EB2, 0x16ECD,
    0x16EB3, 0x16ECE, 0x16EB4, 0x16ECF, 0x16EB5, 0x16ED0, 0x16EB6, 0x16ED1, 0x16EB7, 0x16ED2, 0x16EB8, 0x16ED3,
    0x1DF40, 0x1DF41, 0x1DF48, 0x1DF49, 0x1DF4A, 0x1DF4B, 0x1DF4D, 0x1DF4E, 0x1DF51, 0x1DF52, 0x1DF68, 0x1DF69,
    0x1DF6A, 0x1DF6B, 0x1DF6C, 0x1DF6D, 0x1DF6E, 0x1DF6F, 0x1DF72, 0x1DF73, 0x1DF74, 0x1DF75, 0x1DF76, 0x1DF77,
    0x1DF78, 0x1DF79, 0x1DF7A, 0x1DF7B, 0x1DF7C, 0x1DF7D, 0x1DF7E, 0x1DF7F, 0x1DF95, 0xDF, 0x1E900, 0x1E922,
    0x1E901, 0x1E923, 0x1E902, 0x1E924, 0x1E903, 0x1E925, 0x1E904, 0x1E926, 0x1E905, 0x1E927, 0x1E906, 0x1E928,
    0x1E907, 0x1E929, 0x1E908, 0x1E92A, 0x1E909, 0x1E92B, 0x1E90A, 0x1E92C, 0x1E90B, 0x1E92D, 0x1E90C, 0x1E92E,
    0x1E90D, 0x1E92F, 0x1E90E, 0x1E930, 0x1E90F, 0x1E931, 0x1E910, 0x1E932, 0x1E911, 0x1E933, 0x1E912, 0x1E934,
    0x1E913, 0x1E935, 0x1E914, 0x1E936, 0x1E915, 0x1E937, 0x1E916, 0x1E938, 0x1E917, 0x1E939, 0x1E918, 0x1E93A,
    0x1E919, 0x1E93B, 0x1E91A, 0x1E93C, 0x1E91B, 0x1E93D, 0x1E91C, 0x1E93E, 0x1E91D, 0x1E93F, 0x1E91E, 0x1E940,
    0x1E91F, 0x1E941, 0x1E920, 0x1E942, 0x1E921, 0x1E943,
};
const struct upairs uni_fold = { FOLD, 1533 };

static const uint32_t SPECIAL_UPPER[] = {   // cp, n, c1, c2, c3
    0xDF, 2, 0x53, 0x53, 0x0,
    0x149, 2, 0x2BC, 0x4E, 0x0,
    0x1F0, 2, 0x4A, 0x30C, 0x0,
    0x390, 3, 0x399, 0x308, 0x301,
    0x3B0, 3, 0x3A5, 0x308, 0x301,
    0x587, 2, 0x535, 0x552, 0x0,
    0x1E96, 2, 0x48, 0x331, 0x0,
    0x1E97, 2, 0x54, 0x308, 0x0,
    0x1E98, 2, 0x57, 0x30A, 0x0,
    0x1E99, 2, 0x59, 0x30A, 0x0,
    0x1E9A, 2, 0x41, 0x2BE, 0x0,
    0x1F50, 2, 0x3A5, 0x313, 0x0,
    0x1F52, 3, 0x3A5, 0x313, 0x300,
    0x1F54, 3, 0x3A5, 0x313, 0x301,
    0x1F56, 3, 0x3A5, 0x313, 0x342,
    0x1F80, 2, 0x1F08, 0x399, 0x0,
    0x1F81, 2, 0x1F09, 0x399, 0x0,
    0x1F82, 2, 0x1F0A, 0x399, 0x0,
    0x1F83, 2, 0x1F0B, 0x399, 0x0,
    0x1F84, 2, 0x1F0C, 0x399, 0x0,
    0x1F85, 2, 0x1F0D, 0x399, 0x0,
    0x1F86, 2, 0x1F0E, 0x399, 0x0,
    0x1F87, 2, 0x1F0F, 0x399, 0x0,
    0x1F88, 2, 0x1F08, 0x399, 0x0,
    0x1F89, 2, 0x1F09, 0x399, 0x0,
    0x1F8A, 2, 0x1F0A, 0x399, 0x0,
    0x1F8B, 2, 0x1F0B, 0x399, 0x0,
    0x1F8C, 2, 0x1F0C, 0x399, 0x0,
    0x1F8D, 2, 0x1F0D, 0x399, 0x0,
    0x1F8E, 2, 0x1F0E, 0x399, 0x0,
    0x1F8F, 2, 0x1F0F, 0x399, 0x0,
    0x1F90, 2, 0x1F28, 0x399, 0x0,
    0x1F91, 2, 0x1F29, 0x399, 0x0,
    0x1F92, 2, 0x1F2A, 0x399, 0x0,
    0x1F93, 2, 0x1F2B, 0x399, 0x0,
    0x1F94, 2, 0x1F2C, 0x399, 0x0,
    0x1F95, 2, 0x1F2D, 0x399, 0x0,
    0x1F96, 2, 0x1F2E, 0x399, 0x0,
    0x1F97, 2, 0x1F2F, 0x399, 0x0,
    0x1F98, 2, 0x1F28, 0x399, 0x0,
    0x1F99, 2, 0x1F29, 0x399, 0x0,
    0x1F9A, 2, 0x1F2A, 0x399, 0x0,
    0x1F9B, 2, 0x1F2B, 0x399, 0x0,
    0x1F9C, 2, 0x1F2C, 0x399, 0x0,
    0x1F9D, 2, 0x1F2D, 0x399, 0x0,
    0x1F9E, 2, 0x1F2E, 0x399, 0x0,
    0x1F9F, 2, 0x1F2F, 0x399, 0x0,
    0x1FA0, 2, 0x1F68, 0x399, 0x0,
    0x1FA1, 2, 0x1F69, 0x399, 0x0,
    0x1FA2, 2, 0x1F6A, 0x399, 0x0,
    0x1FA3, 2, 0x1F6B, 0x399, 0x0,
    0x1FA4, 2, 0x1F6C, 0x399, 0x0,
    0x1FA5, 2, 0x1F6D, 0x399, 0x0,
    0x1FA6, 2, 0x1F6E, 0x399, 0x0,
    0x1FA7, 2, 0x1F6F, 0x399, 0x0,
    0x1FA8, 2, 0x1F68, 0x399, 0x0,
    0x1FA9, 2, 0x1F69, 0x399, 0x0,
    0x1FAA, 2, 0x1F6A, 0x399, 0x0,
    0x1FAB, 2, 0x1F6B, 0x399, 0x0,
    0x1FAC, 2, 0x1F6C, 0x399, 0x0,
    0x1FAD, 2, 0x1F6D, 0x399, 0x0,
    0x1FAE, 2, 0x1F6E, 0x399, 0x0,
    0x1FAF, 2, 0x1F6F, 0x399, 0x0,
    0x1FB2, 2, 0x1FBA, 0x399, 0x0,
    0x1FB3, 2, 0x391, 0x399, 0x0,
    0x1FB4, 2, 0x386, 0x399, 0x0,
    0x1FB6, 2, 0x391, 0x342, 0x0,
    0x1FB7, 3, 0x391, 0x342, 0x399,
    0x1FBC, 2, 0x391, 0x399, 0x0,
    0x1FC2, 2, 0x1FCA, 0x399, 0x0,
    0x1FC3, 2, 0x397, 0x399, 0x0,
    0x1FC4, 2, 0x389, 0x399, 0x0,
    0x1FC6, 2, 0x397, 0x342, 0x0,
    0x1FC7, 3, 0x397, 0x342, 0x399,
    0x1FCC, 2, 0x397, 0x399, 0x0,
    0x1FD2, 3, 0x399, 0x308, 0x300,
    0x1FD3, 3, 0x399, 0x308, 0x301,
    0x1FD6, 2, 0x399, 0x342, 0x0,
    0x1FD7, 3, 0x399, 0x308, 0x342,
    0x1FE2, 3, 0x3A5, 0x308, 0x300,
    0x1FE3, 3, 0x3A5, 0x308, 0x301,
    0x1FE4, 2, 0x3A1, 0x313, 0x0,
    0x1FE6, 2, 0x3A5, 0x342, 0x0,
    0x1FE7, 3, 0x3A5, 0x308, 0x342,
    0x1FF2, 2, 0x1FFA, 0x399, 0x0,
    0x1FF3, 2, 0x3A9, 0x399, 0x0,
    0x1FF4, 2, 0x38F, 0x399, 0x0,
    0x1FF6, 2, 0x3A9, 0x342, 0x0,
    0x1FF7, 3, 0x3A9, 0x342, 0x399,
    0x1FFC, 2, 0x3A9, 0x399, 0x0,
    0xFB00, 2, 0x46, 0x46, 0x0,
    0xFB01, 2, 0x46, 0x49, 0x0,
    0xFB02, 2, 0x46, 0x4C, 0x0,
    0xFB03, 3, 0x46, 0x46, 0x49,
    0xFB04, 3, 0x46, 0x46, 0x4C,
    0xFB05, 2, 0x53, 0x54, 0x0,
    0xFB06, 2, 0x53, 0x54, 0x0,
    0xFB13, 2, 0x544, 0x546, 0x0,
    0xFB14, 2, 0x544, 0x535, 0x0,
    0xFB15, 2, 0x544, 0x53B, 0x0,
    0xFB16, 2, 0x54E, 0x546, 0x0,
    0xFB17, 2, 0x544, 0x53D, 0x0,
    0x1DF95, 2, 0x53, 0x53, 0x0,
};
const struct umulti uni_special_upper = { SPECIAL_UPPER, 103 };
static const uint32_t SPECIAL_LOWER[] = {   // cp, n, c1, c2, c3
    0x130, 2, 0x69, 0x307, 0x0,
};
const struct umulti uni_special_lower = { SPECIAL_LOWER, 1 };

static const uint32_t DECOMP_SEQ[] = {
    0x20, 0x20, 0x308, 0x61, 0x20, 0x304, 0x32, 0x33, 0x20, 0x301, 0x3BC, 0x20,
    0x327, 0x31, 0x6F, 0x31, 0x2044, 0x34, 0x31, 0x2044, 0x32, 0x33, 0x2044, 0x34,
    0x41, 0x300, 0x41, 0x301, 0x41, 0x302, 0x41, 0x303, 0x41, 0x308, 0x41, 0x30A,
    0x43, 0x327, 0x45, 0x300, 0x45, 0x301, 0x45, 0x302, 0x45, 0x308, 0x49, 0x300,
    0x49, 0x301, 0x49, 0x302, 0x49, 0x308, 0x4E, 0x303, 0x4F, 0x300, 0x4F, 0x301,
    0x4F, 0x302, 0x4F, 0x303, 0x4F, 0x308, 0x55, 0x300, 0x55, 0x301, 0x55, 0x302,
    0x55, 0x308, 0x59, 0x301, 0x61, 0x300, 0x61, 0x301, 0x61, 0x302, 0x61, 0x303,
    0x61, 0x308, 0x61, 0x30A, 0x63, 0x327, 0x65, 0x300, 0x65, 0x301, 0x65, 0x302,
    0x65, 0x308, 0x69, 0x300, 0x69, 0x301, 0x69, 0x302, 0x69, 0x308, 0x6E, 0x303,
    0x6F, 0x300, 0x6F, 0x301, 0x6F, 0x302, 0x6F, 0x303, 0x6F, 0x308, 0x75, 0x300,
    0x75, 0x301, 0x75, 0x302, 0x75, 0x308, 0x79, 0x301, 0x79, 0x308, 0x41, 0x304,
    0x61, 0x304, 0x41, 0x306, 0x61, 0x306, 0x41, 0x328, 0x61, 0x328, 0x43, 0x301,
    0x63, 0x301, 0x43, 0x302, 0x63, 0x302, 0x43, 0x307, 0x63, 0x307, 0x43, 0x30C,
    0x63, 0x30C, 0x44, 0x30C, 0x64, 0x30C, 0x45, 0x304, 0x65, 0x304, 0x45, 0x306,
    0x65, 0x306, 0x45, 0x307, 0x65, 0x307, 0x45, 0x328, 0x65, 0x328, 0x45, 0x30C,
    0x65, 0x30C, 0x47, 0x302, 0x67, 0x302, 0x47, 0x306, 0x67, 0x306, 0x47, 0x307,
    0x67, 0x307, 0x47, 0x327, 0x67, 0x327, 0x48, 0x302, 0x68, 0x302, 0x49, 0x303,
    0x69, 0x303, 0x49, 0x304, 0x69, 0x304, 0x49, 0x306, 0x69, 0x306, 0x49, 0x328,
    0x69, 0x328, 0x49, 0x307, 0x49, 0x4A, 0x69, 0x6A, 0x4A, 0x302, 0x6A, 0x302,
    0x4B, 0x327, 0x6B, 0x327, 0x4C, 0x301, 0x6C, 0x301, 0x4C, 0x327, 0x6C, 0x327,
    0x4C, 0x30C, 0x6C, 0x30C, 0x4C, 0xB7, 0x6C, 0xB7, 0x4E, 0x301, 0x6E, 0x301,
    0x4E, 0x327, 0x6E, 0x327, 0x4E, 0x30C, 0x6E, 0x30C, 0x2BC, 0x6E, 0x4F, 0x304,
    0x6F, 0x304, 0x4F, 0x306, 0x6F, 0x306, 0x4F, 0x30B, 0x6F, 0x30B, 0x52, 0x301,
    0x72, 0x301, 0x52, 0x327, 0x72, 0x327, 0x52, 0x30C, 0x72, 0x30C, 0x53, 0x301,
    0x73, 0x301, 0x53, 0x302, 0x73, 0x302, 0x53, 0x327, 0x73, 0x327, 0x53, 0x30C,
    0x73, 0x30C, 0x54, 0x327, 0x74, 0x327, 0x54, 0x30C, 0x74, 0x30C, 0x55, 0x303,
    0x75, 0x303, 0x55, 0x304, 0x75, 0x304, 0x55, 0x306, 0x75, 0x306, 0x55, 0x30A,
    0x75, 0x30A, 0x55, 0x30B, 0x75, 0x30B, 0x55, 0x328, 0x75, 0x328, 0x57, 0x302,
    0x77, 0x302, 0x59, 0x302, 0x79, 0x302, 0x59, 0x308, 0x5A, 0x301, 0x7A, 0x301,
    0x5A, 0x307, 0x7A, 0x307, 0x5A, 0x30C, 0x7A, 0x30C, 0x73, 0x4F, 0x31B, 0x6F,
    0x31B, 0x55, 0x31B, 0x75, 0x31B, 0x44, 0x17D, 0x44, 0x17E, 0x64, 0x17E, 0x4C,
    0x4A, 0x4C, 0x6A, 0x6C, 0x6A, 0x4E, 0x4A, 0x4E, 0x6A, 0x6E, 0x6A, 0x41,
    0x30C, 0x61, 0x30C, 0x49, 0x30C, 0x69, 0x30C, 0x4F, 0x30C, 0x6F, 0x30C, 0x55,
    0x30C, 0x75, 0x30C, 0xDC, 0x304, 0xFC, 0x304, 0xDC, 0x301, 0xFC, 0x301, 0xDC,
    0x30C, 0xFC, 0x30C, 0xDC, 0x300, 0xFC, 0x300, 0xC4, 0x304, 0xE4, 0x304, 0x226,
    0x304, 0x227, 0x304, 0xC6, 0x304, 0xE6, 0x304, 0x47, 0x30C, 0x67, 0x30C, 0x4B,
    0x30C, 0x6B, 0x30C, 0x4F, 0x328, 0x6F, 0x328, 0x1EA, 0x304, 0x1EB, 0x304, 0x1B7,
    0x30C, 0x292, 0x30C, 0x6A, 0x30C, 0x44, 0x5A, 0x44, 0x7A, 0x64, 0x7A, 0x47,
    0x301, 0x67, 0x301, 0x4E, 0x300, 0x6E, 0x300, 0xC5, 0x301, 0xE5, 0x301, 0xC6,
    0x301, 0xE6, 0x301, 0xD8, 0x301, 0xF8, 0x301, 0x41, 0x30F, 0x61, 0x30F, 0x41,
    0x311, 0x61, 0x311, 0x45, 0x30F, 0x65, 0x30F, 0x45, 0x311, 0x65, 0x311, 0x49,
    0x30F, 0x69, 0x30F, 0x49, 0x311, 0x69, 0x311, 0x4F, 0x30F, 0x6F, 0x30F, 0x4F,
    0x311, 0x6F, 0x311, 0x52, 0x30F, 0x72, 0x30F, 0x52, 0x311, 0x72, 0x311, 0x55,
    0x30F, 0x75, 0x30F, 0x55, 0x311, 0x75, 0x311, 0x53, 0x326, 0x73, 0x326, 0x54,
    0x326, 0x74, 0x326, 0x48, 0x30C, 0x68, 0x30C, 0x41, 0x307, 0x61, 0x307, 0x45,
    0x327, 0x65, 0x327, 0xD6, 0x304, 0xF6, 0x304, 0xD5, 0x304, 0xF5, 0x304, 0x4F,
    0x307, 0x6F, 0x307, 0x22E, 0x304, 0x22F, 0x304, 0x59, 0x304, 0x79, 0x304, 0x68,
    0x266, 0x6A, 0x72, 0x279, 0x27B, 0x281, 0x77, 0x79, 0x20, 0x306, 0x20, 0x307,
    0x20, 0x30A, 0x20, 0x328, 0x20, 0x303, 0x20, 0x30B, 0x263, 0x6C, 0x73, 0x78,
    0x295, 0x300, 0x301, 0x313, 0x308, 0x301, 0x2B9, 0x20, 0x345, 0x3B, 0x20, 0x301,
    0xA8, 0x301, 0x391, 0x301, 0xB7, 0x395, 0x301, 0x397, 0x301, 0x399, 0x301, 0x39F,
    0x301, 0x3A5, 0x301, 0x3A9, 0x301, 0x3CA, 0x301, 0x399, 0x308, 0x3A5, 0x308, 0x3B1,
    0x301, 0x3B5, 0x301, 0x3B7, 0x301, 0x3B9, 0x301, 0x3CB, 0x301, 0x3B9, 0x308, 0x3C5,
    0x308, 0x3BF, 0x301, 0x3C5, 0x301, 0x3C9, 0x301, 0x3B2, 0x3B8, 0x3A5, 0x3D2, 0x301,
    0x3D2, 0x308, 0x3C6, 0x3C0, 0x3BA, 0x3C1, 0x3C2, 0x398, 0x3B5, 0x3A3, 0x415, 0x300,
    0x415, 0x308, 0x413, 0x301, 0x406, 0x308, 0x41A, 0x301, 0x418, 0x300, 0x423, 0x306,
    0x418, 0x306, 0x438, 0x306, 0x435, 0x300, 0x435, 0x308, 0x433, 0x301, 0x456, 0x308,
    0x43A, 0x301, 0x438, 0x300, 0x443, 0x306, 0x474, 0x30F, 0x475, 0x30F, 0x416, 0x306,
    0x436, 0x306, 0x410, 0x306, 0x430, 0x306, 0x410, 0x308, 0x430, 0x308, 0x415, 0x306,
    0x435, 0x306, 0x4D8, 0x308, 0x4D9, 0x308, 0x416, 0x308, 0x436, 0x308, 0x417, 0x308,
    0x437, 0x308, 0x418, 0x304, 0x438, 0x304, 0x418, 0x308, 0x438, 0x308, 0x41E, 0x308,
    0x43E, 0x308, 0x4E8, 0x308, 0x4E9, 0x308, 0x42D, 0x308, 0x44D, 0x308, 0x423, 0x304,
    0x443, 0x304, 0x423, 0x308, 0x443, 0x308, 0x423, 0x30B, 0x443, 0x30B, 0x427, 0x308,
    0x447, 0x308, 0x42B, 0x308, 0x44B, 0x308, 0x567, 0x565, 0x582, 0x56B, 0x575, 0x627,
    0x653, 0x627, 0x654, 0x648, 0x654, 0x627, 0x655, 0x64A, 0x654, 0x627, 0x674, 0x648,
    0x674, 0x6C7, 0x674, 0x64A, 0x674, 0x6D5, 0x654, 0x6C1, 0x654, 0x6D2, 0x654, 0x928,
    0x93C, 0x930, 0x93C, 0x933, 0x93C, 0x915, 0x93C, 0x916, 0x93C, 0x917, 0x93C, 0x91C,
    0x93C, 0x921, 0x93C, 0x922, 0x93C, 0x92B, 0x93C, 0x92F, 0x93C, 0x9C7, 0x9BE, 0x9C7,
    0x9D7, 0x9A1, 0x9BC, 0x9A2, 0x9BC, 0x9AF, 0x9BC, 0xA32, 0xA3C, 0xA38, 0xA3C, 0xA16,
    0xA3C, 0xA17, 0xA3C, 0xA1C, 0xA3C, 0xA2B, 0xA3C, 0xB47, 0xB56, 0xB47, 0xB3E, 0xB47,
    0xB57, 0xB21, 0xB3C, 0xB22, 0xB3C, 0xB92, 0xBD7, 0xBC6, 0xBBE, 0xBC7, 0xBBE, 0xBC6,
    0xBD7, 0xC46, 0xC56, 0xCBF, 0xCD5, 0xCC6, 0xCD5, 0xCC6, 0xCD6, 0xCC6, 0xCC2, 0xCCA,
    0xCD5, 0xD46, 0xD3E, 0xD47, 0xD3E, 0xD46, 0xD57, 0xDD9, 0xDCA, 0xDD9, 0xDCF, 0xDDC,
    0xDCA, 0xDD9, 0xDDF, 0xE4D, 0xE32, 0xECD, 0xEB2, 0xEAB, 0xE99, 0xEAB, 0xEA1, 0xF0B,
    0xF42, 0xFB7, 0xF4C, 0xFB7, 0xF51, 0xFB7, 0xF56, 0xFB7, 0xF5B, 0xFB7, 0xF40, 0xFB5,
    0xF71, 0xF72, 0xF71, 0xF74, 0xFB2, 0xF80, 0xFB2, 0xF81, 0xFB3, 0xF80, 0xFB3, 0xF81,
    0xF71, 0xF80, 0xF92, 0xFB7, 0xF9C, 0xFB7, 0xFA1, 0xFB7, 0xFA6, 0xFB7, 0xFAB, 0xFB7,
    0xF90, 0xFB5, 0x1025, 0x102E, 0x10DC, 0x1B05, 0x1B35, 0x1B07, 0x1B35, 0x1B09, 0x1B35, 0x1B0B,
    0x1B35, 0x1B0D, 0x1B35, 0x1B11, 0x1B35, 0x1B3A, 0x1B35, 0x1B3C, 0x1B35, 0x1B3E, 0x1B35, 0x1B3F,
    0x1B35, 0x1B42, 0x1B35, 0x41, 0xC6, 0x42, 0x44, 0x45, 0x18E, 0x47, 0x48, 0x49,
    0x4A, 0x4B, 0x4C, 0x4D, 0x4E, 0x4F, 0x222, 0x50, 0x52, 0x54, 0x55, 0x57,
    0x61, 0x250, 0x251, 0x1D02, 0x62, 0x64, 0x65, 0x259, 0x25B, 0x25C, 0x67, 0x6B,
    0x6D, 0x14B, 0x6F, 0x254, 0x1D16, 0x1D17, 0x70, 0x74, 0x75, 0x1D1D, 0x26F, 0x76,
    0x1D25, 0x3B2, 0x3B3, 0x3B4, 0x3C6, 0x3C7, 0x69, 0x72, 0x75, 0x76, 0x3B2, 0x3B3,
    0x3C1, 0x3C6, 0x3C7, 0x43D, 0x252, 0x63, 0x255, 0xF0, 0x25C, 0x66, 0x25F, 0x261,
    0x265, 0x268, 0x269, 0x26A, 0x1D7B, 0x29D, 0x26D, 0x1D85, 0x29F, 0x271, 0x270, 0x272,
    0x273, 0x274, 0x275, 0x278, 0x282, 0x283, 0x1AB, 0x289, 0x28A, 0x1D1C, 0x28B, 0x28C,
    0x7A, 0x290, 0x291, 0x292, 0x3B8, 0x41, 0x325, 0x61, 0x325, 0x42, 0x307, 0x62,
    0x307, 0x42, 0x323, 0x62, 0x323, 0x42, 0x331, 0x62, 0x331, 0xC7, 0x301, 0xE7,
    0x301, 0x44, 0x307, 0x64, 0x307, 0x44, 0x323, 0x64, 0x323, 0x44, 0x331, 0x64,
    0x331, 0x44, 0x327, 0x64, 0x327, 0x44, 0x32D, 0x64, 0x32D, 0x112, 0x300, 0x113,
    0x300, 0x112, 0x301, 0x113, 0x301, 0x45, 0x32D, 0x65, 0x32D, 0x45, 0x330, 0x65,
    0x330, 0x228, 0x306, 0x229, 0x306, 0x46, 0x307, 0x66, 0x307, 0x47, 0x304, 0x67,
    0x304, 0x48, 0x307, 0x68, 0x307, 0x48, 0x323, 0x68, 0x323, 0x48, 0x308, 0x68,
    0x308, 0x48, 0x327, 0x68, 0x327, 0x48, 0x32E, 0x68, 0x32E, 0x49, 0x330, 0x69,
    0x330, 0xCF, 0x301, 0xEF, 0x301, 0x4B, 0x301, 0x6B, 0x301, 0x4B, 0x323, 0x6B,
    0x323, 0x4B, 0x331, 0x6B, 0x331, 0x4C, 0x323, 0x6C, 0x323, 0x1E36, 0x304, 0x1E37,
    0x304, 0x4C, 0x331, 0x6C, 0x331, 0x4C, 0x32D, 0x6C, 0x32D, 0x4D, 0x301, 0x6D,
    0x301, 0x4D, 0x307, 0x6D, 0x307, 0x4D, 0x323, 0x6D, 0x323, 0x4E, 0x307, 0x6E,
    0x307, 0x4E, 0x323, 0x6E, 0x323, 0x4E, 0x331, 0x6E, 0x331, 0x4E, 0x32D, 0x6E,
    0x32D, 0xD5, 0x301, 0xF5, 0x301, 0xD5, 0x308, 0xF5, 0x308, 0x14C, 0x300, 0x14D,
    0x300, 0x14C, 0x301, 0x14D, 0x301, 0x50, 0x301, 0x70, 0x301, 0x50, 0x307, 0x70,
    0x307, 0x52, 0x307, 0x72, 0x307, 0x52, 0x323, 0x72, 0x323, 0x1E5A, 0x304, 0x1E5B,
    0x304, 0x52, 0x331, 0x72, 0x331, 0x53, 0x307, 0x73, 0x307, 0x53, 0x323, 0x73,
    0x323, 0x15A, 0x307, 0x15B, 0x307, 0x160, 0x307, 0x161, 0x307, 0x1E62, 0x307, 0x1E63,
    0x307, 0x54, 0x307, 0x74, 0x307, 0x54, 0x323, 0x74, 0x323, 0x54, 0x331, 0x74,
    0x331, 0x54, 0x32D, 0x74, 0x32D, 0x55, 0x324, 0x75, 0x324, 0x55, 0x330, 0x75,
    0x330, 0x55, 0x32D, 0x75, 0x32D, 0x168, 0x301, 0x169, 0x301, 0x16A, 0x308, 0x16B,
    0x308, 0x56, 0x303, 0x76, 0x303, 0x56, 0x323, 0x76, 0x323, 0x57, 0x300, 0x77,
    0x300, 0x57, 0x301, 0x77, 0x301, 0x57, 0x308, 0x77, 0x308, 0x57, 0x307, 0x77,
    0x307, 0x57, 0x323, 0x77, 0x323, 0x58, 0x307, 0x78, 0x307, 0x58, 0x308, 0x78,
    0x308, 0x59, 0x307, 0x79, 0x307, 0x5A, 0x302, 0x7A, 0x302, 0x5A, 0x323, 0x7A,
    0x323, 0x5A, 0x331, 0x7A, 0x331, 0x68, 0x331, 0x74, 0x308, 0x77, 0x30A, 0x79,
    0x30A, 0x61, 0x2BE, 0x17F, 0x307, 0x41, 0x323, 0x61, 0x323, 0x41, 0x309, 0x61,
    0x309, 0xC2, 0x301, 0xE2, 0x301, 0xC2, 0x300, 0xE2, 0x300, 0xC2, 0x309, 0xE2,
    0x309, 0xC2, 0x303, 0xE2, 0x303, 0x1EA0, 0x302, 0x1EA1, 0x302, 0x102, 0x301, 0x103,
    0x301, 0x102, 0x300, 0x103, 0x300, 0x102, 0x309, 0x103, 0x309, 0x102, 0x303, 0x103,
    0x303, 0x1EA0, 0x306, 0x1EA1, 0x306, 0x45, 0x323, 0x65, 0x323, 0x45, 0x309, 0x65,
    0x309, 0x45, 0x303, 0x65, 0x303, 0xCA, 0x301, 0xEA, 0x301, 0xCA, 0x300, 0xEA,
    0x300, 0xCA, 0x309, 0xEA, 0x309, 0xCA, 0x303, 0xEA, 0x303, 0x1EB8, 0x302, 0x1EB9,
    0x302, 0x49, 0x309, 0x69, 0x309, 0x49, 0x323, 0x69, 0x323, 0x4F, 0x323, 0x6F,
    0x323, 0x4F, 0x309, 0x6F, 0x309, 0xD4, 0x301, 0xF4, 0x301, 0xD4, 0x300, 0xF4,
    0x300, 0xD4, 0x309, 0xF4, 0x309, 0xD4, 0x303, 0xF4, 0x303, 0x1ECC, 0x302, 0x1ECD,
    0x302, 0x1A0, 0x301, 0x1A1, 0x301, 0x1A0, 0x300, 0x1A1, 0x300, 0x1A0, 0x309, 0x1A1,
    0x309, 0x1A0, 0x303, 0x1A1, 0x303, 0x1A0, 0x323, 0x1A1, 0x323, 0x55, 0x323, 0x75,
    0x323, 0x55, 0x309, 0x75, 0x309, 0x1AF, 0x301, 0x1B0, 0x301, 0x1AF, 0x300, 0x1B0,
    0x300, 0x1AF, 0x309, 0x1B0, 0x309, 0x1AF, 0x303, 0x1B0, 0x303, 0x1AF, 0x323, 0x1B0,
    0x323, 0x59, 0x300, 0x79, 0x300, 0x59, 0x323, 0x79, 0x323, 0x59, 0x309, 0x79,
    0x309, 0x59, 0x303, 0x79, 0x303, 0x3B1, 0x313, 0x3B1, 0x314, 0x1F00, 0x300, 0x1F01,
    0x300, 0x1F00, 0x301, 0x1F01, 0x301, 0x1F00, 0x342, 0x1F01, 0x342, 0x391, 0x313, 0x391,
    0x314, 0x1F08, 0x300, 0x1F09, 0x300, 0x1F08, 0x301, 0x1F09, 0x301, 0x1F08, 0x342, 0x1F09,
    0x342, 0x3B5, 0x313, 0x3B5, 0x314, 0x1F10, 0x300, 0x1F11, 0x300, 0x1F10, 0x301, 0x1F11,
    0x301, 0x395, 0x313, 0x395, 0x314, 0x1F18, 0x300, 0x1F19, 0x300, 0x1F18, 0x301, 0x1F19,
    0x301, 0x3B7, 0x313, 0x3B7, 0x314, 0x1F20, 0x300, 0x1F21, 0x300, 0x1F20, 0x301, 0x1F21,
    0x301, 0x1F20, 0x342, 0x1F21, 0x342, 0x397, 0x313, 0x397, 0x314, 0x1F28, 0x300, 0x1F29,
    0x300, 0x1F28, 0x301, 0x1F29, 0x301, 0x1F28, 0x342, 0x1F29, 0x342, 0x3B9, 0x313, 0x3B9,
    0x314, 0x1F30, 0x300, 0x1F31, 0x300, 0x1F30, 0x301, 0x1F31, 0x301, 0x1F30, 0x342, 0x1F31,
    0x342, 0x399, 0x313, 0x399, 0x314, 0x1F38, 0x300, 0x1F39, 0x300, 0x1F38, 0x301, 0x1F39,
    0x301, 0x1F38, 0x342, 0x1F39, 0x342, 0x3BF, 0x313, 0x3BF, 0x314, 0x1F40, 0x300, 0x1F41,
    0x300, 0x1F40, 0x301, 0x1F41, 0x301, 0x39F, 0x313, 0x39F, 0x314, 0x1F48, 0x300, 0x1F49,
    0x300, 0x1F48, 0x301, 0x1F49, 0x301, 0x3C5, 0x313, 0x3C5, 0x314, 0x1F50, 0x300, 0x1F51,
    0x300, 0x1F50, 0x301, 0x1F51, 0x301, 0x1F50, 0x342, 0x1F51, 0x342, 0x3A5, 0x314, 0x1F59,
    0x300, 0x1F59, 0x301, 0x1F59, 0x342, 0x3C9, 0x313, 0x3C9, 0x314, 0x1F60, 0x300, 0x1F61,
    0x300, 0x1F60, 0x301, 0x1F61, 0x301, 0x1F60, 0x342, 0x1F61, 0x342, 0x3A9, 0x313, 0x3A9,
    0x314, 0x1F68, 0x300, 0x1F69, 0x300, 0x1F68, 0x301, 0x1F69, 0x301, 0x1F68, 0x342, 0x1F69,
    0x342, 0x3B1, 0x300, 0x3AC, 0x3B5, 0x300, 0x3AD, 0x3B7, 0x300, 0x3AE, 0x3B9, 0x300,
    0x3AF, 0x3BF, 0x300, 0x3CC, 0x3C5, 0x300, 0x3CD, 0x3C9, 0x300, 0x3CE, 0x1F00, 0x345,
    0x1F01, 0x345, 0x1F02, 0x345, 0x1F03, 0x345, 0x1F04, 0x345, 0x1F05, 0x345, 0x1F06, 0x345,
    0x1F07, 0x345, 0x1F08, 0x345, 0x1F09, 0x345, 0x1F0A, 0x345, 0x1F0B, 0x345, 0x1F0C, 0x345,
    0x1F0D, 0x345, 0x1F0E, 0x345, 0x1F0F, 0x345, 0x1F20, 0x345, 0x1F21, 0x345, 0x1F22, 0x345,
    0x1F23, 0x345, 0x1F24, 0x345, 0x1F25, 0x345, 0x1F26, 0x345, 0x1F27, 0x345, 0x1F28, 0x345,
    0x1F29, 0x345, 0x1F2A, 0x345, 0x1F2B, 0x345, 0x1F2C, 0x345, 0x1F2D, 0x345, 0x1F2E, 0x345,
    0x1F2F, 0x345, 0x1F60, 0x345, 0x1F61, 0x345, 0x1F62, 0x345, 0x1F63, 0x345, 0x1F64, 0x345,
    0x1F65, 0x345, 0x1F66, 0x345, 0x1F67, 0x345, 0x1F68, 0x345, 0x1F69, 0x345, 0x1F6A, 0x345,
    0x1F6B, 0x345, 0x1F6C, 0x345, 0x1F6D, 0x345, 0x1F6E, 0x345, 0x1F6F, 0x345, 0x3B1, 0x306,
    0x3B1, 0x304, 0x1F70, 0x345, 0x3B1, 0x345, 0x3AC, 0x345, 0x3B1, 0x342, 0x1FB6, 0x345,
    0x391, 0x306, 0x391, 0x304, 0x391, 0x300, 0x386, 0x391, 0x345, 0x20, 0x313, 0x3B9,
    0x20, 0x313, 0x20, 0x342, 0xA8, 0x342, 0x1F74, 0x345, 0x3B7, 0x345, 0x3AE, 0x345,
    0x3B7, 0x342, 0x1FC6, 0x345, 0x395, 0x300, 0x388, 0x397, 0x300, 0x389, 0x397, 0x345,
    0x1FBF, 0x300, 0x1FBF, 0x301, 0x1FBF, 0x342, 0x3B9, 0x306, 0x3B9, 0x304, 0x3CA, 0x300,
    0x390, 0x3B9, 0x342, 0x3CA, 0x342, 0x399, 0x306, 0x399, 0x304, 0x399, 0x300, 0x38A,
    0x1FFE, 0x300, 0x1FFE, 0x301, 0x1FFE, 0x342, 0x3C5, 0x306, 0x3C5, 0x304, 0x3CB, 0x300,
    0x3B0, 0x3C1, 0x313, 0x3C1, 0x314, 0x3C5, 0x342, 0x3CB, 0x342, 0x3A5, 0x306, 0x3A5,
    0x304, 0x3A5, 0x300, 0x38E, 0x3A1, 0x314, 0xA8, 0x300, 0x385, 0x60, 0x1F7C, 0x345,
    0x3C9, 0x345, 0x3CE, 0x345, 0x3C9, 0x342, 0x1FF6, 0x345, 0x39F, 0x300, 0x38C, 0x3A9,
    0x300, 0x38F, 0x3A9, 0x345, 0xB4, 0x20, 0x314, 0x2002, 0x2003, 0x20, 0x20, 0x20,
    0x20, 0x20, 0x20, 0x20, 0x20, 0x20, 0x2010, 0x20, 0x333, 0x2E, 0x2E, 0x2E,
    0x2E, 0x2E, 0x2E, 0x20, 0x2032, 0x2032, 0x2032, 0x2032, 0x2032, 0x2035, 0x2035, 0x2035,
    0x2035, 0x2035, 0x21, 0x21, 0x20, 0x305, 0x3F, 0x3F, 0x3F, 0x21, 0x21, 0x3F,
    0x2032, 0x2032, 0x2032, 0x2032, 0x20, 0x30, 0x69, 0x34, 0x35, 0x36, 0x37, 0x38,
    0x39, 0x2B, 0x2212, 0x3D, 0x28, 0x29, 0x6E, 0x30, 0x31, 0x32, 0x33, 0x34,
    0x35, 0x36, 0x37, 0x38, 0x39, 0x2B, 0x2212, 0x3D, 0x28, 0x29, 0x61, 0x65,
    0x6F, 0x78, 0x259, 0x68, 0x6B, 0x6C, 0x6D, 0x6E, 0x70, 0x73, 0x74, 0x77,
    0x79, 0x7A, 0x52, 0x73, 0x61, 0x2F, 0x63, 0x61, 0x2F, 0x73, 0x43, 0xB0,
    0x43, 0x63, 0x2F, 0x6F, 0x63, 0x2F, 0x75, 0x190, 0xB0, 0x46, 0x67, 0x48,
    0x48, 0x48, 0x68, 0x127, 0x49, 0x49, 0x4C, 0x6C, 0x4E, 0x4E, 0x6F, 0x50,
    0x51, 0x52, 0x52, 0x52, 0x53, 0x4D, 0x54, 0x45, 0x4C, 0x54, 0x4D, 0x5A,
    0x3A9, 0x5A, 0x4B, 0xC5, 0x42, 0x43, 0x65, 0x45, 0x46, 0x4D, 0x6F, 0x5D0,
    0x5D1, 0x5D2, 0x5D3, 0x69, 0x46, 0x41, 0x58, 0x3C0, 0x3B3, 0x393, 0x3A0, 0x2211,
    0x44, 0x64, 0x65, 0x69, 0x6A, 0x31, 0x2044, 0x37, 0x31, 0x2044, 0x39, 0x31,
    0x2044, 0x31, 0x30, 0x31, 0x2044, 0x33, 0x32, 0x2044, 0x33, 0x31, 0x2044, 0x35,
    0x32, 0x2044, 0x35, 0x33, 0x2044, 0x35, 0x34, 0x2044, 0x35, 0x31, 0x2044, 0x36,
    0x35, 0x2044, 0x36, 0x31, 0x2044, 0x38, 0x33, 0x2044, 0x38, 0x35, 0x2044, 0x38,
    0x37, 0x2044, 0x38, 0x31, 0x2044, 0x49, 0x49, 0x49, 0x49, 0x49, 0x49, 0x49,
    0x56, 0x56, 0x56, 0x49, 0x56, 0x49, 0x49, 0x56, 0x49, 0x49, 0x49, 0x49,
    0x58, 0x58, 0x58, 0x49, 0x58, 0x49, 0x49, 0x4C, 0x43, 0x44, 0x4D, 0x69,
    0x69, 0x69, 0x69, 0x69, 0x69, 0x69, 0x76, 0x76, 0x76, 0x69, 0x76, 0x69,
    0x69, 0x76, 0x69, 0x69, 0x69, 0x69, 0x78, 0x78, 0x78, 0x69, 0x78, 0x69,
    0x69, 0x6C, 0x63, 0x64, 0x6D, 0x30, 0x2044, 0x33, 0x2190, 0x338, 0x2192, 0x338,
    0x2194, 0x338, 0x21D0, 0x338, 0x21D4, 0x338, 0x21D2, 0x338, 0x2203, 0x338, 0x2208, 0x338,
    0x220B, 0x338, 0x2223, 0x338, 0x2225, 0x338, 0x222B, 0x222B, 0x222B, 0x222B, 0x222B, 0x222E,
    0x222E, 0x222E, 0x222E, 0x222E, 0x223C, 0x338, 0x2243, 0x338, 0x2245, 0x338, 0x2248, 0x338,
    0x3D, 0x338, 0x2261, 0x338, 0x224D, 0x338, 0x3C, 0x338, 0x3E, 0x338, 0x2264, 0x338,
    0x2265, 0x338, 0x2272, 0x338, 0x2273, 0x338, 0x2276, 0x338, 0x2277, 0x338, 0x227A, 0x338,
    0x227B, 0x338, 0x2282, 0x338, 0x2283, 0x338, 0x2286, 0x338, 0x2287, 0x338, 0x22A2, 0x338,
    0x22A8, 0x338, 0x22A9, 0x338, 0x22AB, 0x338, 0x227C, 0x338, 0x227D, 0x338, 0x2291, 0x338,
    0x2292, 0x338, 0x22B2, 0x338, 0x22B3, 0x338, 0x22B4, 0x338, 0x22B5, 0x338, 0x3008, 0x3009,
    0x31, 0x32, 0x33, 0x34, 0x35, 0x36, 0x37, 0x38, 0x39, 0x31, 0x30, 0x31,
    0x31, 0x31, 0x32, 0x31, 0x33, 0x31, 0x34, 0x31, 0x35, 0x31, 0x36, 0x31,
    0x37, 0x31, 0x38, 0x31, 0x39, 0x32, 0x30, 0x28, 0x31, 0x29, 0x28, 0x32,
    0x29, 0x28, 0x33, 0x29, 0x28, 0x34, 0x29, 0x28, 0x35, 0x29, 0x28, 0x36,
    0x29, 0x28, 0x37, 0x29, 0x28, 0x38, 0x29, 0x28, 0x39, 0x29, 0x28, 0x31,
    0x30, 0x29, 0x28, 0x31, 0x31, 0x29, 0x28, 0x31, 0x32, 0x29, 0x28, 0x31,
    0x33, 0x29, 0x28, 0x31, 0x34, 0x29, 0x28, 0x31, 0x35, 0x29, 0x28, 0x31,
    0x36, 0x29, 0x28, 0x31, 0x37, 0x29, 0x28, 0x31, 0x38, 0x29, 0x28, 0x31,
    0x39, 0x29, 0x28, 0x32, 0x30, 0x29, 0x31, 0x2E, 0x32, 0x2E, 0x33, 0x2E,
    0x34, 0x2E, 0x35, 0x2E, 0x36, 0x2E, 0x37, 0x2E, 0x38, 0x2E, 0x39, 0x2E,
    0x31, 0x30, 0x2E, 0x31, 0x31, 0x2E, 0x31, 0x32, 0x2E, 0x31, 0x33, 0x2E,
    0x31, 0x34, 0x2E, 0x31, 0x35, 0x2E, 0x31, 0x36, 0x2E, 0x31, 0x37, 0x2E,
    0x31, 0x38, 0x2E, 0x31, 0x39, 0x2E, 0x32, 0x30, 0x2E, 0x28, 0x61, 0x29,
    0x28, 0x62, 0x29, 0x28, 0x63, 0x29, 0x28, 0x64, 0x29, 0x28, 0x65, 0x29,
    0x28, 0x66, 0x29, 0x28, 0x67, 0x29, 0x28, 0x68, 0x29, 0x28, 0x69, 0x29,
    0x28, 0x6A, 0x29, 0x28, 0x6B, 0x29, 0x28, 0x6C, 0x29, 0x28, 0x6D, 0x29,
    0x28, 0x6E, 0x29, 0x28, 0x6F, 0x29, 0x28, 0x70, 0x29, 0x28, 0x71, 0x29,
    0x28, 0x72, 0x29, 0x28, 0x73, 0x29, 0x28, 0x74, 0x29, 0x28, 0x75, 0x29,
    0x28, 0x76, 0x29, 0x28, 0x77, 0x29, 0x28, 0x78, 0x29, 0x28, 0x79, 0x29,
    0x28, 0x7A, 0x29, 0x41, 0x42, 0x43, 0x44, 0x45, 0x46, 0x47, 0x48, 0x49,
    0x4A, 0x4B, 0x4C, 0x4D, 0x4E, 0x4F, 0x50, 0x51, 0x52, 0x53, 0x54, 0x55,
    0x56, 0x57, 0x58, 0x59, 0x5A, 0x61, 0x62, 0x63, 0x64, 0x65, 0x66, 0x67,
    0x68, 0x69, 0x6A, 0x6B, 0x6C, 0x6D, 0x6E, 0x6F, 0x70, 0x71, 0x72, 0x73,
    0x74, 0x75, 0x76, 0x77, 0x78, 0x79, 0x7A, 0x30, 0x222B, 0x222B, 0x222B, 0x222B,
    0x3A, 0x3A, 0x3D, 0x3D, 0x3D, 0x3D, 0x3D, 0x3D, 0x2ADD, 0x338, 0x6A, 0x56,
    0x2D61, 0x6BCD, 0x9F9F, 0x4E00, 0x4E28, 0x4E36, 0x4E3F, 0x4E59, 0x4E85, 0x4E8C, 0x4EA0, 0x4EBA,
    0x513F, 0x5165, 0x516B, 0x5182, 0x5196, 0x51AB, 0x51E0, 0x51F5, 0x5200, 0x529B, 0x52F9, 0x5315,
    0x531A, 0x5338, 0x5341, 0x535C, 0x5369, 0x5382, 0x53B6, 0x53C8, 0x53E3, 0x56D7, 0x571F, 0x58EB,
    0x5902, 0x590A, 0x5915, 0x5927, 0x5973, 0x5B50, 0x5B80, 0x5BF8, 0x5C0F, 0x5C22, 0x5C38, 0x5C6E,
    0x5C71, 0x5DDB, 0x5DE5, 0x5DF1, 0x5DFE, 0x5E72, 0x5E7A, 0x5E7F, 0x5EF4, 0x5EFE, 0x5F0B, 0x5F13,
    0x5F50, 0x5F61, 0x5F73, 0x5FC3, 0x6208, 0x6236, 0x624B, 0x652F, 0x6534, 0x6587, 0x6597, 0x65A4,
    0x65B9, 0x65E0, 0x65E5, 0x66F0, 0x6708, 0x6728, 0x6B20, 0x6B62, 0x6B79, 0x6BB3, 0x6BCB, 0x6BD4,
    0x6BDB, 0x6C0F, 0x6C14, 0x6C34, 0x706B, 0x722A, 0x7236, 0x723B, 0x723F, 0x7247, 0x7259, 0x725B,
    0x72AC, 0x7384, 0x7389, 0x74DC, 0x74E6, 0x7518, 0x751F, 0x7528, 0x7530, 0x758B, 0x7592, 0x7676,
    0x767D, 0x76AE, 0x76BF, 0x76EE, 0x77DB, 0x77E2, 0x77F3, 0x793A, 0x79B8, 0x79BE, 0x7A74, 0x7ACB,
    0x7AF9, 0x7C73, 0x7CF8, 0x7F36, 0x7F51, 0x7F8A, 0x7FBD, 0x8001, 0x800C, 0x8012, 0x8033, 0x807F,
    0x8089, 0x81E3, 0x81EA, 0x81F3, 0x81FC, 0x820C, 0x821B, 0x821F, 0x826E, 0x8272, 0x8278, 0x864D,
    0x866B, 0x8840, 0x884C, 0x8863, 0x897E, 0x898B, 0x89D2, 0x8A00, 0x8C37, 0x8C46, 0x8C55, 0x8C78,
    0x8C9D, 0x8D64, 0x8D70, 0x8DB3, 0x8EAB, 0x8ECA, 0x8F9B, 0x8FB0, 0x8FB5, 0x9091, 0x9149, 0x91C6,
    0x91CC, 0x91D1, 0x9577, 0x9580, 0x961C, 0x96B6, 0x96B9, 0x96E8, 0x9751, 0x975E, 0x9762, 0x9769,
    0x97CB, 0x97ED, 0x97F3, 0x9801, 0x98A8, 0x98DB, 0x98DF, 0x9996, 0x9999, 0x99AC, 0x9AA8, 0x9AD8,
    0x9ADF, 0x9B25, 0x9B2F, 0x9B32, 0x9B3C, 0x9B5A, 0x9CE5, 0x9E75, 0x9E7F, 0x9EA5, 0x9EBB, 0x9EC3,
    0x9ECD, 0x9ED1, 0x9EF9, 0x9EFD, 0x9F0E, 0x9F13, 0x9F20, 0x9F3B, 0x9F4A, 0x9F52, 0x9F8D, 0x9F9C,
    0x9FA0, 0x20, 0x3012, 0x5341, 0x5344, 0x5345, 0x304B, 0x3099, 0x304D, 0x3099, 0x304F, 0x3099,
    0x3051, 0x3099, 0x3053, 0x3099, 0x3055, 0x3099, 0x3057, 0x3099, 0x3059, 0x3099, 0x305B, 0x3099,
    0x305D, 0x3099, 0x305F, 0x3099, 0x3061, 0x3099, 0x3064, 0x3099, 0x3066, 0x3099, 0x3068, 0x3099,
    0x306F, 0x3099, 0x306F, 0x309A, 0x3072, 0x3099, 0x3072, 0x309A, 0x3075, 0x3099, 0x3075, 0x309A,
    0x3078, 0x3099, 0x3078, 0x309A, 0x307B, 0x3099, 0x307B, 0x309A, 0x3046, 0x3099, 0x20, 0x3099,
    0x20, 0x309A, 0x309D, 0x3099, 0x3088, 0x308A, 0x30AB, 0x3099, 0x30AD, 0x3099, 0x30AF, 0x3099,
    0x30B1, 0x3099, 0x30B3, 0x3099, 0x30B5, 0x3099, 0x30B7, 0x3099, 0x30B9, 0x3099, 0x30BB, 0x3099,
    0x30BD, 0x3099, 0x30BF, 0x3099, 0x30C1, 0x3099, 0x30C4, 0x3099, 0x30C6, 0x3099, 0x30C8, 0x3099,
    0x30CF, 0x3099, 0x30CF, 0x309A, 0x30D2, 0x3099, 0x30D2, 0x309A, 0x30D5, 0x3099, 0x30D5, 0x309A,
    0x30D8, 0x3099, 0x30D8, 0x309A, 0x30DB, 0x3099, 0x30DB, 0x309A, 0x30A6, 0x3099, 0x30EF, 0x3099,
    0x30F0, 0x3099, 0x30F1, 0x3099, 0x30F2, 0x3099, 0x30FD, 0x3099, 0x30B3, 0x30C8, 0x1100, 0x1101,
    0x11AA, 0x1102, 0x11AC, 0x11AD, 0x1103, 0x1104, 0x1105, 0x11B0, 0x11B1, 0x11B2, 0x11B3, 0x11B4,
    0x11B5, 0x111A, 0x1106, 0x1107, 0x1108, 0x1121, 0x1109, 0x110A, 0x110B, 0x110C, 0x110D, 0x110E,
    0x110F, 0x1110, 0x1111, 0x1112, 0x1161, 0x1162, 0x1163, 0x1164, 0x1165, 0x1166, 0x1167, 0x1168,
    0x1169, 0x116A, 0x116B, 0x116C, 0x116D, 0x116E, 0x116F, 0x1170, 0x1171, 0x1172, 0x1173, 0x1174,
    0x1175, 0x1160, 0x1114, 0x1115, 0x11C7, 0x11C8, 0x11CC, 0x11CE, 0x11D3, 0x11D7, 0x11D9, 0x111C,
    0x11DD, 0x11DF, 0x111D, 0x111E, 0x1120, 0x1122, 0x1123, 0x1127, 0x1129, 0x112B, 0x112C, 0x112D,
    0x112E, 0x112F, 0x1132, 0x1136, 0x1140, 0x1147, 0x114C, 0x11F1, 0x11F2, 0x1157, 0x1158, 0x1159,
    0x1184, 0x1185, 0x1188, 0x1191, 0x1192, 0x1194, 0x119E, 0x11A1, 0x4E00, 0x4E8C, 0x4E09, 0x56DB,
    0x4E0A, 0x4E2D, 0x4E0B, 0x7532, 0x4E59, 0x4E19, 0x4E01, 0x5929, 0x5730, 0x4EBA, 0x28, 0x1100,
    0x29, 0x28, 0x1102, 0x29, 0x28, 0x1103, 0x29, 0x28, 0x1105, 0x29, 0x28, 0x1106,
    0x29, 0x28, 0x1107, 0x29, 0x28, 0x1109, 0x29, 0x28, 0x110B, 0x29, 0x28, 0x110C,
    0x29, 0x28, 0x110E, 0x29, 0x28, 0x110F, 0x29, 0x28, 0x1110, 0x29, 0x28, 0x1111,
    0x29, 0x28, 0x1112, 0x29, 0x28, 0x1100, 0x1161, 0x29, 0x28, 0x1102, 0x1161, 0x29,
    0x28, 0x1103, 0x1161, 0x29, 0x28, 0x1105, 0x1161, 0x29, 0x28, 0x1106, 0x1161, 0x29,
    0x28, 0x1107, 0x1161, 0x29, 0x28, 0x1109, 0x1161, 0x29, 0x28, 0x110B, 0x1161, 0x29,
    0x28, 0x110C, 0x1161, 0x29, 0x28, 0x110E, 0x1161, 0x29, 0x28, 0x110F, 0x1161, 0x29,
    0x28, 0x1110, 0x1161, 0x29, 0x28, 0x1111, 0x1161, 0x29, 0x28, 0x1112, 0x1161, 0x29,
    0x28, 0x110C, 0x116E, 0x29, 0x28, 0x110B, 0x1169, 0x110C, 0x1165, 0x11AB, 0x29, 0x28,
    0x110B, 0x1169, 0x1112, 0x116E, 0x29, 0x28, 0x4E00, 0x29, 0x28, 0x4E8C, 0x29, 0x28,
    0x4E09, 0x29, 0x28, 0x56DB, 0x29, 0x28, 0x4E94, 0x29, 0x28, 0x516D, 0x29, 0x28,
    0x4E03, 0x29, 0x28, 0x516B, 0x29, 0x28, 0x4E5D, 0x29, 0x28, 0x5341, 0x29, 0x28,
    0x6708, 0x29, 0x28, 0x706B, 0x29, 0x28, 0x6C34, 0x29, 0x28, 0x6728, 0x29, 0x28,
    0x91D1, 0x29, 0x28, 0x571F, 0x29, 0x28, 0x65E5, 0x29, 0x28, 0x682A, 0x29, 0x28,
    0x6709, 0x29, 0x28, 0x793E, 0x29, 0x28, 0x540D, 0x29, 0x28, 0x7279, 0x29, 0x28,
    0x8CA1, 0x29, 0x28, 0x795D, 0x29, 0x28, 0x52B4, 0x29, 0x28, 0x4EE3, 0x29, 0x28,
    0x547C, 0x29, 0x28, 0x5B66, 0x29, 0x28, 0x76E3, 0x29, 0x28, 0x4F01, 0x29, 0x28,
    0x8CC7, 0x29, 0x28, 0x5354, 0x29, 0x28, 0x796D, 0x29, 0x28, 0x4F11, 0x29, 0x28,
    0x81EA, 0x29, 0x28, 0x81F3, 0x29, 0x554F, 0x5E7C, 0x6587, 0x7B8F, 0x50, 0x54, 0x45,
    0x32, 0x31, 0x32, 0x32, 0x32, 0x33, 0x32, 0x34, 0x32, 0x35, 0x32, 0x36,
    0x32, 0x37, 0x32, 0x38, 0x32, 0x39, 0x33, 0x30, 0x33, 0x31, 0x33, 0x32,
    0x33, 0x33, 0x33, 0x34, 0x33, 0x35, 0x1100, 0x1102, 0x1103, 0x1105, 0x1106, 0x1107,
    0x1109, 0x110B, 0x110C, 0x110E, 0x110F, 0x1110, 0x1111, 0x1112, 0x1100, 0x1161, 0x1102, 0x1161,
    0x1103, 0x1161, 0x1105, 0x1161, 0x1106, 0x1161, 0x1107, 0x1161, 0x1109, 0x1161, 0x110B, 0x1161,
    0x110C, 0x1161, 0x110E, 0x1161, 0x110F, 0x1161, 0x1110, 0x1161, 0x1111, 0x1161, 0x1112, 0x1161,
    0x110E, 0x1161, 0x11B7, 0x1100, 0x1169, 0x110C, 0x116E, 0x110B, 0x1174, 0x110B, 0x116E, 0x4E00,
    0x4E8C, 0x4E09, 0x56DB, 0x4E94, 0x516D, 0x4E03, 0x516B, 0x4E5D, 0x5341, 0x6708, 0x706B, 0x6C34,
    0x6728, 0x91D1, 0x571F, 0x65E5, 0x682A, 0x6709, 0x793E, 0x540D, 0x7279, 0x8CA1, 0x795D, 0x52B4,
    0x79D8, 0x7537, 0x5973, 0x9069, 0x512A, 0x5370, 0x6CE8, 0x9805, 0x4F11, 0x5199, 0x6B63, 0x4E0A,
    0x4E2D, 0x4E0B, 0x5DE6, 0x53F3, 0x533B, 0x5B97, 0x5B66, 0x76E3, 0x4F01, 0x8CC7, 0x5354, 0x591C,
    0x33, 0x36, 0x33, 0x37, 0x33, 0x38, 0x33, 0x39, 0x34, 0x30, 0x34, 0x31,
    0x34, 0x32, 0x34, 0x33, 0x34, 0x34, 0x34, 0x35, 0x34, 0x36, 0x34, 0x37,
    0x34, 0x38, 0x34, 0x39, 0x35, 0x30, 0x31, 0x6708, 0x32, 0x6708, 0x33, 0x6708,
    0x34, 0x6708, 0x35, 0x6708, 0x36, 0x6708, 0x37, 0x6708, 0x38, 0x6708, 0x39, 0x6708,
    0x31, 0x30, 0x6708, 0x31, 0x31, 0x6708, 0x31, 0x32, 0x6708, 0x48, 0x67, 0x65,
    0x72, 0x67, 0x65, 0x56, 0x4C, 0x54, 0x44, 0x30A2, 0x30A4, 0x30A6, 0x30A8, 0x30AA,
    0x30AB, 0x30AD, 0x30AF, 0x30B1, 0x30B3, 0x30B5, 0x30B7, 0x30B9, 0x30BB, 0x30BD, 0x30BF, 0x30C1,
    0x30C4, 0x30C6, 0x30C8, 0x30CA, 0x30CB, 0x30CC, 0x30CD, 0x30CE, 0x30CF, 0x30D2, 0x30D5, 0x30D8,
    0x30DB, 0x30DE, 0x30DF, 0x30E0, 0x30E1, 0x30E2, 0x30E4, 0x30E6, 0x30E8, 0x30E9, 0x30EA, 0x30EB,
    0x30EC, 0x30ED, 0x30EF, 0x30F0, 0x30F1, 0x30F2, 0x4EE4, 0x548C, 0x30A2, 0x30D1, 0x30FC, 0x30C8,
    0x30A2, 0x30EB, 0x30D5, 0x30A1, 0x30A2, 0x30F3, 0x30DA, 0x30A2, 0x30A2, 0x30FC, 0x30EB, 0x30A4,
    0x30CB, 0x30F3, 0x30B0, 0x30A4, 0x30F3, 0x30C1, 0x30A6, 0x30A9, 0x30F3, 0x30A8, 0x30B9, 0x30AF,
    0x30FC, 0x30C9, 0x30A8, 0x30FC, 0x30AB, 0x30FC, 0x30AA, 0x30F3, 0x30B9, 0x30AA, 0x30FC, 0x30E0,
    0x30AB, 0x30A4, 0x30EA, 0x30AB, 0x30E9, 0x30C3, 0x30C8, 0x30AB, 0x30ED, 0x30EA, 0x30FC, 0x30AC,
    0x30ED, 0x30F3, 0x30AC, 0x30F3, 0x30DE, 0x30AE, 0x30AC, 0x30AE, 0x30CB, 0x30FC, 0x30AD, 0x30E5,
    0x30EA, 0x30FC, 0x30AE, 0x30EB, 0x30C0, 0x30FC, 0x30AD, 0x30ED, 0x30AD, 0x30ED, 0x30B0, 0x30E9,
    0x30E0, 0x30AD, 0x30ED, 0x30E1, 0x30FC, 0x30C8, 0x30EB, 0x30AD, 0x30ED, 0x30EF, 0x30C3, 0x30C8,
    0x30B0, 0x30E9, 0x30E0, 0x30B0, 0x30E9, 0x30E0, 0x30C8, 0x30F3, 0x30AF, 0x30EB, 0x30BC, 0x30A4,
    0x30ED, 0x30AF, 0x30ED, 0x30FC, 0x30CD, 0x30B1, 0x30FC, 0x30B9, 0x30B3, 0x30EB, 0x30CA, 0x30B3,
    0x30FC, 0x30DD, 0x30B5, 0x30A4, 0x30AF, 0x30EB, 0x30B5, 0x30F3, 0x30C1, 0x30FC, 0x30E0, 0x30B7,
    0x30EA, 0x30F3, 0x30B0, 0x30BB, 0x30F3, 0x30C1, 0x30BB, 0x30F3, 0x30C8, 0x30C0, 0x30FC, 0x30B9,
    0x30C7, 0x30B7, 0x30C9, 0x30EB, 0x30C8, 0x30F3, 0x30CA, 0x30CE, 0x30CE, 0x30C3, 0x30C8, 0x30CF,
    0x30A4, 0x30C4, 0x30D1, 0x30FC, 0x30BB, 0x30F3, 0x30C8, 0x30D1, 0x30FC, 0x30C4, 0x30D0, 0x30FC,
    0x30EC, 0x30EB, 0x30D4, 0x30A2, 0x30B9, 0x30C8, 0x30EB, 0x30D4, 0x30AF, 0x30EB, 0x30D4, 0x30B3,
    0x30D3, 0x30EB, 0x30D5, 0x30A1, 0x30E9, 0x30C3, 0x30C9, 0x30D5, 0x30A3, 0x30FC, 0x30C8, 0x30D6,
    0x30C3, 0x30B7, 0x30A7, 0x30EB, 0x30D5, 0x30E9, 0x30F3, 0x30D8, 0x30AF, 0x30BF, 0x30FC, 0x30EB,
    0x30DA, 0x30BD, 0x30DA, 0x30CB, 0x30D2, 0x30D8, 0x30EB, 0x30C4, 0x30DA, 0x30F3, 0x30B9, 0x30DA,
    0x30FC, 0x30B8, 0x30D9, 0x30FC, 0x30BF, 0x30DD, 0x30A4, 0x30F3, 0x30C8, 0x30DC, 0x30EB, 0x30C8,
    0x30DB, 0x30F3, 0x30DD, 0x30F3, 0x30C9, 0x30DB, 0x30FC, 0x30EB, 0x30DB, 0x30FC, 0x30F3, 0x30DE,
    0x30A4, 0x30AF, 0x30ED, 0x30DE, 0x30A4, 0x30EB, 0x30DE, 0x30C3, 0x30CF, 0x30DE, 0x30EB, 0x30AF,
    0x30DE, 0x30F3, 0x30B7, 0x30E7, 0x30F3, 0x30DF, 0x30AF, 0x30ED, 0x30F3, 0x30DF, 0x30EA, 0x30DF,
    0x30EA, 0x30D0, 0x30FC, 0x30EB, 0x30E1, 0x30AC, 0x30E1, 0x30AC, 0x30C8, 0x30F3, 0x30E1, 0x30FC,
    0x30C8, 0x30EB, 0x30E4, 0x30FC, 0x30C9, 0x30E4, 0x30FC, 0x30EB, 0x30E6, 0x30A2, 0x30F3, 0x30EA,
    0x30C3, 0x30C8, 0x30EB, 0x30EA, 0x30E9, 0x30EB, 0x30D4, 0x30FC, 0x30EB, 0x30FC, 0x30D6, 0x30EB,
    0x30EC, 0x30E0, 0x30EC, 0x30F3, 0x30C8, 0x30B2, 0x30F3, 0x30EF, 0x30C3, 0x30C8, 0x30, 0x70B9,
    0x31, 0x70B9, 0x32, 0x70B9, 0x33, 0x70B9, 0x34, 0x70B9, 0x35, 0x70B9, 0x36, 0x70B9,
    0x37, 0x70B9, 0x38, 0x70B9, 0x39, 0x70B9, 0x31, 0x30, 0x70B9, 0x31, 0x31, 0x70B9,
    0x31, 0x32, 0x70B9, 0x31, 0x33, 0x70B9, 0x31, 0x34, 0x70B9, 0x31, 0x35, 0x70B9,
    0x31, 0x36, 0x70B9, 0x31, 0x37, 0x70B9, 0x31, 0x38, 0x70B9, 0x31, 0x39, 0x70B9,
    0x32, 0x30, 0x70B9, 0x32, 0x31, 0x70B9, 0x32, 0x32, 0x70B9, 0x32, 0x33, 0x70B9,
    0x32, 0x34, 0x70B9, 0x68, 0x50, 0x61, 0x64, 0x61, 0x41, 0x55, 0x62, 0x61,
    0x72, 0x6F, 0x56, 0x70, 0x63, 0x64, 0x6D, 0x64, 0x6D, 0xB2, 0x64, 0x6D,
    0xB3, 0x49, 0x55, 0x5E73, 0x6210, 0x662D, 0x548C, 0x5927, 0x6B63, 0x660E, 0x6CBB, 0x682A,
    0x5F0F, 0x4F1A, 0x793E, 0x70, 0x41, 0x6E, 0x41, 0x3BC, 0x41, 0x6D, 0x41, 0x6B,
    0x41, 0x4B, 0x42, 0x4D, 0x42, 0x47, 0x42, 0x63, 0x61, 0x6C, 0x6B, 0x63,
    0x61, 0x6C, 0x70, 0x46, 0x6E, 0x46, 0x3BC, 0x46, 0x3BC, 0x67, 0x6D, 0x67,
    0x6B, 0x67, 0x48, 0x7A, 0x6B, 0x48, 0x7A, 0x4D, 0x48, 0x7A, 0x47, 0x48,
    0x7A, 0x54, 0x48, 0x7A, 0x3BC, 0x2113, 0x6D, 0x2113, 0x64, 0x2113, 0x6B, 0x2113,
    0x66, 0x6D, 0x6E, 0x6D, 0x3BC, 0x6D, 0x6D, 0x6D, 0x63, 0x6D, 0x6B, 0x6D,
    0x6D, 0x6D, 0xB2, 0x63, 0x6D, 0xB2, 0x6D, 0xB2, 0x6B, 0x6D, 0xB2, 0x6D,
    0x6D, 0xB3, 0x63, 0x6D, 0xB3, 0x6D, 0xB3, 0x6B, 0x6D, 0xB3, 0x6D, 0x2215,
    0x73, 0x6D, 0x2215, 0x73, 0xB2, 0x50, 0x61, 0x6B, 0x50, 0x61, 0x4D, 0x50,
    0x61, 0x47, 0x50, 0x61, 0x72, 0x61, 0x64, 0x72, 0x61, 0x64, 0x2215, 0x73,
    0x72, 0x61, 0x64, 0x2215, 0x73, 0xB2, 0x70, 0x73, 0x6E, 0x73, 0x3BC, 0x73,
    0x6D, 0x73, 0x70, 0x56, 0x6E, 0x56, 0x3BC, 0x56, 0x6D, 0x56, 0x6B, 0x56,
    0x4D, 0x56, 0x70, 0x57, 0x6E, 0x57, 0x3BC, 0x57, 0x6D, 0x57, 0x6B, 0x57,
    0x4D, 0x57, 0x6B, 0x3A9, 0x4D, 0x3A9, 0x61, 0x2E, 0x6D, 0x2E, 0x42, 0x71,
    0x63, 0x63, 0x63, 0x64, 0x43, 0x2215, 0x6B, 0x67, 0x43, 0x6F, 0x2E, 0x64,
    0x42, 0x47, 0x79, 0x68, 0x61, 0x48, 0x50, 0x69, 0x6E, 0x4B, 0x4B, 0x4B,
    0x4D, 0x6B, 0x74, 0x6C, 0x6D, 0x6C, 0x6E, 0x6C, 0x6F, 0x67, 0x6C, 0x78,
    0x6D, 0x62, 0x6D, 0x69, 0x6C, 0x6D, 0x6F, 0x6C, 0x50, 0x48, 0x70, 0x2E,
    0x6D, 0x2E, 0x50, 0x50, 0x4D, 0x50, 0x52, 0x73, 0x72, 0x53, 0x76, 0x57,
    0x62, 0x56, 0x2215, 0x6D, 0x41, 0x2215, 0x6D, 0x31, 0x65E5, 0x32, 0x65E5, 0x33,
    0x65E5, 0x34, 0x65E5, 0x35, 0x65E5, 0x36, 0x65E5, 0x37, 0x65E5, 0x38, 0x65E5, 0x39,
    0x65E5, 0x31, 0x30, 0x65E5, 0x31, 0x31, 0x65E5, 0x31, 0x32, 0x65E5, 0x31, 0x33,
    0x65E5, 0x31, 0x34, 0x65E5, 0x31, 0x35, 0x65E5, 0x31, 0x36, 0x65E5, 0x31, 0x37,
    0x65E5, 0x31, 0x38, 0x65E5, 0x31, 0x39, 0x65E5, 0x32, 0x30, 0x65E5, 0x32, 0x31,
    0x65E5, 0x32, 0x32, 0x65E5, 0x32, 0x33, 0x65E5, 0x32, 0x34, 0x65E5, 0x32, 0x35,
    0x65E5, 0x32, 0x36, 0x65E5, 0x32, 0x37, 0x65E5, 0x32, 0x38, 0x65E5, 0x32, 0x39,
    0x65E5, 0x33, 0x30, 0x65E5, 0x33, 0x31, 0x65E5, 0x67, 0x61, 0x6C, 0x44A, 0x44C,
    0xA76F, 0x53, 0x43, 0x46, 0x51, 0x126, 0x153, 0xA727, 0xAB37, 0x26B, 0xAB52, 0x28D,
    0x8C48, 0x66F4, 0x8ECA, 0x8CC8, 0x6ED1, 0x4E32, 0x53E5, 0x9F9C, 0x9F9C, 0x5951, 0x91D1, 0x5587,
    0x5948, 0x61F6, 0x7669, 0x7F85, 0x863F, 0x87BA, 0x88F8, 0x908F, 0x6A02, 0x6D1B, 0x70D9, 0x73DE,
    0x843D, 0x916A, 0x99F1, 0x4E82, 0x5375, 0x6B04, 0x721B, 0x862D, 0x9E1E, 0x5D50, 0x6FEB, 0x85CD,
    0x8964, 0x62C9, 0x81D8, 0x881F, 0x5ECA, 0x6717, 0x6D6A, 0x72FC, 0x90CE, 0x4F86, 0x51B7, 0x52DE,
    0x64C4, 0x6AD3, 0x7210, 0x76E7, 0x8001, 0x8606, 0x865C, 0x8DEF, 0x9732, 0x9B6F, 0x9DFA, 0x788C,
    0x797F, 0x7DA0, 0x83C9, 0x9304, 0x9E7F, 0x8AD6, 0x58DF, 0x5F04, 0x7C60, 0x807E, 0x7262, 0x78CA,
    0x8CC2, 0x96F7, 0x58D8, 0x5C62, 0x6A13, 0x6DDA, 0x6F0F, 0x7D2F, 0x7E37, 0x964B, 0x52D2, 0x808B,
    0x51DC, 0x51CC, 0x7A1C, 0x7DBE, 0x83F1, 0x9675, 0x8B80, 0x62CF, 0x6A02, 0x8AFE, 0x4E39, 0x5BE7,
    0x6012, 0x7387, 0x7570, 0x5317, 0x78FB, 0x4FBF, 0x5FA9, 0x4E0D, 0x6CCC, 0x6578, 0x7D22, 0x53C3,
    0x585E, 0x7701, 0x8449, 0x8AAA, 0x6BBA, 0x8FB0, 0x6C88, 0x62FE, 0x82E5, 0x63A0, 0x7565, 0x4EAE,
    0x5169, 0x51C9, 0x6881, 0x7CE7, 0x826F, 0x8AD2, 0x91CF, 0x52F5, 0x5442, 0x5973, 0x5EEC, 0x65C5,
    0x6FFE, 0x792A, 0x95AD, 0x9A6A, 0x9E97, 0x9ECE, 0x529B, 0x66C6, 0x6B77, 0x8F62, 0x5E74, 0x6190,
    0x6200, 0x649A, 0x6F23, 0x7149, 0x7489, 0x79CA, 0x7DF4, 0x806F, 0x8F26, 0x84EE, 0x9023, 0x934A,
    0x5217, 0x52A3, 0x54BD, 0x70C8, 0x88C2, 0x8AAA, 0x5EC9, 0x5FF5, 0x637B, 0x6BAE, 0x7C3E, 0x7375,
    0x4EE4, 0x56F9, 0x5BE7, 0x5DBA, 0x601C, 0x73B2, 0x7469, 0x7F9A, 0x8046, 0x9234, 0x96F6, 0x9748,
    0x9818, 0x4F8B, 0x79AE, 0x91B4, 0x96B8, 0x60E1, 0x4E86, 0x50DA, 0x5BEE, 0x5C3F, 0x6599, 0x6A02,
    0x71CE, 0x7642, 0x84FC, 0x907C, 0x9F8D, 0x6688, 0x962E, 0x5289, 0x677B, 0x67F3, 0x6D41, 0x6E9C,
    0x7409, 0x7559, 0x786B, 0x7D10, 0x985E, 0x516D, 0x622E, 0x9678, 0x502B, 0x5D19, 0x6DEA, 0x8F2A,
    0x5F8B, 0x6144, 0x6817, 0x7387, 0x9686, 0x5229, 0x540F, 0x5C65, 0x6613, 0x674E, 0x68A8, 0x6CE5,
    0x7406, 0x75E2, 0x7F79, 0x88CF, 0x88E1, 0x91CC, 0x96E2, 0x533F, 0x6EBA, 0x541D, 0x71D0, 0x7498,
    0x85FA, 0x96A3, 0x9C57, 0x9E9F, 0x6797, 0x6DCB, 0x81E8, 0x7ACB, 0x7B20, 0x7C92, 0x72C0, 0x7099,
    0x8B58, 0x4EC0, 0x8336, 0x523A, 0x5207, 0x5EA6, 0x62D3, 0x7CD6, 0x5B85, 0x6D1E, 0x66B4, 0x8F3B,
    0x884C, 0x964D, 0x898B, 0x5ED3, 0x5140, 0x55C0, 0x585A, 0x6674, 0x51DE, 0x732A, 0x76CA, 0x793C,
    0x795E, 0x7965, 0x798F, 0x9756, 0x7CBE, 0x7FBD, 0x8612, 0x8AF8, 0x9038, 0x90FD, 0x98EF, 0x98FC,
    0x9928, 0x9DB4, 0x90DE, 0x96B7, 0x4FAE, 0x50E7, 0x514D, 0x52C9, 0x52E4, 0x5351, 0x559D, 0x5606,
    0x5668, 0x5840, 0x58A8, 0x5C64, 0x5C6E, 0x6094, 0x6168, 0x618E, 0x61F2, 0x654F, 0x65E2, 0x6691,
    0x6885, 0x6D77, 0x6E1A, 0x6F22, 0x716E, 0x722B, 0x7422, 0x7891, 0x793E, 0x7949, 0x7948, 0x7950,
    0x7956, 0x795D, 0x798D, 0x798E, 0x7A40, 0x7A81, 0x7BC0, 0x7DF4, 0x7E09, 0x7E41, 0x7F72, 0x8005,
    0x81ED, 0x8279, 0x8279, 0x8457, 0x8910, 0x8996, 0x8B01, 0x8B39, 0x8CD3, 0x8D08, 0x8FB6, 0x9038,
    0x96E3, 0x97FF, 0x983B, 0x6075, 0x242EE, 0x8218, 0x4E26, 0x51B5, 0x5168, 0x4F80, 0x5145, 0x5180,
    0x52C7, 0x52FA, 0x559D, 0x5555, 0x5599, 0x55E2, 0x585A, 0x58B3, 0x5944, 0x5954, 0x5A62, 0x5B28,
    0x5ED2, 0x5ED9, 0x5F69, 0x5FAD, 0x60D8, 0x614E, 0x6108, 0x618E, 0x6160, 0x61F2, 0x6234, 0x63C4,
    0x641C, 0x6452, 0x6556, 0x6674, 0x6717, 0x671B, 0x6756, 0x6B79, 0x6BBA, 0x6D41, 0x6EDB, 0x6ECB,
    0x6F22, 0x701E, 0x716E, 0x77A7, 0x7235, 0x72AF, 0x732A, 0x7471, 0x7506, 0x753B, 0x761D, 0x761F,
    0x76CA, 0x76DB, 0x76F4, 0x774A, 0x7740, 0x78CC, 0x7AB1, 0x7BC0, 0x7C7B, 0x7D5B, 0x7DF4, 0x7F3E,
    0x8005, 0x8352, 0x83EF, 0x8779, 0x8941, 0x8986, 0x8996, 0x8ABF, 0x8AF8, 0x8ACB, 0x8B01, 0x8AFE,
    0x8AED, 0x8B39, 0x8B8A, 0x8D08, 0x8F38, 0x9072, 0x9199, 0x9276, 0x967C, 0x96E3, 0x9756, 0x97DB,
    0x97FF, 0x980B, 0x983B, 0x9B12, 0x9F9C, 0x2284A, 0x22844, 0x233D5, 0x3B9D, 0x4018, 0x4039, 0x25249,
    0x25CD0, 0x27ED3, 0x9F43, 0x9F8E, 0x66, 0x66, 0x66, 0x69, 0x66, 0x6C, 0x66, 0x66,
    0x69, 0x66, 0x66, 0x6C, 0x17F, 0x74, 0x73, 0x74, 0x574, 0x576, 0x574, 0x565,
    0x574, 0x56B, 0x57E, 0x576, 0x574, 0x56D, 0x5D9, 0x5B4, 0x5F2, 0x5B7, 0x5E2, 0x5D0,
    0x5D3, 0x5D4, 0x5DB, 0x5DC, 0x5DD, 0x5E8, 0x5EA, 0x2B, 0x5E9, 0x5C1, 0x5E9, 0x5C2,
    0xFB49, 0x5C1, 0xFB49, 0x5C2, 0x5D0, 0x5B7, 0x5D0, 0x5B8, 0x5D0, 0x5BC, 0x5D1, 0x5BC,
    0x5D2, 0x5BC, 0x5D3, 0x5BC, 0x5D4, 0x5BC, 0x5D5, 0x5BC, 0x5D6, 0x5BC, 0x5D8, 0x5BC,
    0x5D9, 0x5BC, 0x5DA, 0x5BC, 0x5DB, 0x5BC, 0x5DC, 0x5BC, 0x5DE, 0x5BC, 0x5E0, 0x5BC,
    0x5E1, 0x5BC, 0x5E3, 0x5BC, 0x5E4, 0x5BC, 0x5E6, 0x5BC, 0x5E7, 0x5BC, 0x5E8, 0x5BC,
    0x5E9, 0x5BC, 0x5EA, 0x5BC, 0x5D5, 0x5B9, 0x5D1, 0x5BF, 0x5DB, 0x5BF, 0x5E4, 0x5BF,
    0x5D0, 0x5DC, 0x671, 0x671, 0x67B, 0x67B, 0x67B, 0x67B, 0x67E, 0x67E, 0x67E, 0x67E,
    0x680, 0x680, 0x680, 0x680, 0x67A, 0x67A, 0x67A, 0x67A, 0x67F, 0x67F, 0x67F, 0x67F,
    0x679, 0x679, 0x679, 0x679, 0x6A4, 0x6A4, 0x6A4, 0x6A4, 0x6A6, 0x6A6, 0x6A6, 0x6A6,
    0x684, 0x684, 0x684, 0x684, 0x683, 0x683, 0x683, 0x683, 0x686, 0x686, 0x686, 0x686,
    0x687, 0x687, 0x687, 0x687, 0x68D, 0x68D, 0x68C, 0x68C, 0x68E, 0x68E, 0x688, 0x688,
    0x698, 0x698, 0x691, 0x691, 0x6A9, 0x6A9, 0x6A9, 0x6A9, 0x6AF, 0x6AF, 0x6AF, 0x6AF,
    0x6B3, 0x6B3, 0x6B3, 0x6B3, 0x6B1, 0x6B1, 0x6B1, 0x6B1, 0x6BA, 0x6BA, 0x6BB, 0x6BB,
    0x6BB, 0x6BB, 0x6C0, 0x6C0, 0x6C1, 0x6C1, 0x6C1, 0x6C1, 0x6BE, 0x6BE, 0x6BE, 0x6BE,
    0x6D2, 0x6D2, 0x6D3, 0x6D3, 0x6AD, 0x6AD, 0x6AD, 0x6AD, 0x6C7, 0x6C7, 0x6C6, 0x6C6,
    0x6C8, 0x6C8, 0x677, 0x6CB, 0x6CB, 0x6C5, 0x6C5, 0x6C9, 0x6C9, 0x6D0, 0x6D0, 0x6D0,
    0x6D0, 0x649, 0x649, 0x626, 0x627, 0x626, 0x627, 0x626, 0x6D5, 0x626, 0x6D5, 0x626,
    0x648, 0x626, 0x648, 0x626, 0x6C7, 0x626, 0x6C7, 0x626, 0x6C6, 0x626, 0x6C6, 0x626,
    0x6C8, 0x626, 0x6C8, 0x626, 0x6D0, 0x626, 0x6D0, 0x626, 0x6D0, 0x626, 0x649, 0x626,
    0x649, 0x626, 0x649, 0x6CC, 0x6CC, 0x6CC, 0x6CC, 0x626, 0x62C, 0x626, 0x62D, 0x626,
    0x645, 0x626, 0x649, 0x626, 0x64A, 0x628, 0x62C, 0x628, 0x62D, 0x628, 0x62E, 0x628,
    0x645, 0x628, 0x649, 0x628, 0x64A, 0x62A, 0x62C, 0x62A, 0x62D, 0x62A, 0x62E, 0x62A,
    0x645, 0x62A, 0x649, 0x62A, 0x64A, 0x62B, 0x62C, 0x62B, 0x645, 0x62B, 0x649, 0x62B,
    0x64A, 0x62C, 0x62D, 0x62C, 0x645, 0x62D, 0x62C, 0x62D, 0x645, 0x62E, 0x62C, 0x62E,
    0x62D, 0x62E, 0x645, 0x633, 0x62C, 0x633, 0x62D, 0x633, 0x62E, 0x633, 0x645, 0x635,
    0x62D, 0x635, 0x645, 0x636, 0x62C, 0x636, 0x62D, 0x636, 0x62E, 0x636, 0x645, 0x637,
    0x62D, 0x637, 0x645, 0x638, 0x645, 0x639, 0x62C, 0x639, 0x645, 0x63A, 0x62C, 0x63A,
    0x645, 0x641, 0x62C, 0x641, 0x62D, 0x641, 0x62E, 0x641, 0x645, 0x641, 0x649, 0x641,
    0x64A, 0x642, 0x62D, 0x642, 0x645, 0x642, 0x649, 0x642, 0x64A, 0x643, 0x627, 0x643,
    0x62C, 0x643, 0x62D, 0x643, 0x62E, 0x643, 0x644, 0x643, 0x645, 0x643, 0x649, 0x643,
    0x64A, 0x644, 0x62C, 0x644, 0x62D, 0x644, 0x62E, 0x644, 0x645, 0x644, 0x649, 0x644,
    0x64A, 0x645, 0x62C, 0x645, 0x62D, 0x645, 0x62E, 0x645, 0x645, 0x645, 0x649, 0x645,
    0x64A, 0x646, 0x62C, 0x646, 0x62D, 0x646, 0x62E, 0x646, 0x645, 0x646, 0x649, 0x646,
    0x64A, 0x647, 0x62C, 0x647, 0x645, 0x647, 0x649, 0x647, 0x64A, 0x64A, 0x62C, 0x64A,
    0x62D, 0x64A, 0x62E, 0x64A, 0x645, 0x64A, 0x649, 0x64A, 0x64A, 0x630, 0x670, 0x631,
    0x670, 0x649, 0x670, 0x20, 0x64C, 0x651, 0x20, 0x64D, 0x651, 0x20, 0x64E, 0x651,
    0x20, 0x64F, 0x651, 0x20, 0x650, 0x651, 0x20, 0x651, 0x670, 0x626, 0x631, 0x626,
    0x632, 0x626, 0x645, 0x626, 0x646, 0x626, 0x649, 0x626, 0x64A, 0x628, 0x631, 0x628,
    0x632, 0x628, 0x645, 0x628, 0x646, 0x628, 0x649, 0x628, 0x64A, 0x62A, 0x631, 0x62A,
    0x632, 0x62A, 0x645, 0x62A, 0x646, 0x62A, 0x649, 0x62A, 0x64A, 0x62B, 0x631, 0x62B,
    0x632, 0x62B, 0x645, 0x62B, 0x646, 0x62B, 0x649, 0x62B, 0x64A, 0x641, 0x649, 0x641,
    0x64A, 0x642, 0x649, 0x642, 0x64A, 0x643, 0x627, 0x643, 0x644, 0x643, 0x645, 0x643,
    0x649, 0x643, 0x64A, 0x644, 0x645, 0x644, 0x649, 0x644, 0x64A, 0x645, 0x627, 0x645,
    0x645, 0x646, 0x631, 0x646, 0x632, 0x646, 0x645, 0x646, 0x646, 0x646, 0x649, 0x646,
    0x64A, 0x649, 0x670, 0x64A, 0x631, 0x64A, 0x632, 0x64A, 0x645, 0x64A, 0x646, 0x64A,
    0x649, 0x64A, 0x64A, 0x626, 0x62C, 0x626, 0x62D, 0x626, 0x62E, 0x626, 0x645, 0x626,
    0x647, 0x628, 0x62C, 0x628, 0x62D, 0x628, 0x62E, 0x628, 0x645, 0x628, 0x647, 0x62A,
    0x62C, 0x62A, 0x62D, 0x62A, 0x62E, 0x62A, 0x645, 0x62A, 0x647, 0x62B, 0x645, 0x62C,
    0x62D, 0x62C, 0x645, 0x62D, 0x62C, 0x62D, 0x645, 0x62E, 0x62C, 0x62E, 0x645, 0x633,
    0x62C, 0x633, 0x62D, 0x633, 0x62E, 0x633, 0x645, 0x635, 0x62D, 0x635, 0x62E, 0x635,
    0x645, 0x636, 0x62C, 0x636, 0x62D, 0x636, 0x62E, 0x636, 0x645, 0x637, 0x62D, 0x638,
    0x645, 0x639, 0x62C, 0x639, 0x645, 0x63A, 0x62C, 0x63A, 0x645, 0x641, 0x62C, 0x641,
    0x62D, 0x641, 0x62E, 0x641, 0x645, 0x642, 0x62D, 0x642, 0x645, 0x643, 0x62C, 0x643,
    0x62D, 0x643, 0x62E, 0x643, 0x644, 0x643, 0x645, 0x644, 0x62C, 0x644, 0x62D, 0x644,
    0x62E, 0x644, 0x645, 0x644, 0x647, 0x645, 0x62C, 0x645, 0x62D, 0x645, 0x62E, 0x645,
    0x645, 0x646, 0x62C, 0x646, 0x62D, 0x646, 0x62E, 0x646, 0x645, 0x646, 0x647, 0x647,
    0x62C, 0x647, 0x645, 0x647, 0x670, 0x64A, 0x62C, 0x64A, 0x62D, 0x64A, 0x62E, 0x64A,
    0x645, 0x64A, 0x647, 0x626, 0x645, 0x626, 0x647, 0x628, 0x645, 0x628, 0x647, 0x62A,
    0x645, 0x62A, 0x647, 0x62B, 0x645, 0x62B, 0x647, 0x633, 0x645, 0x633, 0x647, 0x634,
    0x645, 0x634, 0x647, 0x643, 0x644, 0x643, 0x645, 0x644, 0x645, 0x646, 0x645, 0x646,
    0x647, 0x64A, 0x645, 0x64A, 0x647, 0x640, 0x64E, 0x651, 0x640, 0x64F, 0x651, 0x640,
    0x650, 0x651, 0x637, 0x649, 0x637, 0x64A, 0x639, 0x649, 0x639, 0x64A, 0x63A, 0x649,
    0x63A, 0x64A, 0x633, 0x649, 0x633, 0x64A, 0x634, 0x649, 0x634, 0x64A, 0x62D, 0x649,
    0x62D, 0x64A, 0x62C, 0x649, 0x62C, 0x64A, 0x62E, 0x649, 0x62E, 0x64A, 0x635, 0x649,
    0x635, 0x64A, 0x636, 0x649, 0x636, 0x64A, 0x634, 0x62C, 0x634, 0x62D, 0x634, 0x62E,
    0x634, 0x645, 0x634, 0x631, 0x633, 0x631, 0x635, 0x631, 0x636, 0x631, 0x637, 0x649,
    0x637, 0x64A, 0x639, 0x649, 0x639, 0x64A, 0x63A, 0x649, 0x63A, 0x64A, 0x633, 0x649,
    0x633, 0x64A, 0x634, 0x649, 0x634, 0x64A, 0x62D, 0x649, 0x62D, 0x64A, 0x62C, 0x649,
    0x62C, 0x64A, 0x62E, 0x649, 0x62E, 0x64A, 0x635, 0x649, 0x635, 0x64A, 0x636, 0x649,
    0x636, 0x64A, 0x634, 0x62C, 0x634, 0x62D, 0x634, 0x62E, 0x634, 0x645, 0x634, 0x631,
    0x633, 0x631, 0x635, 0x631, 0x636, 0x631, 0x634, 0x62C, 0x634, 0x62D, 0x634, 0x62E,
    0x634, 0x645, 0x633, 0x647, 0x634, 0x647, 0x637, 0x645, 0x633, 0x62C, 0x633, 0x62D,
    0x633, 0x62E, 0x634, 0x62C, 0x634, 0x62D, 0x634, 0x62E, 0x637, 0x645, 0x638, 0x645,
    0x627, 0x64B, 0x627, 0x64B, 0x62A, 0x62C, 0x645, 0x62A, 0x62D, 0x62C, 0x62A, 0x62D,
    0x62C, 0x62A, 0x62D, 0x645, 0x62A, 0x62E, 0x645, 0x62A, 0x645, 0x62C, 0x62A, 0x645,
    0x62D, 0x62A, 0x645, 0x62E, 0x62C, 0x645, 0x62D, 0x62C, 0x645, 0x62D, 0x62D, 0x645,
    0x64A, 0x62D, 0x645, 0x649, 0x633, 0x62D, 0x62C, 0x633, 0x62C, 0x62D, 0x633, 0x62C,
    0x649, 0x633, 0x645, 0x62D, 0x633, 0x645, 0x62D, 0x633, 0x645, 0x62C, 0x633, 0x645,
    0x645, 0x633, 0x645, 0x645, 0x635, 0x62D, 0x62D, 0x635, 0x62D, 0x62D, 0x635, 0x645,
    0x645, 0x634, 0x62D, 0x645, 0x634, 0x62D, 0x645, 0x634, 0x62C, 0x64A, 0x634, 0x645,
    0x62E, 0x634, 0x645, 0x62E, 0x634, 0x645, 0x645, 0x634, 0x645, 0x645, 0x636, 0x62D,
    0x649, 0x636, 0x62E, 0x645, 0x636, 0x62E, 0x645, 0x637, 0x645, 0x62D, 0x637, 0x645,
    0x62D, 0x637, 0x645, 0x645, 0x637, 0x645, 0x64A, 0x639, 0x62C, 0x645, 0x639, 0x645,
    0x645, 0x639, 0x645, 0x645, 0x639, 0x645, 0x649, 0x63A, 0x645, 0x645, 0x63A, 0x645,
    0x64A, 0x63A, 0x645, 0x649, 0x641, 0x62E, 0x645, 0x641, 0x62E, 0x645, 0x642, 0x645,
    0x62D, 0x642, 0x645, 0x645, 0x644, 0x62D, 0x645, 0x644, 0x62D, 0x64A, 0x644, 0x62D,
    0x649, 0x644, 0x62C, 0x62C, 0x644, 0x62C, 0x62C, 0x644, 0x62E, 0x645, 0x644, 0x62E,
    0x645, 0x644, 0x645, 0x62D, 0x644, 0x645, 0x62D, 0x645, 0x62D, 0x62C, 0x645, 0x62D,
    0x645, 0x645, 0x62D, 0x64A, 0x645, 0x62C, 0x62D, 0x645, 0x62C, 0x645, 0x645, 0x62E,
    0x62C, 0x645, 0x62E, 0x645, 0x645, 0x62C, 0x62E, 0x647, 0x645, 0x62C, 0x647, 0x645,
    0x645, 0x646, 0x62D, 0x645, 0x646, 0x62D, 0x649, 0x646, 0x62C, 0x645, 0x646, 0x62C,
    0x645, 0x646, 0x62C, 0x649, 0x646, 0x645, 0x64A, 0x646, 0x645, 0x649, 0x64A, 0x645,
    0x645, 0x64A, 0x645, 0x645, 0x628, 0x62E, 0x64A, 0x62A, 0x62C, 0x64A, 0x62A, 0x62C,
    0x649, 0x62A, 0x62E, 0x64A, 0x62A, 0x62E, 0x649, 0x62A, 0x645, 0x64A, 0x62A, 0x645,
    0x649, 0x62C, 0x645, 0x64A, 0x62C, 0x62D, 0x649, 0x62C, 0x645, 0x649, 0x633, 0x62E,
    0x649, 0x635, 0x62D, 0x64A, 0x634, 0x62D, 0x64A, 0x636, 0x62D, 0x64A, 0x644, 0x62C,
    0x64A, 0x644, 0x645, 0x64A, 0x64A, 0x62D, 0x64A, 0x64A, 0x62C, 0x64A, 0x64A, 0x645,
    0x64A, 0x645, 0x645, 0x64A, 0x642, 0x645, 0x64A, 0x646, 0x62D, 0x64A, 0x642, 0x645,
    0x62D, 0x644, 0x62D, 0x645, 0x639, 0x645, 0x64A, 0x643, 0x645, 0x64A, 0x646, 0x62C,
    0x62D, 0x645, 0x62E, 0x64A, 0x644, 0x62C, 0x645, 0x643, 0x645, 0x645, 0x644, 0x62C,
    0x645, 0x646, 0x62C, 0x62D, 0x62C, 0x62D, 0x64A, 0x62D, 0x62C, 0x64A, 0x645, 0x62C,
    0x64A, 0x641, 0x645, 0x64A, 0x628, 0x62D, 0x64A, 0x643, 0x645, 0x645, 0x639, 0x62C,
    0x645, 0x635, 0x645, 0x645, 0x633, 0x62E, 0x64A, 0x646, 0x62C, 0x64A, 0x635, 0x644,
    0x6D2, 0x642, 0x644, 0x6D2, 0x627, 0x644, 0x644, 0x647, 0x627, 0x643, 0x628, 0x631,
    0x645, 0x62D, 0x645, 0x62F, 0x635, 0x644, 0x639, 0x645, 0x631, 0x633, 0x648, 0x644,
    0x639, 0x644, 0x64A, 0x647, 0x648, 0x633, 0x644, 0x645, 0x635, 0x644, 0x649, 0x635,
    0x644, 0x649, 0x20, 0x627, 0x644, 0x644, 0x647, 0x20, 0x639, 0x644, 0x64A, 0x647,
    0x20, 0x648, 0x633, 0x644, 0x645, 0x62C, 0x644, 0x20, 0x62C, 0x644, 0x627, 0x644,
    0x647, 0x631, 0x6CC, 0x627, 0x644, 0x2C, 0x3001, 0x3002, 0x3A, 0x3B, 0x21, 0x3F,
    0x3016, 0x3017, 0x2026, 0x2025, 0x2014, 0x2013, 0x5F, 0x5F, 0x28, 0x29, 0x7B, 0x7D,
    0x3014, 0x3015, 0x3010, 0x3011, 0x300A, 0x300B, 0x3008, 0x3009, 0x300C, 0x300D, 0x300E, 0x300F,
    0x5B, 0x5D, 0x203E, 0x203E, 0x203E, 0x203E, 0x5F, 0x5F, 0x5F, 0x2C, 0x3001, 0x2E,
    0x3B, 0x3A, 0x3F, 0x21, 0x2014, 0x28, 0x29, 0x7B, 0x7D, 0x3014, 0x3015, 0x23,
    0x26, 0x2A, 0x2B, 0x2D, 0x3C, 0x3E, 0x3D, 0x5C, 0x24, 0x25, 0x40, 0x20,
    0x64B, 0x640, 0x64B, 0x20, 0x64C, 0x20, 0x64D, 0x20, 0x64E, 0x640, 0x64E, 0x20,
    0x64F, 0x640, 0x64F, 0x20, 0x650, 0x640, 0x650, 0x20, 0x651, 0x640, 0x651, 0x20,
    0x652, 0x640, 0x652, 0x621, 0x622, 0x622, 0x623, 0x623, 0x624, 0x624, 0x625, 0x625,
    0x626, 0x626, 0x626, 0x626, 0x627, 0x627, 0x628, 0x628, 0x628, 0x628, 0x629, 0x629,
    0x62A, 0x62A, 0x62A, 0x62A, 0x62B, 0x62B, 0x62B, 0x62B, 0x62C, 0x62C, 0x62C, 0x62C,
    0x62D, 0x62D, 0x62D, 0x62D, 0x62E, 0x62E, 0x62E, 0x62E, 0x62F, 0x62F, 0x630, 0x630,
    0x631, 0x631, 0x632, 0x632, 0x633, 0x633, 0x633, 0x633, 0x634, 0x634, 0x634, 0x634,
    0x635, 0x635, 0x635, 0x635, 0x636, 0x636, 0x636, 0x636, 0x637, 0x637, 0x637, 0x637,
    0x638, 0x638, 0x638, 0x638, 0x639, 0x639, 0x639, 0x639, 0x63A, 0x63A, 0x63A, 0x63A,
    0x641, 0x641, 0x641, 0x641, 0x642, 0x642, 0x642, 0x642, 0x643, 0x643, 0x643, 0x643,
    0x644, 0x644, 0x644, 0x644, 0x645, 0x645, 0x645, 0x645, 0x646, 0x646, 0x646, 0x646,
    0x647, 0x647, 0x647, 0x647, 0x648, 0x648, 0x649, 0x649, 0x64A, 0x64A, 0x64A, 0x64A,
    0x644, 0x622, 0x644, 0x622, 0x644, 0x623, 0x644, 0x623, 0x644, 0x625, 0x644, 0x625,
    0x644, 0x627, 0x644, 0x627, 0x21, 0x22, 0x23, 0x24, 0x25, 0x26, 0x27, 0x28,
    0x29, 0x2A, 0x2B, 0x2C, 0x2D, 0x2E, 0x2F, 0x30, 0x31, 0x32, 0x33, 0x34,
    0x35, 0x36, 0x37, 0x38, 0x39, 0x3A, 0x3B, 0x3C, 0x3D, 0x3E, 0x3F, 0x40,
    0x41, 0x42, 0x43, 0x44, 0x45, 0x46, 0x47, 0x48, 0x49, 0x4A, 0x4B, 0x4C,
    0x4D, 0x4E, 0x4F, 0x50, 0x51, 0x52, 0x53, 0x54, 0x55, 0x56, 0x57, 0x58,
    0x59, 0x5A, 0x5B, 0x5C, 0x5D, 0x5E, 0x5F, 0x60, 0x61, 0x62, 0x63, 0x64,
    0x65, 0x66, 0x67, 0x68, 0x69, 0x6A, 0x6B, 0x6C, 0x6D, 0x6E, 0x6F, 0x70,
    0x71, 0x72, 0x73, 0x74, 0x75, 0x76, 0x77, 0x78, 0x79, 0x7A, 0x7B, 0x7C,
    0x7D, 0x7E, 0x2985, 0x2986, 0x3002, 0x300C, 0x300D, 0x3001, 0x30FB, 0x30F2, 0x30A1, 0x30A3,
    0x30A5, 0x30A7, 0x30A9, 0x30E3, 0x30E5, 0x30E7, 0x30C3, 0x30FC, 0x30A2, 0x30A4, 0x30A6, 0x30A8,
    0x30AA, 0x30AB, 0x30AD, 0x30AF, 0x30B1, 0x30B3, 0x30B5, 0x30B7, 0x30B9, 0x30BB, 0x30BD, 0x30BF,
    0x30C1, 0x30C4, 0x30C6, 0x30C8, 0x30CA, 0x30CB, 0x30CC, 0x30CD, 0x30CE, 0x30CF, 0x30D2, 0x30D5,
    0x30D8, 0x30DB, 0x30DE, 0x30DF, 0x30E0, 0x30E1, 0x30E2, 0x30E4, 0x30E6, 0x30E8, 0x30E9, 0x30EA,
    0x30EB, 0x30EC, 0x30ED, 0x30EF, 0x30F3, 0x3099, 0x309A, 0x3164, 0x3131, 0x3132, 0x3133, 0x3134,
    0x3135, 0x3136, 0x3137, 0x3138, 0x3139, 0x313A, 0x313B, 0x313C, 0x313D, 0x313E, 0x313F, 0x3140,
    0x3141, 0x3142, 0x3143, 0x3144, 0x3145, 0x3146, 0x3147, 0x3148, 0x3149, 0x314A, 0x314B, 0x314C,
    0x314D, 0x314E, 0x314F, 0x3150, 0x3151, 0x3152, 0x3153, 0x3154, 0x3155, 0x3156, 0x3157, 0x3158,
    0x3159, 0x315A, 0x315B, 0x315C, 0x315D, 0x315E, 0x315F, 0x3160, 0x3161, 0x3162, 0x3163, 0xA2,
    0xA3, 0xAC, 0xAF, 0xA6, 0xA5, 0x20A9, 0x2502, 0x2190, 0x2191, 0x2192, 0x2193, 0x25A0,
    0x25CB, 0x105D2, 0x307, 0x105DA, 0x307, 0x2D0, 0x2D1, 0xE6, 0x299, 0x253, 0x2A3, 0xAB66,
    0x2A5, 0x2A4, 0x256, 0x257, 0x1D91, 0x258, 0x25E, 0x2A9, 0x264, 0x262, 0x260, 0x29B,
    0x127, 0x29C, 0x267, 0x284, 0x2AA, 0x2AB, 0x26C, 0x1DF04, 0xA78E, 0x26E, 0x1DF05, 0x28E,
    0x1DF06, 0xF8, 0x276, 0x277, 0x71, 0x27A, 0x1DF08, 0x27D, 0x27E, 0x280, 0x2A8, 0x2A6,
    0xAB67, 0x2A7, 0x288, 0x2C71, 0x28F, 0x2A1, 0x2A2, 0x298, 0x1C0, 0x1C1, 0x1C2, 0x1DF0A,
    0x1DF1E, 0x287, 0x296, 0x297, 0x29E, 0x1DF0B, 0x11099, 0x110BA, 0x1109B, 0x110BA, 0x110A5, 0x110BA,
    0x11131, 0x11127, 0x11132, 0x11127, 0x11347, 0x1133E, 0x11347, 0x11357, 0x11382, 0x113C9, 0x11384, 0x113BB,
    0x1138B, 0x113C2, 0x11390, 0x113C9, 0x113C2, 0x113C2, 0x113C2, 0x113B8, 0x113C2, 0x113C9, 0x114B9, 0x114BA,
    0x114B9, 0x114B0, 0x114B9, 0x114BD, 0x115B8, 0x115AF, 0x115B9, 0x115AF, 0x11935, 0x11930, 0x1611E, 0x1611E,
    0x1611E, 0x16129, 0x1611E, 0x1611F, 0x16129, 0x1611F, 0x1611E, 0x16120, 0x16121, 0x1611F, 0x16122, 0x1611F,
    0x16121, 0x16120, 0x16D67, 0x16D67, 0x16D63, 0x16D67, 0x16D69, 0x16D67, 0x3053, 0x3068, 0x30C8, 0x30AD,
    0x30C8, 0x30C6, 0x30E8, 0x30EA, 0x41, 0x42, 0x43, 0x44, 0x45, 0x46, 0x47, 0x48,
    0x49, 0x4A, 0x4B, 0x4C, 0x4D, 0x4E, 0x4F, 0x50, 0x51, 0x52, 0x53, 0x54,
    0x55, 0x56, 0x57, 0x58, 0x59, 0x5A, 0x30, 0x31, 0x32, 0x33, 0x34, 0x35,
    0x36, 0x37, 0x38, 0x39, 0x1D157, 0x1D165, 0x1D158, 0x1D165, 0x1D15F, 0x1D16E, 0x1D15F, 0x1D16F,
    0x1D15F, 0x1D170, 0x1D15F, 0x1D171, 0x1D15F, 0x1D172, 0x1D1B9, 0x1D165, 0x1D1BA, 0x1D165, 0x1D1BB, 0x1D16E,
    0x1D1BC, 0x1D16E, 0x1D1BB, 0x1D16F, 0x1D1BC, 0x1D16F, 0x41, 0x42, 0x43, 0x44, 0x45, 0x46,
    0x47, 0x48, 0x49, 0x4A, 0x4B, 0x4C, 0x4D, 0x4E, 0x4F, 0x50, 0x51, 0x52,
    0x53, 0x54, 0x55, 0x56, 0x57, 0x58, 0x59, 0x5A, 0x61, 0x62, 0x63, 0x64,
    0x65, 0x66, 0x67, 0x68, 0x69, 0x6A, 0x6B, 0x6C, 0x6D, 0x6E, 0x6F, 0x70,
    0x71, 0x72, 0x73, 0x74, 0x75, 0x76, 0x77, 0x78, 0x79, 0x7A, 0x41, 0x42,
    0x43, 0x44, 0x45, 0x46, 0x47, 0x48, 0x49, 0x4A, 0x4B, 0x4C, 0x4D, 0x4E,
    0x4F, 0x50, 0x51, 0x52, 0x53, 0x54, 0x55, 0x56, 0x57, 0x58, 0x59, 0x5A,
    0x61, 0x62, 0x63, 0x64, 0x65, 0x66, 0x67, 0x69, 0x6A, 0x6B, 0x6C, 0x6D,
    0x6E, 0x6F, 0x70, 0x71, 0x72, 0x73, 0x74, 0x75, 0x76, 0x77, 0x78, 0x79,
    0x7A, 0x41, 0x42, 0x43, 0x44, 0x45, 0x46, 0x47, 0x48, 0x49, 0x4A, 0x4B,
    0x4C, 0x4D, 0x4E, 0x4F, 0x50, 0x51, 0x52, 0x53, 0x54, 0x55, 0x56, 0x57,
    0x58, 0x59, 0x5A, 0x61, 0x62, 0x63, 0x64, 0x65, 0x66, 0x67, 0x68, 0x69,
    0x6A, 0x6B, 0x6C, 0x6D, 0x6E, 0x6F, 0x70, 0x71, 0x72, 0x73, 0x74, 0x75,
    0x76, 0x77, 0x78, 0x79, 0x7A, 0x41, 0x43, 0x44, 0x47, 0x4A, 0x4B, 0x4E,
    0x4F, 0x50, 0x51, 0x53, 0x54, 0x55, 0x56, 0x57, 0x58, 0x59, 0x5A, 0x61,
    0x62, 0x63, 0x64, 0x66, 0x68, 0x69, 0x6A, 0x6B, 0x6C, 0x6D, 0x6E, 0x70,
    0x71, 0x72, 0x73, 0x74, 0x75, 0x76, 0x77, 0x78, 0x79, 0x7A, 0x41, 0x42,
    0x43, 0x44, 0x45, 0x46, 0x47, 0x48, 0x49, 0x4A, 0x4B, 0x4C, 0x4D, 0x4E,
    0x4F, 0x50, 0x51, 0x52, 0x53, 0x54, 0x55, 0x56, 0x57, 0x58, 0x59, 0x5A,
    0x61, 0x62, 0x63, 0x64, 0x65, 0x66, 0x67, 0x68, 0x69, 0x6A, 0x6B, 0x6C,
    0x6D, 0x6E, 0x6F, 0x70, 0x71, 0x72, 0x73, 0x74, 0x75, 0x76, 0x77, 0x78,
    0x79, 0x7A, 0x41, 0x42, 0x44, 0x45, 0x46, 0x47, 0x4A, 0x4B, 0x4C, 0x4D,
    0x4E, 0x4F, 0x50, 0x51, 0x53, 0x54, 0x55, 0x56, 0x57, 0x58, 0x59, 0x61,
    0x62, 0x63, 0x64, 0x65, 0x66, 0x67, 0x68, 0x69, 0x6A, 0x6B, 0x6C, 0x6D,
    0x6E, 0x6F, 0x70, 0x71, 0x72, 0x73, 0x74, 0x75, 0x76, 0x77, 0x78, 0x79,
    0x7A, 0x41, 0x42, 0x44, 0x45, 0x46, 0x47, 0x49, 0x4A, 0x4B, 0x4C, 0x4D,
    0x4F, 0x53, 0x54, 0x55, 0x56, 0x57, 0x58, 0x59, 0x61, 0x62, 0x63, 0x64,
    0x65, 0x66, 0x67, 0x68, 0x69, 0x6A, 0x6B, 0x6C, 0x6D, 0x6E, 0x6F, 0x70,
    0x71, 0x72, 0x73, 0x74, 0x75, 0x76, 0x77, 0x78, 0x79, 0x7A, 0x41, 0x42,
    0x43, 0x44, 0x45, 0x46, 0x47, 0x48, 0x49, 0x4A, 0x4B, 0x4C, 0x4D, 0x4E,
    0x4F, 0x50, 0x51, 0x52, 0x53, 0x54, 0x55, 0x56, 0x57, 0x58, 0x59, 0x5A,
    0x61, 0x62, 0x63, 0x64, 0x65, 0x66, 0x67, 0x68, 0x69, 0x6A, 0x6B, 0x6C,
    0x6D, 0x6E, 0x6F, 0x70, 0x71, 0x72, 0x73, 0x74, 0x75, 0x76, 0x77, 0x78,
    0x79, 0x7A, 0x41, 0x42, 0x43, 0x44, 0x45, 0x46, 0x47, 0x48, 0x49, 0x4A,
    0x4B, 0x4C, 0x4D, 0x4E, 0x4F, 0x50, 0x51, 0x52, 0x53, 0x54, 0x55, 0x56,
    0x57, 0x58, 0x59, 0x5A, 0x61, 0x62, 0x63, 0x64, 0x65, 0x66, 0x67, 0x68,
    0x69, 0x6A, 0x6B, 0x6C, 0x6D, 0x6E, 0x6F, 0x70, 0x71, 0x72, 0x73, 0x74,
    0x75, 0x76, 0x77, 0x78, 0x79, 0x7A, 0x41, 0x42, 0x43, 0x44, 0x45, 0x46,
    0x47, 0x48, 0x49, 0x4A, 0x4B, 0x4C, 0x4D, 0x4E, 0x4F, 0x50, 0x51, 0x52,
    0x53, 0x54, 0x55, 0x56, 0x57, 0x58, 0x59, 0x5A, 0x61, 0x62, 0x63, 0x64,
    0x65, 0x66, 0x67, 0x68, 0x69, 0x6A, 0x6B, 0x6C, 0x6D, 0x6E, 0x6F, 0x70,
    0x71, 0x72, 0x73, 0x74, 0x75, 0x76, 0x77, 0x78, 0x79, 0x7A, 0x41, 0x42,
    0x43, 0x44, 0x45, 0x46, 0x47, 0x48, 0x49, 0x4A, 0x4B, 0x4C, 0x4D, 0x4E,
    0x4F, 0x50, 0x51, 0x52, 0x53, 0x54, 0x55, 0x56, 0x57, 0x58, 0x59, 0x5A,
    0x61, 0x62, 0x63, 0x64, 0x65, 0x66, 0x67, 0x68, 0x69, 0x6A, 0x6B, 0x6C,
    0x6D, 0x6E, 0x6F, 0x70, 0x71, 0x72, 0x73, 0x74, 0x75, 0x76, 0x77, 0x78,
    0x79, 0x7A, 0x41, 0x42, 0x43, 0x44, 0x45, 0x46, 0x47, 0x48, 0x49, 0x4A,
    0x4B, 0x4C, 0x4D, 0x4E, 0x4F, 0x50, 0x51, 0x52, 0x53, 0x54, 0x55, 0x56,
    0x57, 0x58, 0x59, 0x5A, 0x61, 0x62, 0x63, 0x64, 0x65, 0x66, 0x67, 0x68,
    0x69, 0x6A, 0x6B, 0x6C, 0x6D, 0x6E, 0x6F, 0x70, 0x71, 0x72, 0x73, 0x74,
    0x75, 0x76, 0x77, 0x78, 0x79, 0x7A, 0x41, 0x42, 0x43, 0x44, 0x45, 0x46,
    0x47, 0x48, 0x49, 0x4A, 0x4B, 0x4C, 0x4D, 0x4E, 0x4F, 0x50, 0x51, 0x52,
    0x53, 0x54, 0x55, 0x56, 0x57, 0x58, 0x59, 0x5A, 0x61, 0x62, 0x63, 0x64,
    0x65, 0x66, 0x67, 0x68, 0x69, 0x6A, 0x6B, 0x6C, 0x6D, 0x6E, 0x6F, 0x70,
    0x71, 0x72, 0x73, 0x74, 0x75, 0x76, 0x77, 0x78, 0x79, 0x7A, 0x131, 0x237,
    0x1DF95, 0x391, 0x392, 0x393, 0x394, 0x395, 0x396, 0x397, 0x398, 0x399, 0x39A, 0x39B,
    0x39C, 0x39D, 0x39E, 0x39F, 0x3A0, 0x3A1, 0x3F4, 0x3A3, 0x3A4, 0x3A5, 0x3A6, 0x3A7,
    0x3A8, 0x3A9, 0x2207, 0x3B1, 0x3B2, 0x3B3, 0x3B4, 0x3B5, 0x3B6, 0x3B7, 0x3B8, 0x3B9,
    0x3BA, 0x3BB, 0x3BC, 0x3BD, 0x3BE, 0x3BF, 0x3C0, 0x3C1, 0x3C2, 0x3C3, 0x3C4, 0x3C5,
    0x3C6, 0x3C7, 0x3C8, 0x3C9, 0x2202, 0x3F5, 0x3D1, 0x3F0, 0x3D5, 0x3F1, 0x3D6, 0x391,
    0x392, 0x393, 0x394, 0x395, 0x396, 0x397, 0x398, 0x399, 0x39A, 0x39B, 0x39C, 0x39D,
    0x39E, 0x39F, 0x3A0, 0x3A1, 0x3F4, 0x3A3, 0x3A4, 0x3A5, 0x3A6, 0x3A7, 0x3A8, 0x3A9,
    0x2207, 0x3B1, 0x3B2, 0x3B3, 0x3B4, 0x3B5, 0x3B6, 0x3B7, 0x3B8, 0x3B9, 0x3BA, 0x3BB,
    0x3BC, 0x3BD, 0x3BE, 0x3BF, 0x3C0, 0x3C1, 0x3C2, 0x3C3, 0x3C4, 0x3C5, 0x3C6, 0x3C7,
    0x3C8, 0x3C9, 0x2202, 0x3F5, 0x3D1, 0x3F0, 0x3D5, 0x3F1, 0x3D6, 0x391, 0x392, 0x393,
    0x394, 0x395, 0x396, 0x397, 0x398, 0x399, 0x39A, 0x39B, 0x39C, 0x39D, 0x39E, 0x39F,
    0x3A0, 0x3A1, 0x3F4, 0x3A3, 0x3A4, 0x3A5, 0x3A6, 0x3A7, 0x3A8, 0x3A9, 0x2207, 0x3B1,
    0x3B2, 0x3B3, 0x3B4, 0x3B5, 0x3B6, 0x3B7, 0x3B8, 0x3B9, 0x3BA, 0x3BB, 0x3BC, 0x3BD,
    0x3BE, 0x3BF, 0x3C0, 0x3C1, 0x3C2, 0x3C3, 0x3C4, 0x3C5, 0x3C6, 0x3C7, 0x3C8, 0x3C9,
    0x2202, 0x3F5, 0x3D1, 0x3F0, 0x3D5, 0x3F1, 0x3D6, 0x391, 0x392, 0x393, 0x394, 0x395,
    0x396, 0x397, 0x398, 0x399, 0x39A, 0x39B, 0x39C, 0x39D, 0x39E, 0x39F, 0x3A0, 0x3A1,
    0x3F4, 0x3A3, 0x3A4, 0x3A5, 0x3A6, 0x3A7, 0x3A8, 0x3A9, 0x2207, 0x3B1, 0x3B2, 0x3B3,
    0x3B4, 0x3B5, 0x3B6, 0x3B7, 0x3B8, 0x3B9, 0x3BA, 0x3BB, 0x3BC, 0x3BD, 0x3BE, 0x3BF,
    0x3C0, 0x3C1, 0x3C2, 0x3C3, 0x3C4, 0x3C5, 0x3C6, 0x3C7, 0x3C8, 0x3C9, 0x2202, 0x3F5,
    0x3D1, 0x3F0, 0x3D5, 0x3F1, 0x3D6, 0x391, 0x392, 0x393, 0x394, 0x395, 0x396, 0x397,
    0x398, 0x399, 0x39A, 0x39B, 0x39C, 0x39D, 0x39E, 0x39F, 0x3A0, 0x3A1, 0x3F4, 0x3A3,
    0x3A4, 0x3A5, 0x3A6, 0x3A7, 0x3A8, 0x3A9, 0x2207, 0x3B1, 0x3B2, 0x3B3, 0x3B4, 0x3B5,
    0x3B6, 0x3B7, 0x3B8, 0x3B9, 0x3BA, 0x3BB, 0x3BC, 0x3BD, 0x3BE, 0x3BF, 0x3C0, 0x3C1,
    0x3C2, 0x3C3, 0x3C4, 0x3C5, 0x3C6, 0x3C7, 0x3C8, 0x3C9, 0x2202, 0x3F5, 0x3D1, 0x3F0,
    0x3D5, 0x3F1, 0x3D6, 0x3DC, 0x3DD, 0x30, 0x31, 0x32, 0x33, 0x34, 0x35, 0x36,
    0x37, 0x38, 0x39, 0x30, 0x31, 0x32, 0x33, 0x34, 0x35, 0x36, 0x37, 0x38,
    0x39, 0x30, 0x31, 0x32, 0x33, 0x34, 0x35, 0x36, 0x37, 0x38, 0x39, 0x30,
    0x31, 0x32, 0x33, 0x34, 0x35, 0x36, 0x37, 0x38, 0x39, 0x30, 0x31, 0x32,
    0x33, 0x34, 0x35, 0x36, 0x37, 0x38, 0x39, 0xDF, 0x1DF57, 0x1DF58, 0x1DF59, 0x263,
    0x1D18, 0x180, 0x111, 0x1E5, 0x142, 0x19A, 0x1DF50, 0x1DF3E, 0x249, 0x1D7F, 0x1DF3F, 0x19E,
    0x27C, 0x238, 0x239, 0x1DF2B, 0x1DF19, 0x286, 0x1D98, 0x1DF2C, 0x1DF1C, 0x293, 0x1D9A, 0x1D05,
    0x1D00, 0x1D07, 0x27F, 0x285, 0x2AE, 0x2AF, 0x221, 0x234, 0x235, 0x236, 0x3C8, 0x3C9,
    0x1D81, 0xA795, 0x1D87, 0x1D8A, 0x1D8E, 0x188, 0x199, 0x1A5, 0x2A0, 0x1AD, 0x1DF09, 0x430,
    0x431, 0x432, 0x433, 0x434, 0x435, 0x436, 0x437, 0x438, 0x43A, 0x43B, 0x43C, 0x43E,
    0x43F, 0x440, 0x441, 0x442, 0x443, 0x444, 0x445, 0x446, 0x447, 0x448, 0x44B, 0x44D,
    0x44E, 0xA689, 0x4D9, 0x456, 0x458, 0x4E9, 0x4AF, 0x4CF, 0x430, 0x431, 0x432, 0x433,
    0x434, 0x435, 0x436, 0x437, 0x438, 0x43A, 0x43B, 0x43E, 0x43F, 0x441, 0x443, 0x444,
    0x445, 0x446, 0x447, 0x448, 0x44A, 0x44B, 0x491, 0x456, 0x455, 0x45F, 0x4AB, 0xA651,
    0x4B1, 0x627, 0x628, 0x62C, 0x62F, 0x648, 0x632, 0x62D, 0x637, 0x64A, 0x643, 0x644,
    0x645, 0x646, 0x633, 0x639, 0x641, 0x635, 0x642, 0x631, 0x634, 0x62A, 0x62B, 0x62E,
    0x630, 0x636, 0x638, 0x63A, 0x66E, 0x6BA, 0x6A1, 0x66F, 0x628, 0x62C, 0x647, 0x62D,
    0x64A, 0x643, 0x644, 0x645, 0x646, 0x633, 0x639, 0x641, 0x635, 0x642, 0x634, 0x62A,
    0x62B, 0x62E, 0x636, 0x63A, 0x62C, 0x62D, 0x64A, 0x644, 0x646, 0x633, 0x639, 0x635,
    0x642, 0x634, 0x62E, 0x636, 0x63A, 0x6BA, 0x66F, 0x628, 0x62C, 0x647, 0x62D, 0x637,
    0x64A, 0x643, 0x645, 0x646, 0x633, 0x639, 0x641, 0x635, 0x642, 0x634, 0x62A, 0x62B,
    0x62E, 0x636, 0x638, 0x63A, 0x66E, 0x6A1, 0x627, 0x628, 0x62C, 0x62F, 0x647, 0x648,
    0x632, 0x62D, 0x637, 0x64A, 0x644, 0x645, 0x646, 0x633, 0x639, 0x641, 0x635, 0x642,
    0x631, 0x634, 0x62A, 0x62B, 0x62E, 0x630, 0x636, 0x638, 0x63A, 0x628, 0x62C, 0x62F,
    0x648, 0x632, 0x62D, 0x637, 0x64A, 0x644, 0x645, 0x646, 0x633, 0x639, 0x641, 0x635,
    0x642, 0x631, 0x634, 0x62A, 0x62B, 0x62E, 0x630, 0x636, 0x638, 0x63A, 0x30, 0x2E,
    0x30, 0x2C, 0x31, 0x2C, 0x32, 0x2C, 0x33, 0x2C, 0x34, 0x2C, 0x35, 0x2C,
    0x36, 0x2C, 0x37, 0x2C, 0x38, 0x2C, 0x39, 0x2C, 0x28, 0x41, 0x29, 0x28,
    0x42, 0x29, 0x28, 0x43, 0x29, 0x28, 0x44, 0x29, 0x28, 0x45, 0x29, 0x28,
    0x46, 0x29, 0x28, 0x47, 0x29, 0x28, 0x48, 0x29, 0x28, 0x49, 0x29, 0x28,
    0x4A, 0x29, 0x28, 0x4B, 0x29, 0x28, 0x4C, 0x29, 0x28, 0x4D, 0x29, 0x28,
    0x4E, 0x29, 0x28, 0x4F, 0x29, 0x28, 0x50, 0x29, 0x28, 0x51, 0x29, 0x28,
    0x52, 0x29, 0x28, 0x53, 0x29, 0x28, 0x54, 0x29, 0x28, 0x55, 0x29, 0x28,
    0x56, 0x29, 0x28, 0x57, 0x29, 0x28, 0x58, 0x29, 0x28, 0x59, 0x29, 0x28,
    0x5A, 0x29, 0x3014, 0x53, 0x3015, 0x43, 0x52, 0x43, 0x44, 0x57, 0x5A, 0x41,
    0x42, 0x43, 0x44, 0x45, 0x46, 0x47, 0x48, 0x49, 0x4A, 0x4B, 0x4C, 0x4D,
    0x4E, 0x4F, 0x50, 0x51, 0x52, 0x53, 0x54, 0x55, 0x56, 0x57, 0x58, 0x59,
    0x5A, 0x48, 0x56, 0x4D, 0x56, 0x53, 0x44, 0x53, 0x53, 0x50, 0x50, 0x56,
    0x57, 0x43, 0x4D, 0x43, 0x4D, 0x44, 0x4D, 0x52, 0x44, 0x4A, 0x307B, 0x304B,
    0x30B3, 0x30B3, 0x30B5, 0x624B, 0x5B57, 0x53CC, 0x30C7, 0x4E8C, 0x591A, 0x89E3, 0x5929, 0x4EA4,
    0x6620, 0x7121, 0x6599, 0x524D, 0x5F8C, 0x518D, 0x65B0, 0x521D, 0x7D42, 0x751F, 0x8CA9, 0x58F0,
    0x5439, 0x6F14, 0x6295, 0x6355, 0x4E00, 0x4E09, 0x904A, 0x5DE6, 0x4E2D, 0x53F3, 0x6307, 0x8D70,
    0x6253, 0x7981, 0x7A7A, 0x5408, 0x6E80, 0x6709, 0x6708, 0x7533, 0x5272, 0x55B6, 0x914D, 0x3014,
    0x672C, 0x3015, 0x3014, 0x4E09, 0x3015, 0x3014, 0x4E8C, 0x3015, 0x3014, 0x5B89, 0x3015, 0x3014,
    0x70B9, 0x3015, 0x3014, 0x6253, 0x3015, 0x3014, 0x76D7, 0x3015, 0x3014, 0x52DD, 0x3015, 0x3014,
    0x6557, 0x3015, 0x5F97, 0x53EF, 0x30, 0x31, 0x32, 0x33, 0x34, 0x35, 0x36, 0x37,
    0x38, 0x39, 0x4E3D, 0x4E38, 0x4E41, 0x20122, 0x4F60, 0x4FAE, 0x4FBB, 0x5002, 0x507A, 0x5099,
    0x50E7, 0x50CF, 0x349E, 0x2063A, 0x514D, 0x5154, 0x5164, 0x5177, 0x2051C, 0x34B9, 0x5167, 0x518D,
    0x2054B, 0x5197, 0x51A4, 0x4ECC, 0x51AC, 0x51B5, 0x291DF, 0x51F5, 0x5203, 0x34DF, 0x523B, 0x5246,
    0x5272, 0x5277, 0x3515, 0x52C7, 0x52C9, 0x52E4, 0x52FA, 0x5305, 0x5306, 0x5317, 0x5349, 0x5351,
    0x535A, 0x5373, 0x537D, 0x537F, 0x537F, 0x537F, 0x20A2C, 0x7070, 0x53CA, 0x53DF, 0x20B63, 0x53EB,
    0x53F1, 0x5406, 0x549E, 0x5438, 0x5448, 0x5468, 0x54A2, 0x54F6, 0x5510, 0x5553, 0x5563, 0x5584,
    0x5584, 0x5599, 0x55AB, 0x55B3, 0x55C2, 0x5716, 0x5606, 0x5717, 0x5651, 0x5674, 0x5207, 0x58EE,
    0x57CE, 0x57F4, 0x580D, 0x578B, 0x5832, 0x5831, 0x58AC, 0x214E4, 0x58F2, 0x58F7, 0x5906, 0x591A,
    0x5922, 0x5962, 0x216A8, 0x216EA, 0x59EC, 0x5A1B, 0x5A27, 0x59D8, 0x5A66, 0x36EE, 0x36FC, 0x5B08,
    0x5B3E, 0x5B3E, 0x219C8, 0x5BC3, 0x5BD8, 0x5BE7, 0x5BF3, 0x21B18, 0x5BFF, 0x5C06, 0x5F53, 0x5C22,
    0x3781, 0x5C60, 0x5C6E, 0x5CC0, 0x5C8D, 0x21DE4, 0x5D43, 0x21DE6, 0x5D6E, 0x5D6B, 0x5D7C, 0x5DE1,
    0x5DE2, 0x382F, 0x5DFD, 0x5E28, 0x5E3D, 0x5E69, 0x3862, 0x22183, 0x387C, 0x5EB0, 0x5EB3, 0x5EB6,
    0x5ECA, 0x2A392, 0x5EFE, 0x22331, 0x22331, 0x8201, 0x5F22, 0x5F22, 0x38C7, 0x232B8, 0x261DA, 0x5F62,
    0x5F6B, 0x38E3, 0x5F9A, 0x5FCD, 0x5FD7, 0x5FF9, 0x6081, 0x393A, 0x391C, 0x6094, 0x226D4, 0x60C7,
    0x6148, 0x614C, 0x614E, 0x614C, 0x617A, 0x618E, 0x61B2, 0x61A4, 0x61AF, 0x61DE, 0x61F2, 0x61F6,
    0x6210, 0x621B, 0x625D, 0x62B1, 0x62D4, 0x6350, 0x22B0C, 0x633D, 0x62FC, 0x6368, 0x6383, 0x63E4,
    0x22BF1, 0x6422, 0x63C5, 0x63A9, 0x3A2E, 0x6469, 0x647E, 0x649D, 0x6477, 0x3A6C, 0x654F, 0x656C,
    0x2300A, 0x65E3, 0x66F8, 0x6649, 0x3B19, 0x6691, 0x3B08, 0x3AE4, 0x5192, 0x5195, 0x6700, 0x669C,
    0x80AD, 0x43D9, 0x6717, 0x671B, 0x6721, 0x675E, 0x6753, 0x233C3, 0x3B49, 0x67FA, 0x6785, 0x6852,
    0x6885, 0x2346D, 0x688E, 0x681F, 0x6914, 0x3B9D, 0x6942, 0x69A3, 0x69EA, 0x6AA8, 0x236A3, 0x6ADB,
    0x3C18, 0x6B21, 0x238A7, 0x6B54, 0x3C4E, 0x6B72, 0x6B9F, 0x6BBA, 0x6BBB, 0x23A8D, 0x21D0B, 0x23AFA,
    0x6C4E, 0x23CBC, 0x6CBF, 0x6CCD, 0x6C67, 0x6D16, 0x6D3E, 0x6D77, 0x6D41, 0x6D69, 0x6D78, 0x6D85,
    0x23D1E, 0x6D34, 0x6E2F, 0x6E6E, 0x3D33, 0x6ECB, 0x6EC7, 0x23ED1, 0x6DF9, 0x6F6E, 0x23F5E, 0x23F8E,
    0x6FC6, 0x7039, 0x701E, 0x701B, 0x3D96, 0x704A, 0x707D, 0x7077, 0x70AD, 0x20525, 0x7145, 0x24263,
    0x719C, 0x243AB, 0x7228, 0x7235, 0x7250, 0x24608, 0x7280, 0x7295, 0x24735, 0x24814, 0x737A, 0x738B,
    0x3EAC, 0x73A5, 0x3EB8, 0x3EB8, 0x7447, 0x745C, 0x7471, 0x7485, 0x74CA, 0x3F1B, 0x7524, 0x24C36,
    0x753E, 0x24C92, 0x7570, 0x2219F, 0x7610, 0x24FA1, 0x24FB8, 0x25044, 0x3FFC, 0x4008, 0x76F4, 0x250F3,
    0x250F2, 0x25119, 0x25133, 0x771E, 0x771F, 0x771F, 0x774A, 0x4039, 0x778B, 0x4046, 0x4096, 0x2541D,
    0x784E, 0x788C, 0x78CC, 0x40E3, 0x25626, 0x7956, 0x2569A, 0x256C5, 0x798F, 0x79EB, 0x412F, 0x7A40,
    0x7A4A, 0x7A4F, 0x2597C, 0x25AA7, 0x25AA7, 0x7AEE, 0x4202, 0x25BAB, 0x7BC6, 0x7BC9, 0x4227, 0x25C80,
    0x7CD2, 0x42A0, 0x7CE8, 0x7CE3, 0x7D00, 0x25F86, 0x7D63, 0x4301, 0x7DC7, 0x7E02, 0x7E45, 0x4334,
    0x26228, 0x26247, 0x4359, 0x262D9, 0x7F7A, 0x2633E, 0x7F95, 0x7FFA, 0x8005, 0x264DA, 0x26523, 0x8060,
    0x265A8, 0x8070, 0x2335F, 0x43D5, 0x80B2, 0x8103, 0x440B, 0x813E, 0x5AB5, 0x267A7, 0x267B5, 0x23393,
    0x2339C, 0x8201, 0x8204, 0x8F9E, 0x446B, 0x8291, 0x828B, 0x829D, 0x52B3, 0x82B1, 0x82B3, 0x82BD,
    0x82E6, 0x26B3C, 0x82E5, 0x831D, 0x8363, 0x83AD, 0x8323, 0x83BD, 0x83E7, 0x8457, 0x8353, 0x83CA,
    0x83CC, 0x83DC, 0x26C36, 0x26D6B, 0x26CD5, 0x452B, 0x84F1, 0x84F3, 0x8516, 0x273CA, 0x8564, 0x26F2C,
    0x455D, 0x4561, 0x26FB1, 0x270D2, 0x456B, 0x8650, 0x865C, 0x8667, 0x8669, 0x86A9, 0x8688, 0x870E,
    0x86E2, 0x8779, 0x8728, 0x876B, 0x8786, 0x45D7, 0x87E1, 0x8801, 0x45F9, 0x8860, 0x8863, 0x27667,
    0x88D7, 0x88DE, 0x4635, 0x88FA, 0x34BB, 0x278AE, 0x27966, 0x46BE, 0x46C7, 0x8AA0, 0x8AED, 0x8B8A,
    0x8C55, 0x27CA8, 0x8CAB, 0x8CC1, 0x8D1B, 0x8D77, 0x27F2F, 0x20804, 0x8DCB, 0x8DBC, 0x8DF0, 0x208DE,
    0x8ED4, 0x8F38, 0x285D2, 0x285ED, 0x9094, 0x90F1, 0x9111, 0x2872E, 0x911B, 0x9238, 0x92D7, 0x92D8,
    0x927C, 0x93F9, 0x9415, 0x28BFA, 0x958B, 0x4995, 0x95B7, 0x28D77, 0x49E6, 0x96C3, 0x5DB2, 0x9723,
    0x29145, 0x2921A, 0x4A6E, 0x4A76, 0x97E0, 0x2940A, 0x4AB2, 0x29496, 0x980B, 0x980B, 0x9829, 0x295B6,
    0x98E2, 0x4B33, 0x9929, 0x99A7, 0x99C2, 0x99FE, 0x4BCE, 0x29B30, 0x9B12, 0x9C40, 0x9CFD, 0x4CCE,
    0x4CED, 0x9D67, 0x2A0CE, 0x4CF8, 0x2A105, 0x2A20E, 0x2A291, 0x9EBB, 0x4D56, 0x9EF9, 0x9EFE, 0x9F05,
    0x9F0F, 0x9F16, 0x9F3B, 0x2A600,
};
static const uint32_t DECOMP[] = {   // cp, compat<<7 | len, offset
    0xA0, 129, 0,
    0xA8, 130, 1,
    0xAA, 129, 3,
    0xAF, 130, 4,
    0xB2, 129, 6,
    0xB3, 129, 7,
    0xB4, 130, 8,
    0xB5, 129, 10,
    0xB8, 130, 11,
    0xB9, 129, 13,
    0xBA, 129, 14,
    0xBC, 131, 15,
    0xBD, 131, 18,
    0xBE, 131, 21,
    0xC0, 2, 24,
    0xC1, 2, 26,
    0xC2, 2, 28,
    0xC3, 2, 30,
    0xC4, 2, 32,
    0xC5, 2, 34,
    0xC7, 2, 36,
    0xC8, 2, 38,
    0xC9, 2, 40,
    0xCA, 2, 42,
    0xCB, 2, 44,
    0xCC, 2, 46,
    0xCD, 2, 48,
    0xCE, 2, 50,
    0xCF, 2, 52,
    0xD1, 2, 54,
    0xD2, 2, 56,
    0xD3, 2, 58,
    0xD4, 2, 60,
    0xD5, 2, 62,
    0xD6, 2, 64,
    0xD9, 2, 66,
    0xDA, 2, 68,
    0xDB, 2, 70,
    0xDC, 2, 72,
    0xDD, 2, 74,
    0xE0, 2, 76,
    0xE1, 2, 78,
    0xE2, 2, 80,
    0xE3, 2, 82,
    0xE4, 2, 84,
    0xE5, 2, 86,
    0xE7, 2, 88,
    0xE8, 2, 90,
    0xE9, 2, 92,
    0xEA, 2, 94,
    0xEB, 2, 96,
    0xEC, 2, 98,
    0xED, 2, 100,
    0xEE, 2, 102,
    0xEF, 2, 104,
    0xF1, 2, 106,
    0xF2, 2, 108,
    0xF3, 2, 110,
    0xF4, 2, 112,
    0xF5, 2, 114,
    0xF6, 2, 116,
    0xF9, 2, 118,
    0xFA, 2, 120,
    0xFB, 2, 122,
    0xFC, 2, 124,
    0xFD, 2, 126,
    0xFF, 2, 128,
    0x100, 2, 130,
    0x101, 2, 132,
    0x102, 2, 134,
    0x103, 2, 136,
    0x104, 2, 138,
    0x105, 2, 140,
    0x106, 2, 142,
    0x107, 2, 144,
    0x108, 2, 146,
    0x109, 2, 148,
    0x10A, 2, 150,
    0x10B, 2, 152,
    0x10C, 2, 154,
    0x10D, 2, 156,
    0x10E, 2, 158,
    0x10F, 2, 160,
    0x112, 2, 162,
    0x113, 2, 164,
    0x114, 2, 166,
    0x115, 2, 168,
    0x116, 2, 170,
    0x117, 2, 172,
    0x118, 2, 174,
    0x119, 2, 176,
    0x11A, 2, 178,
    0x11B, 2, 180,
    0x11C, 2, 182,
    0x11D, 2, 184,
    0x11E, 2, 186,
    0x11F, 2, 188,
    0x120, 2, 190,
    0x121, 2, 192,
    0x122, 2, 194,
    0x123, 2, 196,
    0x124, 2, 198,
    0x125, 2, 200,
    0x128, 2, 202,
    0x129, 2, 204,
    0x12A, 2, 206,
    0x12B, 2, 208,
    0x12C, 2, 210,
    0x12D, 2, 212,
    0x12E, 2, 214,
    0x12F, 2, 216,
    0x130, 2, 218,
    0x132, 130, 220,
    0x133, 130, 222,
    0x134, 2, 224,
    0x135, 2, 226,
    0x136, 2, 228,
    0x137, 2, 230,
    0x139, 2, 232,
    0x13A, 2, 234,
    0x13B, 2, 236,
    0x13C, 2, 238,
    0x13D, 2, 240,
    0x13E, 2, 242,
    0x13F, 130, 244,
    0x140, 130, 246,
    0x143, 2, 248,
    0x144, 2, 250,
    0x145, 2, 252,
    0x146, 2, 254,
    0x147, 2, 256,
    0x148, 2, 258,
    0x149, 130, 260,
    0x14C, 2, 262,
    0x14D, 2, 264,
    0x14E, 2, 266,
    0x14F, 2, 268,
    0x150, 2, 270,
    0x151, 2, 272,
    0x154, 2, 274,
    0x155, 2, 276,
    0x156, 2, 278,
    0x157, 2, 280,
    0x158, 2, 282,
    0x159, 2, 284,
    0x15A, 2, 286,
    0x15B, 2, 288,
    0x15C, 2, 290,
    0x15D, 2, 292,
    0x15E, 2, 294,
    0x15F, 2, 296,
    0x160, 2, 298,
    0x161, 2, 300,
    0x162, 2, 302,
    0x163, 2, 304,
    0x164, 2, 306,
    0x165, 2, 308,
    0x168, 2, 310,
    0x169, 2, 312,
    0x16A, 2, 314,
    0x16B, 2, 316,
    0x16C, 2, 318,
    0x16D, 2, 320,
    0x16E, 2, 322,
    0x16F, 2, 324,
    0x170, 2, 326,
    0x171, 2, 328,
    0x172, 2, 330,
    0x173, 2, 332,
    0x174, 2, 334,
    0x175, 2, 336,
    0x176, 2, 338,
    0x177, 2, 340,
    0x178, 2, 342,
    0x179, 2, 344,
    0x17A, 2, 346,
    0x17B, 2, 348,
    0x17C, 2, 350,
    0x17D, 2, 352,
    0x17E, 2, 354,
    0x17F, 129, 356,
    0x1A0, 2, 357,
    0x1A1, 2, 359,
    0x1AF, 2, 361,
    0x1B0, 2, 363,
    0x1C4, 130, 365,
    0x1C5, 130, 367,
    0x1C6, 130, 369,
    0x1C7, 130, 371,
    0x1C8, 130, 373,
    0x1C9, 130, 375,
    0x1CA, 130, 377,
    0x1CB, 130, 379,
    0x1CC, 130, 381,
    0x1CD, 2, 383,
    0x1CE, 2, 385,
    0x1CF, 2, 387,
    0x1D0, 2, 389,
    0x1D1, 2, 391,
    0x1D2, 2, 393,
    0x1D3, 2, 395,
    0x1D4, 2, 397,
    0x1D5, 2, 399,
    0x1D6, 2, 401,
    0x1D7, 2, 403,
    0x1D8, 2, 405,
    0x1D9, 2, 407,
    0x1DA, 2, 409,
    0x1DB, 2, 411,
    0x1DC, 2, 413,
    0x1DE, 2, 415,
    0x1DF, 2, 417,
    0x1E0, 2, 419,
    0x1E1, 2, 421,
    0x1E2, 2, 423,
    0x1E3, 2, 425,
    0x1E6, 2, 427,
    0x1E7, 2, 429,
    0x1E8, 2, 431,
    0x1E9, 2, 433,
    0x1EA, 2, 435,
    0x1EB, 2, 437,
    0x1EC, 2, 439,
    0x1ED, 2, 441,
    0x1EE, 2, 443,
    0x1EF, 2, 445,
    0x1F0, 2, 447,
    0x1F1, 130, 449,
    0x1F2, 130, 451,
    0x1F3, 130, 453,
    0x1F4, 2, 455,
    0x1F5, 2, 457,
    0x1F8, 2, 459,
    0x1F9, 2, 461,
    0x1FA, 2, 463,
    0x1FB, 2, 465,
    0x1FC, 2, 467,
    0x1FD, 2, 469,
    0x1FE, 2, 471,
    0x1FF, 2, 473,
    0x200, 2, 475,
    0x201, 2, 477,
    0x202, 2, 479,
    0x203, 2, 481,
    0x204, 2, 483,
    0x205, 2, 485,
    0x206, 2, 487,
    0x207, 2, 489,
    0x208, 2, 491,
    0x209, 2, 493,
    0x20A, 2, 495,
    0x20B, 2, 497,
    0x20C, 2, 499,
    0x20D, 2, 501,
    0x20E, 2, 503,
    0x20F, 2, 505,
    0x210, 2, 507,
    0x211, 2, 509,
    0x212, 2, 511,
    0x213, 2, 513,
    0x214, 2, 515,
    0x215, 2, 517,
    0x216, 2, 519,
    0x217, 2, 521,
    0x218, 2, 523,
    0x219, 2, 525,
    0x21A, 2, 527,
    0x21B, 2, 529,
    0x21E, 2, 531,
    0x21F, 2, 533,
    0x226, 2, 535,
    0x227, 2, 537,
    0x228, 2, 539,
    0x229, 2, 541,
    0x22A, 2, 543,
    0x22B, 2, 545,
    0x22C, 2, 547,
    0x22D, 2, 549,
    0x22E, 2, 551,
    0x22F, 2, 553,
    0x230, 2, 555,
    0x231, 2, 557,
    0x232, 2, 559,
    0x233, 2, 561,
    0x2B0, 129, 563,
    0x2B1, 129, 564,
    0x2B2, 129, 565,
    0x2B3, 129, 566,
    0x2B4, 129, 567,
    0x2B5, 129, 568,
    0x2B6, 129, 569,
    0x2B7, 129, 570,
    0x2B8, 129, 571,
    0x2D8, 130, 572,
    0x2D9, 130, 574,
    0x2DA, 130, 576,
    0x2DB, 130, 578,
    0x2DC, 130, 580,
    0x2DD, 130, 582,
    0x2E0, 129, 584,
    0x2E1, 129, 585,
    0x2E2, 129, 586,
    0x2E3, 129, 587,
    0x2E4, 129, 588,
    0x340, 1, 589,
    0x341, 1, 590,
    0x343, 1, 591,
    0x344, 2, 592,
    0x374, 1, 594,
    0x37A, 130, 595,
    0x37E, 1, 597,
    0x384, 130, 598,
    0x385, 2, 600,
    0x386, 2, 602,
    0x387, 1, 604,
    0x388, 2, 605,
    0x389, 2, 607,
    0x38A, 2, 609,
    0x38C, 2, 611,
    0x38E, 2, 613,
    0x38F, 2, 615,
    0x390, 2, 617,
    0x3AA, 2, 619,
    0x3AB, 2, 621,
    0x3AC, 2, 623,
    0x3AD, 2, 625,
    0x3AE, 2, 627,
    0x3AF, 2, 629,
    0x3B0, 2, 631,
    0x3CA, 2, 633,
    0x3CB, 2, 635,
    0x3CC, 2, 637,
    0x3CD, 2, 639,
    0x3CE, 2, 641,
    0x3D0, 129, 643,
    0x3D1, 129, 644,
    0x3D2, 129, 645,
    0x3D3, 2, 646,
    0x3D4, 2, 648,
    0x3D5, 129, 650,
    0x3D6, 129, 651,
    0x3F0, 129, 652,
    0x3F1, 129, 653,
    0x3F2, 129, 654,
    0x3F4, 129, 655,
    0x3F5, 129, 656,
    0x3F9, 129, 657,
    0x400, 2, 658,
    0x401, 2, 660,
    0x403, 2, 662,
    0x407, 2, 664,
    0x40C, 2, 666,
    0x40D, 2, 668,
    0x40E, 2, 670,
    0x419, 2, 672,
    0x439, 2, 674,
    0x450, 2, 676,
    0x451, 2, 678,
    0x453, 2, 680,
    0x457, 2, 682,
    0x45C, 2, 684,
    0x45D, 2, 686,
    0x45E, 2, 688,
    0x476, 2, 690,
    0x477, 2, 692,
    0x4C1, 2, 694,
    0x4C2, 2, 696,
    0x4D0, 2, 698,
    0x4D1, 2, 700,
    0x4D2, 2, 702,
    0x4D3, 2, 704,
    0x4D6, 2, 706,
    0x4D7, 2, 708,
    0x4DA, 2, 710,
    0x4DB, 2, 712,
    0x4DC, 2, 714,
    0x4DD, 2, 716,
    0x4DE, 2, 718,
    0x4DF, 2, 720,
    0x4E2, 2, 722,
    0x4E3, 2, 724,
    0x4E4, 2, 726,
    0x4E5, 2, 728,
    0x4E6, 2, 730,
    0x4E7, 2, 732,
    0x4EA, 2, 734,
    0x4EB, 2, 736,
    0x4EC, 2, 738,
    0x4ED, 2, 740,
    0x4EE, 2, 742,
    0x4EF, 2, 744,
    0x4F0, 2, 746,
    0x4F1, 2, 748,
    0x4F2, 2, 750,
    0x4F3, 2, 752,
    0x4F4, 2, 754,
    0x4F5, 2, 756,
    0x4F8, 2, 758,
    0x4F9, 2, 760,
    0x558, 129, 762,
    0x587, 130, 763,
    0x58B, 129, 765,
    0x58C, 129, 766,
    0x622, 2, 767,
    0x623, 2, 769,
    0x624, 2, 771,
    0x625, 2, 773,
    0x626, 2, 775,
    0x675, 130, 777,
    0x676, 130, 779,
    0x677, 130, 781,
    0x678, 130, 783,
    0x6C0, 2, 785,
    0x6C2, 2, 787,
    0x6D3, 2, 789,
    0x929, 2, 791,
    0x931, 2, 793,
    0x934, 2, 795,
    0x958, 2, 797,
    0x959, 2, 799,
    0x95A, 2, 801,
    0x95B, 2, 803,
    0x95C, 2, 805,
    0x95D, 2, 807,
    0x95E, 2, 809,
    0x95F, 2, 811,
    0x9CB, 2, 813,
    0x9CC, 2, 815,
    0x9DC, 2, 817,
    0x9DD, 2, 819,
    0x9DF, 2, 821,
    0xA33, 2, 823,
    0xA36, 2, 825,
    0xA59, 2, 827,
    0xA5A, 2, 829,
    0xA5B, 2, 831,
    0xA5E, 2, 833,
    0xB48, 2, 835,
    0xB4B, 2, 837,
    0xB4C, 2, 839,
    0xB5C, 2, 841,
    0xB5D, 2, 843,
    0xB94, 2, 845,
    0xBCA, 2, 847,
    0xBCB, 2, 849,
    0xBCC, 2, 851,
    0xC48, 2, 853,
    0xCC0, 2, 855,
    0xCC7, 2, 857,
    0xCC8, 2, 859,
    0xCCA, 2, 861,
    0xCCB, 2, 863,
    0xD4A, 2, 865,
    0xD4B, 2, 867,
    0xD4C, 2, 869,
    0xDDA, 2, 871,
    0xDDC, 2, 873,
    0xDDD, 2, 875,
    0xDDE, 2, 877,
    0xE33, 130, 879,
    0xEB3, 130, 881,
    0xEDC, 130, 883,
    0xEDD, 130, 885,
    0xF0C, 129, 887,
    0xF43, 2, 888,
    0xF4D, 2, 890,
    0xF52, 2, 892,
    0xF57, 2, 894,
    0xF5C, 2, 896,
    0xF69, 2, 898,
    0xF73, 2, 900,
    0xF75, 2, 902,
    0xF76, 2, 904,
    0xF77, 130, 906,
    0xF78, 2, 908,
    0xF79, 130, 910,
    0xF81, 2, 912,
    0xF93, 2, 914,
    0xF9D, 2, 916,
    0xFA2, 2, 918,
    0xFA7, 2, 920,
    0xFAC, 2, 922,
    0xFB9, 2, 924,
    0x1026, 2, 926,
    0x10FC, 129, 928,
    0x1B06, 2, 929,
    0x1B08, 2, 931,
    0x1B0A, 2, 933,
    0x1B0C, 2, 935,
    0x1B0E, 2, 937,
    0x1B12, 2, 939,
    0x1B3B, 2, 941,
    0x1B3D, 2, 943,
    0x1B40, 2, 945,
    0x1B41, 2, 947,
    0x1B43, 2, 949,
    0x1D2C, 129, 951,
    0x1D2D, 129, 952,
    0x1D2E, 129, 953,
    0x1D30, 129, 954,
    0x1D31, 129, 955,
    0x1D32, 129, 956,
    0x1D33, 129, 957,
    0x1D34, 129, 958,
    0x1D35, 129, 959,
    0x1D36, 129, 960,
    0x1D37, 129, 961,
    0x1D38, 129, 962,
    0x1D39, 129, 963,
    0x1D3A, 129, 964,
    0x1D3C, 129, 965,
    0x1D3D, 129, 966,
    0x1D3E, 129, 967,
    0x1D3F, 129, 968,
    0x1D40, 129, 969,
    0x1D41, 129, 970,
    0x1D42, 129, 971,
    0x1D43, 129, 972,
    0x1D44, 129, 973,
    0x1D45, 129, 974,
    0x1D46, 129, 975,
    0x1D47, 129, 976,
    0x1D48, 129, 977,
    0x1D49, 129, 978,
    0x1D4A, 129, 979,
    0x1D4B, 129, 980,
    0x1D4C, 129, 981,
    0x1D4D, 129, 982,
    0x1D4F, 129, 983,
    0x1D50, 129, 984,
    0x1D51, 129, 985,
    0x1D52, 129, 986,
    0x1D53, 129, 987,
    0x1D54, 129, 988,
    0x1D55, 129, 989,
    0x1D56, 129, 990,
    0x1D57, 129, 991,
    0x1D58, 129, 992,
    0x1D59, 129, 993,
    0x1D5A, 129, 994,
    0x1D5B, 129, 995,
    0x1D5C, 129, 996,
    0x1D5D, 129, 997,
    0x1D5E, 129, 998,
    0x1D5F, 129, 999,
    0x1D60, 129, 1000,
    0x1D61, 129, 1001,
    0x1D62, 129, 1002,
    0x1D63, 129, 1003,
    0x1D64, 129, 1004,
    0x1D65, 129, 1005,
    0x1D66, 129, 1006,
    0x1D67, 129, 1007,
    0x1D68, 129, 1008,
    0x1D69, 129, 1009,
    0x1D6A, 129, 1010,
    0x1D78, 129, 1011,
    0x1D9B, 129, 1012,
    0x1D9C, 129, 1013,
    0x1D9D, 129, 1014,
    0x1D9E, 129, 1015,
    0x1D9F, 129, 1016,
    0x1DA0, 129, 1017,
    0x1DA1, 129, 1018,
    0x1DA2, 129, 1019,
    0x1DA3, 129, 1020,
    0x1DA4, 129, 1021,
    0x1DA5, 129, 1022,
    0x1DA6, 129, 1023,
    0x1DA7, 129, 1024,
    0x1DA8, 129, 1025,
    0x1DA9, 129, 1026,
    0x1DAA, 129, 1027,
    0x1DAB, 129, 1028,
    0x1DAC, 129, 1029,
    0x1DAD, 129, 1030,
    0x1DAE, 129, 1031,
    0x1DAF, 129, 1032,
    0x1DB0, 129, 1033,
    0x1DB1, 129, 1034,
    0x1DB2, 129, 1035,
    0x1DB3, 129, 1036,
    0x1DB4, 129, 1037,
    0x1DB5, 129, 1038,
    0x1DB6, 129, 1039,
    0x1DB7, 129, 1040,
    0x1DB8, 129, 1041,
    0x1DB9, 129, 1042,
    0x1DBA, 129, 1043,
    0x1DBB, 129, 1044,
    0x1DBC, 129, 1045,
    0x1DBD, 129, 1046,
    0x1DBE, 129, 1047,
    0x1DBF, 129, 1048,
    0x1E00, 2, 1049,
    0x1E01, 2, 1051,
    0x1E02, 2, 1053,
    0x1E03, 2, 1055,
    0x1E04, 2, 1057,
    0x1E05, 2, 1059,
    0x1E06, 2, 1061,
    0x1E07, 2, 1063,
    0x1E08, 2, 1065,
    0x1E09, 2, 1067,
    0x1E0A, 2, 1069,
    0x1E0B, 2, 1071,
    0x1E0C, 2, 1073,
    0x1E0D, 2, 1075,
    0x1E0E, 2, 1077,
    0x1E0F, 2, 1079,
    0x1E10, 2, 1081,
    0x1E11, 2, 1083,
    0x1E12, 2, 1085,
    0x1E13, 2, 1087,
    0x1E14, 2, 1089,
    0x1E15, 2, 1091,
    0x1E16, 2, 1093,
    0x1E17, 2, 1095,
    0x1E18, 2, 1097,
    0x1E19, 2, 1099,
    0x1E1A, 2, 1101,
    0x1E1B, 2, 1103,
    0x1E1C, 2, 1105,
    0x1E1D, 2, 1107,
    0x1E1E, 2, 1109,
    0x1E1F, 2, 1111,
    0x1E20, 2, 1113,
    0x1E21, 2, 1115,
    0x1E22, 2, 1117,
    0x1E23, 2, 1119,
    0x1E24, 2, 1121,
    0x1E25, 2, 1123,
    0x1E26, 2, 1125,
    0x1E27, 2, 1127,
    0x1E28, 2, 1129,
    0x1E29, 2, 1131,
    0x1E2A, 2, 1133,
    0x1E2B, 2, 1135,
    0x1E2C, 2, 1137,
    0x1E2D, 2, 1139,
    0x1E2E, 2, 1141,
    0x1E2F, 2, 1143,
    0x1E30, 2, 1145,
    0x1E31, 2, 1147,
    0x1E32, 2, 1149,
    0x1E33, 2, 1151,
    0x1E34, 2, 1153,
    0x1E35, 2, 1155,
    0x1E36, 2, 1157,
    0x1E37, 2, 1159,
    0x1E38, 2, 1161,
    0x1E39, 2, 1163,
    0x1E3A, 2, 1165,
    0x1E3B, 2, 1167,
    0x1E3C, 2, 1169,
    0x1E3D, 2, 1171,
    0x1E3E, 2, 1173,
    0x1E3F, 2, 1175,
    0x1E40, 2, 1177,
    0x1E41, 2, 1179,
    0x1E42, 2, 1181,
    0x1E43, 2, 1183,
    0x1E44, 2, 1185,
    0x1E45, 2, 1187,
    0x1E46, 2, 1189,
    0x1E47, 2, 1191,
    0x1E48, 2, 1193,
    0x1E49, 2, 1195,
    0x1E4A, 2, 1197,
    0x1E4B, 2, 1199,
    0x1E4C, 2, 1201,
    0x1E4D, 2, 1203,
    0x1E4E, 2, 1205,
    0x1E4F, 2, 1207,
    0x1E50, 2, 1209,
    0x1E51, 2, 1211,
    0x1E52, 2, 1213,
    0x1E53, 2, 1215,
    0x1E54, 2, 1217,
    0x1E55, 2, 1219,
    0x1E56, 2, 1221,
    0x1E57, 2, 1223,
    0x1E58, 2, 1225,
    0x1E59, 2, 1227,
    0x1E5A, 2, 1229,
    0x1E5B, 2, 1231,
    0x1E5C, 2, 1233,
    0x1E5D, 2, 1235,
    0x1E5E, 2, 1237,
    0x1E5F, 2, 1239,
    0x1E60, 2, 1241,
    0x1E61, 2, 1243,
    0x1E62, 2, 1245,
    0x1E63, 2, 1247,
    0x1E64, 2, 1249,
    0x1E65, 2, 1251,
    0x1E66, 2, 1253,
    0x1E67, 2, 1255,
    0x1E68, 2, 1257,
    0x1E69, 2, 1259,
    0x1E6A, 2, 1261,
    0x1E6B, 2, 1263,
    0x1E6C, 2, 1265,
    0x1E6D, 2, 1267,
    0x1E6E, 2, 1269,
    0x1E6F, 2, 1271,
    0x1E70, 2, 1273,
    0x1E71, 2, 1275,
    0x1E72, 2, 1277,
    0x1E73, 2, 1279,
    0x1E74, 2, 1281,
    0x1E75, 2, 1283,
    0x1E76, 2, 1285,
    0x1E77, 2, 1287,
    0x1E78, 2, 1289,
    0x1E79, 2, 1291,
    0x1E7A, 2, 1293,
    0x1E7B, 2, 1295,
    0x1E7C, 2, 1297,
    0x1E7D, 2, 1299,
    0x1E7E, 2, 1301,
    0x1E7F, 2, 1303,
    0x1E80, 2, 1305,
    0x1E81, 2, 1307,
    0x1E82, 2, 1309,
    0x1E83, 2, 1311,
    0x1E84, 2, 1313,
    0x1E85, 2, 1315,
    0x1E86, 2, 1317,
    0x1E87, 2, 1319,
    0x1E88, 2, 1321,
    0x1E89, 2, 1323,
    0x1E8A, 2, 1325,
    0x1E8B, 2, 1327,
    0x1E8C, 2, 1329,
    0x1E8D, 2, 1331,
    0x1E8E, 2, 1333,
    0x1E8F, 2, 1335,
    0x1E90, 2, 1337,
    0x1E91, 2, 1339,
    0x1E92, 2, 1341,
    0x1E93, 2, 1343,
    0x1E94, 2, 1345,
    0x1E95, 2, 1347,
    0x1E96, 2, 1349,
    0x1E97, 2, 1351,
    0x1E98, 2, 1353,
    0x1E99, 2, 1355,
    0x1E9A, 130, 1357,
    0x1E9B, 2, 1359,
    0x1EA0, 2, 1361,
    0x1EA1, 2, 1363,
    0x1EA2, 2, 1365,
    0x1EA3, 2, 1367,
    0x1EA4, 2, 1369,
    0x1EA5, 2, 1371,
    0x1EA6, 2, 1373,
    0x1EA7, 2, 1375,
    0x1EA8, 2, 1377,
    0x1EA9, 2, 1379,
    0x1EAA, 2, 1381,
    0x1EAB, 2, 1383,
    0x1EAC, 2, 1385,
    0x1EAD, 2, 1387,
    0x1EAE, 2, 1389,
    0x1EAF, 2, 1391,
    0x1EB0, 2, 1393,
    0x1EB1, 2, 1395,
    0x1EB2, 2, 1397,
    0x1EB3, 2, 1399,
    0x1EB4, 2, 1401,
    0x1EB5, 2, 1403,
    0x1EB6, 2, 1405,
    0x1EB7, 2, 1407,
    0x1EB8, 2, 1409,
    0x1EB9, 2, 1411,
    0x1EBA, 2, 1413,
    0x1EBB, 2, 1415,
    0x1EBC, 2, 1417,
    0x1EBD, 2, 1419,
    0x1EBE, 2, 1421,
    0x1EBF, 2, 1423,
    0x1EC0, 2, 1425,
    0x1EC1, 2, 1427,
    0x1EC2, 2, 1429,
    0x1EC3, 2, 1431,
    0x1EC4, 2, 1433,
    0x1EC5, 2, 1435,
    0x1EC6, 2, 1437,
    0x1EC7, 2, 1439,
    0x1EC8, 2, 1441,
    0x1EC9, 2, 1443,
    0x1ECA, 2, 1445,
    0x1ECB, 2, 1447,
    0x1ECC, 2, 1449,
    0x1ECD, 2, 1451,
    0x1ECE, 2, 1453,
    0x1ECF, 2, 1455,
    0x1ED0, 2, 1457,
    0x1ED1, 2, 1459,
    0x1ED2, 2, 1461,
    0x1ED3, 2, 1463,
    0x1ED4, 2, 1465,
    0x1ED5, 2, 1467,
    0x1ED6, 2, 1469,
    0x1ED7, 2, 1471,
    0x1ED8, 2, 1473,
    0x1ED9, 2, 1475,
    0x1EDA, 2, 1477,
    0x1EDB, 2, 1479,
    0x1EDC, 2, 1481,
    0x1EDD, 2, 1483,
    0x1EDE, 2, 1485,
    0x1EDF, 2, 1487,
    0x1EE0, 2, 1489,
    0x1EE1, 2, 1491,
    0x1EE2, 2, 1493,
    0x1EE3, 2, 1495,
    0x1EE4, 2, 1497,
    0x1EE5, 2, 1499,
    0x1EE6, 2, 1501,
    0x1EE7, 2, 1503,
    0x1EE8, 2, 1505,
    0x1EE9, 2, 1507,
    0x1EEA, 2, 1509,
    0x1EEB, 2, 1511,
    0x1EEC, 2, 1513,
    0x1EED, 2, 1515,
    0x1EEE, 2, 1517,
    0x1EEF, 2, 1519,
    0x1EF0, 2, 1521,
    0x1EF1, 2, 1523,
    0x1EF2, 2, 1525,
    0x1EF3, 2, 1527,
    0x1EF4, 2, 1529,
    0x1EF5, 2, 1531,
    0x1EF6, 2, 1533,
    0x1EF7, 2, 1535,
    0x1EF8, 2, 1537,
    0x1EF9, 2, 1539,
    0x1F00, 2, 1541,
    0x1F01, 2, 1543,
    0x1F02, 2, 1545,
    0x1F03, 2, 1547,
    0x1F04, 2, 1549,
    0x1F05, 2, 1551,
    0x1F06, 2, 1553,
    0x1F07, 2, 1555,
    0x1F08, 2, 1557,
    0x1F09, 2, 1559,
    0x1F0A, 2, 1561,
    0x1F0B, 2, 1563,
    0x1F0C, 2, 1565,
    0x1F0D, 2, 1567,
    0x1F0E, 2, 1569,
    0x1F0F, 2, 1571,
    0x1F10, 2, 1573,
    0x1F11, 2, 1575,
    0x1F12, 2, 1577,
    0x1F13, 2, 1579,
    0x1F14, 2, 1581,
    0x1F15, 2, 1583,
    0x1F18, 2, 1585,
    0x1F19, 2, 1587,
    0x1F1A, 2, 1589,
    0x1F1B, 2, 1591,
    0x1F1C, 2, 1593,
    0x1F1D, 2, 1595,
    0x1F20, 2, 1597,
    0x1F21, 2, 1599,
    0x1F22, 2, 1601,
    0x1F23, 2, 1603,
    0x1F24, 2, 1605,
    0x1F25, 2, 1607,
    0x1F26, 2, 1609,
    0x1F27, 2, 1611,
    0x1F28, 2, 1613,
    0x1F29, 2, 1615,
    0x1F2A, 2, 1617,
    0x1F2B, 2, 1619,
    0x1F2C, 2, 1621,
    0x1F2D, 2, 1623,
    0x1F2E, 2, 1625,
    0x1F2F, 2, 1627,
    0x1F30, 2, 1629,
    0x1F31, 2, 1631,
    0x1F32, 2, 1633,
    0x1F33, 2, 1635,
    0x1F34, 2, 1637,
    0x1F35, 2, 1639,
    0x1F36, 2, 1641,
    0x1F37, 2, 1643,
    0x1F38, 2, 1645,
    0x1F39, 2, 1647,
    0x1F3A, 2, 1649,
    0x1F3B, 2, 1651,
    0x1F3C, 2, 1653,
    0x1F3D, 2, 1655,
    0x1F3E, 2, 1657,
    0x1F3F, 2, 1659,
    0x1F40, 2, 1661,
    0x1F41, 2, 1663,
    0x1F42, 2, 1665,
    0x1F43, 2, 1667,
    0x1F44, 2, 1669,
    0x1F45, 2, 1671,
    0x1F48, 2, 1673,
    0x1F49, 2, 1675,
    0x1F4A, 2, 1677,
    0x1F4B, 2, 1679,
    0x1F4C, 2, 1681,
    0x1F4D, 2, 1683,
    0x1F50, 2, 1685,
    0x1F51, 2, 1687,
    0x1F52, 2, 1689,
    0x1F53, 2, 1691,
    0x1F54, 2, 1693,
    0x1F55, 2, 1695,
    0x1F56, 2, 1697,
    0x1F57, 2, 1699,
    0x1F59, 2, 1701,
    0x1F5B, 2, 1703,
    0x1F5D, 2, 1705,
    0x1F5F, 2, 1707,
    0x1F60, 2, 1709,
    0x1F61, 2, 1711,
    0x1F62, 2, 1713,
    0x1F63, 2, 1715,
    0x1F64, 2, 1717,
    0x1F65, 2, 1719,
    0x1F66, 2, 1721,
    0x1F67, 2, 1723,
    0x1F68, 2, 1725,
    0x1F69, 2, 1727,
    0x1F6A, 2, 1729,
    0x1F6B, 2, 1731,
    0x1F6C, 2, 1733,
    0x1F6D, 2, 1735,
    0x1F6E, 2, 1737,
    0x1F6F, 2, 1739,
    0x1F70, 2, 1741,
    0x1F71, 1, 1743,
    0x1F72, 2, 1744,
    0x1F73, 1, 1746,
    0x1F74, 2, 1747,
    0x1F75, 1, 1749,
    0x1F76, 2, 1750,
    0x1F77, 1, 1752,
    0x1F78, 2, 1753,
    0x1F79, 1, 1755,
    0x1F7A, 2, 1756,
    0x1F7B, 1, 1758,
    0x1F7C, 2, 1759,
    0x1F7D, 1, 1761,
    0x1F80, 2, 1762,
    0x1F81, 2, 1764,
    0x1F82, 2, 1766,
    0x1F83, 2, 1768,
    0x1F84, 2, 1770,
    0x1F85, 2, 1772,
    0x1F86, 2, 1774,
    0x1F87, 2, 1776,
    0x1F88, 2, 1778,
    0x1F89, 2, 1780,
    0x1F8A, 2, 1782,
    0x1F8B, 2, 1784,
    0x1F8C, 2, 1786,
    0x1F8D, 2, 1788,
    0x1F8E, 2, 1790,
    0x1F8F, 2, 1792,
    0x1F90, 2, 1794,
    0x1F91, 2, 1796,
    0x1F92, 2, 1798,
    0x1F93, 2, 1800,
    0x1F94, 2, 1802,
    0x1F95, 2, 1804,
    0x1F96, 2, 1806,
    0x1F97, 2, 1808,
    0x1F98, 2, 1810,
    0x1F99, 2, 1812,
    0x1F9A, 2, 1814,
    0x1F9B, 2, 1816,
    0x1F9C, 2, 1818,
    0x1F9D, 2, 1820,
    0x1F9E, 2, 1822,
    0x1F9F, 2, 1824,
    0x1FA0, 2, 1826,
    0x1FA1, 2, 1828,
    0x1FA2, 2, 1830,
    0x1FA3, 2, 1832,
    0x1FA4, 2, 1834,
    0x1FA5, 2, 1836,
    0x1FA6, 2, 1838,
    0x1FA7, 2, 1840,
    0x1FA8, 2, 1842,
    0x1FA9, 2, 1844,
    0x1FAA, 2, 1846,
    0x1FAB, 2, 1848,
    0x1FAC, 2, 1850,
    0x1FAD, 2, 1852,
    0x1FAE, 2, 1854,
    0x1FAF, 2, 1856,
    0x1FB0, 2, 1858,
    0x1FB1, 2, 1860,
    0x1FB2, 2, 1862,
    0x1FB3, 2, 1864,
    0x1FB4, 2, 1866,
    0x1FB6, 2, 1868,
    0x1FB7, 2, 1870,
    0x1FB8, 2, 1872,
    0x1FB9, 2, 1874,
    0x1FBA, 2, 1876,
    0x1FBB, 1, 1878,
    0x1FBC, 2, 1879,
    0x1FBD, 130, 1881,
    0x1FBE, 1, 1883,
    0x1FBF, 130, 1884,
    0x1FC0, 130, 1886,
    0x1FC1, 2, 1888,
    0x1FC2, 2, 1890,
    0x1FC3, 2, 1892,
    0x1FC4, 2, 1894,
    0x1FC6, 2, 1896,
    0x1FC7, 2, 1898,
    0x1FC8, 2, 1900,
    0x1FC9, 1, 1902,
    0x1FCA, 2, 1903,
    0x1FCB, 1, 1905,
    0x1FCC, 2, 1906,
    0x1FCD, 2, 1908,
    0x1FCE, 2, 1910,
    0x1FCF, 2, 1912,
    0x1FD0, 2, 1914,
    0x1FD1, 2, 1916,
    0x1FD2, 2, 1918,
    0x1FD3, 1, 1920,
    0x1FD6, 2, 1921,
    0x1FD7, 2, 1923,
    0x1FD8, 2, 1925,
    0x1FD9, 2, 1927,
    0x1FDA, 2, 1929,
    0x1FDB, 1, 1931,
    0x1FDD, 2, 1932,
    0x1FDE, 2, 1934,
    0x1FDF, 2, 1936,
    0x1FE0, 2, 1938,
    0x1FE1, 2, 1940,
    0x1FE2, 2, 1942,
    0x1FE3, 1, 1944,
    0x1FE4, 2, 1945,
    0x1FE5, 2, 1947,
    0x1FE6, 2, 1949,
    0x1FE7, 2, 1951,
    0x1FE8, 2, 1953,
    0x1FE9, 2, 1955,
    0x1FEA, 2, 1957,
    0x1FEB, 1, 1959,
    0x1FEC, 2, 1960,
    0x1FED, 2, 1962,
    0x1FEE, 1, 1964,
    0x1FEF, 1, 1965,
    0x1FF2, 2, 1966,
    0x1FF3, 2, 1968,
    0x1FF4, 2, 1970,
    0x1FF6, 2, 1972,
    0x1FF7, 2, 1974,
    0x1FF8, 2, 1976,
    0x1FF9, 1, 1978,
    0x1FFA, 2, 1979,
    0x1FFB, 1, 1981,
    0x1FFC, 2, 1982,
    0x1FFD, 1, 1984,
    0x1FFE, 130, 1985,
    0x2000, 1, 1987,
    0x2001, 1, 1988,
    0x2002, 129, 1989,
    0x2003, 129, 1990,
    0x2004, 129, 1991,
    0x2005, 129, 1992,
    0x2006, 129, 1993,
    0x2007, 129, 1994,
    0x2008, 129, 1995,
    0x2009, 129, 1996,
    0x200A, 129, 1997,
    0x2011, 129, 1998,
    0x2017, 130, 1999,
    0x2024, 129, 2001,
    0x2025, 130, 2002,
    0x2026, 131, 2004,
    0x202F, 129, 2007,
    0x2033, 130, 2008,
    0x2034, 131, 2010,
    0x2036, 130, 2013,
    0x2037, 131, 2015,
    0x203C, 130, 2018,
    0x203E, 130, 2020,
    0x2047, 130, 2022,
    0x2048, 130, 2024,
    0x2049, 130, 2026,
    0x2057, 132, 2028,
    0x205F, 129, 2032,
    0x2070, 129, 2033,
    0x2071, 129, 2034,
    0x2074, 129, 2035,
    0x2075, 129, 2036,
    0x2076, 129, 2037,
    0x2077, 129, 2038,
    0x2078, 129, 2039,
    0x2079, 129, 2040,
    0x207A, 129, 2041,
    0x207B, 129, 2042,
    0x207C, 129, 2043,
    0x207D, 129, 2044,
    0x207E, 129, 2045,
    0x207F, 129, 2046,
    0x2080, 129, 2047,
    0x2081, 129, 2048,
    0x2082, 129, 2049,
    0x2083, 129, 2050,
    0x2084, 129, 2051,
    0x2085, 129, 2052,
    0x2086, 129, 2053,
    0x2087, 129, 2054,
    0x2088, 129, 2055,
    0x2089, 129, 2056,
    0x208A, 129, 2057,
    0x208B, 129, 2058,
    0x208C, 129, 2059,
    0x208D, 129, 2060,
    0x208E, 129, 2061,
    0x2090, 129, 2062,
    0x2091, 129, 2063,
    0x2092, 129, 2064,
    0x2093, 129, 2065,
    0x2094, 129, 2066,
    0x2095, 129, 2067,
    0x2096, 129, 2068,
    0x2097, 129, 2069,
    0x2098, 129, 2070,
    0x2099, 129, 2071,
    0x209A, 129, 2072,
    0x209B, 129, 2073,
    0x209C, 129, 2074,
    0x209D, 129, 2075,
    0x209E, 129, 2076,
    0x209F, 129, 2077,
    0x20A8, 130, 2078,
    0x2100, 131, 2080,
    0x2101, 131, 2083,
    0x2102, 129, 2086,
    0x2103, 130, 2087,
    0x2105, 131, 2089,
    0x2106, 131, 2092,
    0x2107, 129, 2095,
    0x2109, 130, 2096,
    0x210A, 129, 2098,
    0x210B, 129, 2099,
    0x210C, 129, 2100,
    0x210D, 129, 2101,
    0x210E, 129, 2102,
    0x210F, 129, 2103,
    0x2110, 129, 2104,
    0x2111, 129, 2105,
    0x2112, 129, 2106,
    0x2113, 129, 2107,
    0x2115, 129, 2108,
    0x2116, 130, 2109,
    0x2119, 129, 2111,
    0x211A, 129, 2112,
    0x211B, 129, 2113,
    0x211C, 129, 2114,
    0x211D, 129, 2115,
    0x2120, 130, 2116,
    0x2121, 131, 2118,
    0x2122, 130, 2121,
    0x2124, 129, 2123,
    0x2126, 1, 2124,
    0x2128, 129, 2125,
    0x212A, 1, 2126,
    0x212B, 1, 2127,
    0x212C, 129, 2128,
    0x212D, 129, 2129,
    0x212F, 129, 2130,
    0x2130, 129, 2131,
    0x2131, 129, 2132,
    0x2133, 129, 2133,
    0x2134, 129, 2134,
    0x2135, 129, 2135,
    0x2136, 129, 2136,
    0x2137, 129, 2137,
    0x2138, 129, 2138,
    0x2139, 129, 2139,
    0x213B, 131, 2140,
    0x213C, 129, 2143,
    0x213D, 129, 2144,
    0x213E, 129, 2145,
    0x213F, 129, 2146,
    0x2140, 129, 2147,
    0x2145, 129, 2148,
    0x2146, 129, 2149,
    0x2147, 129, 2150,
    0x2148, 129, 2151,
    0x2149, 129, 2152,
    0x2150, 131, 2153,
    0x2151, 131, 2156,
    0x2152, 132, 2159,
    0x2153, 131, 2163,
    0x2154, 131, 2166,
    0x2155, 131, 2169,
    0x2156, 131, 2172,
    0x2157, 131, 2175,
    0x2158, 131, 2178,
    0x2159, 131, 2181,
    0x215A, 131, 2184,
    0x215B, 131, 2187,
    0x215C, 131, 2190,
    0x215D, 131, 2193,
    0x215E, 131, 2196,
    0x215F, 130, 2199,
    0x2160, 129, 2201,
    0x2161, 130, 2202,
    0x2162, 131, 2204,
    0x2163, 130, 2207,
    0x2164, 129, 2209,
    0x2165, 130, 2210,
    0x2166, 131, 2212,
    0x2167, 132, 2215,
    0x2168, 130, 2219,
    0x2169, 129, 2221,
    0x216A, 130, 2222,
    0x216B, 131, 2224,
    0x216C, 129, 2227,
    0x216D, 129, 2228,
    0x216E, 129, 2229,
    0x216F, 129, 2230,
    0x2170, 129, 2231,
    0x2171, 130, 2232,
    0x2172, 131, 2234,
    0x2173, 130, 2237,
    0x2174, 129, 2239,
    0x2175, 130, 2240,
    0x2176, 131, 2242,
    0x2177, 132, 2245,
    0x2178, 130, 2249,
    0x2179, 129, 2251,
    0x217A, 130, 2252,
    0x217B, 131, 2254,
    0x217C, 129, 2257,
    0x217D, 129, 2258,
    0x217E, 129, 2259,
    0x217F, 129, 2260,
    0x2189, 131, 2261,
    0x219A, 2, 2264,
    0x219B, 2, 2266,
    0x21AE, 2, 2268,
    0x21CD, 2, 2270,
    0x21CE, 2, 2272,
    0x21CF, 2, 2274,
    0x2204, 2, 2276,
    0x2209, 2, 2278,
    0x220C, 2, 2280,
    0x2224, 2, 2282,
    0x2226, 2, 2284,
    0x222C, 130, 2286,
    0x222D, 131, 2288,
    0x222F, 130, 2291,
    0x2230, 131, 2293,
    0x2241, 2, 2296,
    0x2244, 2, 2298,
    0x2247, 2, 2300,
    0x2249, 2, 2302,
    0x2260, 2, 2304,
    0x2262, 2, 2306,
    0x226D, 2, 2308,
    0x226E, 2, 2310,
    0x226F, 2, 2312,
    0x2270, 2, 2314,
    0x2271, 2, 2316,
    0x2274, 2, 2318,
    0x2275, 2, 2320,
    0x2278, 2, 2322,
    0x2279, 2, 2324,
    0x2280, 2, 2326,
    0x2281, 2, 2328,
    0x2284, 2, 2330,
    0x2285, 2, 2332,
    0x2288, 2, 2334,
    0x2289, 2, 2336,
    0x22AC, 2, 2338,
    0x22AD, 2, 2340,
    0x22AE, 2, 2342,
    0x22AF, 2, 2344,
    0x22E0, 2, 2346,
    0x22E1, 2, 2348,
    0x22E2, 2, 2350,
    0x22E3, 2, 2352,
    0x22EA, 2, 2354,
    0x22EB, 2, 2356,
    0x22EC, 2, 2358,
    0x22ED, 2, 2360,
    0x2329, 1, 2362,
    0x232A, 1, 2363,
    0x2460, 129, 2364,
    0x2461, 129, 2365,
    0x2462, 129, 2366,
    0x2463, 129, 2367,
    0x2464, 129, 2368,
    0x2465, 129, 2369,
    0x2466, 129, 2370,
    0x2467, 129, 2371,
    0x2468, 129, 2372,
    0x2469, 130, 2373,
    0x246A, 130, 2375,
    0x246B, 130, 2377,
    0x246C, 130, 2379,
    0x246D, 130, 2381,
    0x246E, 130, 2383,
    0x246F, 130, 2385,
    0x2470, 130, 2387,
    0x2471, 130, 2389,
    0x2472, 130, 2391,
    0x2473, 130, 2393,
    0x2474, 131, 2395,
    0x2475, 131, 2398,
    0x2476, 131, 2401,
    0x2477, 131, 2404,
    0x2478, 131, 2407,
    0x2479, 131, 2410,
    0x247A, 131, 2413,
    0x247B, 131, 2416,
    0x247C, 131, 2419,
    0x247D, 132, 2422,
    0x247E, 132, 2426,
    0x247F, 132, 2430,
    0x2480, 132, 2434,
    0x2481, 132, 2438,
    0x2482, 132, 2442,
    0x2483, 132, 2446,
    0x2484, 132, 2450,
    0x2485, 132, 2454,
    0x2486, 132, 2458,
    0x2487, 132, 2462,
    0x2488, 130, 2466,
    0x2489, 130, 2468,
    0x248A, 130, 2470,
    0x248B, 130, 2472,
    0x248C, 130, 2474,
    0x248D, 130, 2476,
    0x248E, 130, 2478,
    0x248F, 130, 2480,
    0x2490, 130, 2482,
    0x2491, 131, 2484,
    0x2492, 131, 2487,
    0x2493, 131, 2490,
    0x2494, 131, 2493,
    0x2495, 131, 2496,
    0x2496, 131, 2499,
    0x2497, 131, 2502,
    0x2498, 131, 2505,
    0x2499, 131, 2508,
    0x249A, 131, 2511,
    0x249B, 131, 2514,
    0x249C, 131, 2517,
    0x249D, 131, 2520,
    0x249E, 131, 2523,
    0x249F, 131, 2526,
    0x24A0, 131, 2529,
    0x24A1, 131, 2532,
    0x24A2, 131, 2535,
    0x24A3, 131, 2538,
    0x24A4, 131, 2541,
    0x24A5, 131, 2544,
    0x24A6, 131, 2547,
    0x24A7, 131, 2550,
    0x24A8, 131, 2553,
    0x24A9, 131, 2556,
    0x24AA, 131, 2559,
    0x24AB, 131, 2562,
    0x24AC, 131, 2565,
    0x24AD, 131, 2568,
    0x24AE, 131, 2571,
    0x24AF, 131, 2574,
    0x24B0, 131, 2577,
    0x24B1, 131, 2580,
    0x24B2, 131, 2583,
    0x24B3, 131, 2586,
    0x24B4, 131, 2589,
    0x24B5, 131, 2592,
    0x24B6, 129, 2595,
    0x24B7, 129, 2596,
    0x24B8, 129, 2597,
    0x24B9, 129, 2598,
    0x24BA, 129, 2599,
    0x24BB, 129, 2600,
    0x24BC, 129, 2601,
    0x24BD, 129, 2602,
    0x24BE, 129, 2603,
    0x24BF, 129, 2604,
    0x24C0, 129, 2605,
    0x24C1, 129, 2606,
    0x24C2, 129, 2607,
    0x24C3, 129, 2608,
    0x24C4, 129, 2609,
    0x24C5, 129, 2610,
    0x24C6, 129, 2611,
    0x24C7, 129, 2612,
    0x24C8, 129, 2613,
    0x24C9, 129, 2614,
    0x24CA, 129, 2615,
    0x24CB, 129, 2616,
    0x24CC, 129, 2617,
    0x24CD, 129, 2618,
    0x24CE, 129, 2619,
    0x24CF, 129, 2620,
    0x24D0, 129, 2621,
    0x24D1, 129, 2622,
    0x24D2, 129, 2623,
    0x24D3, 129, 2624,
    0x24D4, 129, 2625,
    0x24D5, 129, 2626,
    0x24D6, 129, 2627,
    0x24D7, 129, 2628,
    0x24D8, 129, 2629,
    0x24D9, 129, 2630,
    0x24DA, 129, 2631,
    0x24DB, 129, 2632,
    0x24DC, 129, 2633,
    0x24DD, 129, 2634,
    0x24DE, 129, 2635,
    0x24DF, 129, 2636,
    0x24E0, 129, 2637,
    0x24E1, 129, 2638,
    0x24E2, 129, 2639,
    0x24E3, 129, 2640,
    0x24E4, 129, 2641,
    0x24E5, 129, 2642,
    0x24E6, 129, 2643,
    0x24E7, 129, 2644,
    0x24E8, 129, 2645,
    0x24E9, 129, 2646,
    0x24EA, 129, 2647,
    0x2A0C, 132, 2648,
    0x2A74, 131, 2652,
    0x2A75, 130, 2655,
    0x2A76, 131, 2657,
    0x2ADC, 2, 2660,
    0x2C7C, 129, 2662,
    0x2C7D, 129, 2663,
    0x2D6F, 129, 2664,
    0x2E9F, 129, 2665,
    0x2EF3, 129, 2666,
    0x2F00, 129, 2667,
    0x2F01, 129, 2668,
    0x2F02, 129, 2669,
    0x2F03, 129, 2670,
    0x2F04, 129, 2671,
    0x2F05, 129, 2672,
    0x2F06, 129, 2673,
    0x2F07, 129, 2674,
    0x2F08, 129, 2675,
    0x2F09, 129, 2676,
    0x2F0A, 129, 2677,
    0x2F0B, 129, 2678,
    0x2F0C, 129, 2679,
    0x2F0D, 129, 2680,
    0x2F0E, 129, 2681,
    0x2F0F, 129, 2682,
    0x2F10, 129, 2683,
    0x2F11, 129, 2684,
    0x2F12, 129, 2685,
    0x2F13, 129, 2686,
    0x2F14, 129, 2687,
    0x2F15, 129, 2688,
    0x2F16, 129, 2689,
    0x2F17, 129, 2690,
    0x2F18, 129, 2691,
    0x2F19, 129, 2692,
    0x2F1A, 129, 2693,
    0x2F1B, 129, 2694,
    0x2F1C, 129, 2695,
    0x2F1D, 129, 2696,
    0x2F1E, 129, 2697,
    0x2F1F, 129, 2698,
    0x2F20, 129, 2699,
    0x2F21, 129, 2700,
    0x2F22, 129, 2701,
    0x2F23, 129, 2702,
    0x2F24, 129, 2703,
    0x2F25, 129, 2704,
    0x2F26, 129, 2705,
    0x2F27, 129, 2706,
    0x2F28, 129, 2707,
    0x2F29, 129, 2708,
    0x2F2A, 129, 2709,
    0x2F2B, 129, 2710,
    0x2F2C, 129, 2711,
    0x2F2D, 129, 2712,
    0x2F2E, 129, 2713,
    0x2F2F, 129, 2714,
    0x2F30, 129, 2715,
    0x2F31, 129, 2716,
    0x2F32, 129, 2717,
    0x2F33, 129, 2718,
    0x2F34, 129, 2719,
    0x2F35, 129, 2720,
    0x2F36, 129, 2721,
    0x2F37, 129, 2722,
    0x2F38, 129, 2723,
    0x2F39, 129, 2724,
    0x2F3A, 129, 2725,
    0x2F3B, 129, 2726,
    0x2F3C, 129, 2727,
    0x2F3D, 129, 2728,
    0x2F3E, 129, 2729,
    0x2F3F, 129, 2730,
    0x2F40, 129, 2731,
    0x2F41, 129, 2732,
    0x2F42, 129, 2733,
    0x2F43, 129, 2734,
    0x2F44, 129, 2735,
    0x2F45, 129, 2736,
    0x2F46, 129, 2737,
    0x2F47, 129, 2738,
    0x2F48, 129, 2739,
    0x2F49, 129, 2740,
    0x2F4A, 129, 2741,
    0x2F4B, 129, 2742,
    0x2F4C, 129, 2743,
    0x2F4D, 129, 2744,
    0x2F4E, 129, 2745,
    0x2F4F, 129, 2746,
    0x2F50, 129, 2747,
    0x2F51, 129, 2748,
    0x2F52, 129, 2749,
    0x2F53, 129, 2750,
    0x2F54, 129, 2751,
    0x2F55, 129, 2752,
    0x2F56, 129, 2753,
    0x2F57, 129, 2754,
    0x2F58, 129, 2755,
    0x2F59, 129, 2756,
    0x2F5A, 129, 2757,
    0x2F5B, 129, 2758,
    0x2F5C, 129, 2759,
    0x2F5D, 129, 2760,
    0x2F5E, 129, 2761,
    0x2F5F, 129, 2762,
    0x2F60, 129, 2763,
    0x2F61, 129, 2764,
    0x2F62, 129, 2765,
    0x2F63, 129, 2766,
    0x2F64, 129, 2767,
    0x2F65, 129, 2768,
    0x2F66, 129, 2769,
    0x2F67, 129, 2770,
    0x2F68, 129, 2771,
    0x2F69, 129, 2772,
    0x2F6A, 129, 2773,
    0x2F6B, 129, 2774,
    0x2F6C, 129, 2775,
    0x2F6D, 129, 2776,
    0x2F6E, 129, 2777,
    0x2F6F, 129, 2778,
    0x2F70, 129, 2779,
    0x2F71, 129, 2780,
    0x2F72, 129, 2781,
    0x2F73, 129, 2782,
    0x2F74, 129, 2783,
    0x2F75, 129, 2784,
    0x2F76, 129, 2785,
    0x2F77, 129, 2786,
    0x2F78, 129, 2787,
    0x2F79, 129, 2788,
    0x2F7A, 129, 2789,
    0x2F7B, 129, 2790,
    0x2F7C, 129, 2791,
    0x2F7D, 129, 2792,
    0x2F7E, 129, 2793,
    0x2F7F, 129, 2794,
    0x2F80, 129, 2795,
    0x2F81, 129, 2796,
    0x2F82, 129, 2797,
    0x2F83, 129, 2798,
    0x2F84, 129, 2799,
    0x2F85, 129, 2800,
    0x2F86, 129, 2801,
    0x2F87, 129, 2802,
    0x2F88, 129, 2803,
    0x2F89, 129, 2804,
    0x2F8A, 129, 2805,
    0x2F8B, 129, 2806,
    0x2F8C, 129, 2807,
    0x2F8D, 129, 2808,
    0x2F8E, 129, 2809,
    0x2F8F, 129, 2810,
    0x2F90, 129, 2811,
    0x2F91, 129, 2812,
    0x2F92, 129, 2813,
    0x2F93, 129, 2814,
    0x2F94, 129, 2815,
    0x2F95, 129, 2816,
    0x2F96, 129, 2817,
    0x2F97, 129, 2818,
    0x2F98, 129, 2819,
    0x2F99, 129, 2820,
    0x2F9A, 129, 2821,
    0x2F9B, 129, 2822,
    0x2F9C, 129, 2823,
    0x2F9D, 129, 2824,
    0x2F9E, 129, 2825,
    0x2F9F, 129, 2826,
    0x2FA0, 129, 2827,
    0x2FA1, 129, 2828,
    0x2FA2, 129, 2829,
    0x2FA3, 129, 2830,
    0x2FA4, 129, 2831,
    0x2FA5, 129, 2832,
    0x2FA6, 129, 2833,
    0x2FA7, 129, 2834,
    0x2FA8, 129, 2835,
    0x2FA9, 129, 2836,
    0x2FAA, 129, 2837,
    0x2FAB, 129, 2838,
    0x2FAC, 129, 2839,
    0x2FAD, 129, 2840,
    0x2FAE, 129, 2841,
    0x2FAF, 129, 2842,
    0x2FB0, 129, 2843,
    0x2FB1, 129, 2844,
    0x2FB2, 129, 2845,
    0x2FB3, 129, 2846,
    0x2FB4, 129, 2847,
    0x2FB5, 129, 2848,
    0x2FB6, 129, 2849,
    0x2FB7, 129, 2850,
    0x2FB8, 129, 2851,
    0x2FB9, 129, 2852,
    0x2FBA, 129, 2853,
    0x2FBB, 129, 2854,
    0x2FBC, 129, 2855,
    0x2FBD, 129, 2856,
    0x2FBE, 129, 2857,
    0x2FBF, 129, 2858,
    0x2FC0, 129, 2859,
    0x2FC1, 129, 2860,
    0x2FC2, 129, 2861,
    0x2FC3, 129, 2862,
    0x2FC4, 129, 2863,
    0x2FC5, 129, 2864,
    0x2FC6, 129, 2865,
    0x2FC7, 129, 2866,
    0x2FC8, 129, 2867,
    0x2FC9, 129, 2868,
    0x2FCA, 129, 2869,
    0x2FCB, 129, 2870,
    0x2FCC, 129, 2871,
    0x2FCD, 129, 2872,
    0x2FCE, 129, 2873,
    0x2FCF, 129, 2874,
    0x2FD0, 129, 2875,
    0x2FD1, 129, 2876,
    0x2FD2, 129, 2877,
    0x2FD3, 129, 2878,
    0x2FD4, 129, 2879,
    0x2FD5, 129, 2880,
    0x3000, 129, 2881,
    0x3036, 129, 2882,
    0x3038, 129, 2883,
    0x3039, 129, 2884,
    0x303A, 129, 2885,
    0x304C, 2, 2886,
    0x304E, 2, 2888,
    0x3050, 2, 2890,
    0x3052, 2, 2892,
    0x3054, 2, 2894,
    0x3056, 2, 2896,
    0x3058, 2, 2898,
    0x305A, 2, 2900,
    0x305C, 2, 2902,
    0x305E, 2, 2904,
    0x3060, 2, 2906,
    0x3062, 2, 2908,
    0x3065, 2, 2910,
    0x3067, 2, 2912,
    0x3069, 2, 2914,
    0x3070, 2, 2916,
    0x3071, 2, 2918,
    0x3073, 2, 2920,
    0x3074, 2, 2922,
    0x3076, 2, 2924,
    0x3077, 2, 2926,
    0x3079, 2, 2928,
    0x307A, 2, 2930,
    0x307C, 2, 2932,
    0x307D, 2, 2934,
    0x3094, 2, 2936,
    0x309B, 130, 2938,
    0x309C, 130, 2940,
    0x309E, 2, 2942,
    0x309F, 130, 2944,
    0x30AC, 2, 2946,
    0x30AE, 2, 2948,
    0x30B0, 2, 2950,
    0x30B2, 2, 2952,
    0x30B4, 2, 2954,
    0x30B6, 2, 2956,
    0x30B8, 2, 2958,
    0x30BA, 2, 2960,
    0x30BC, 2, 2962,
    0x30BE, 2, 2964,
    0x30C0, 2, 2966,
    0x30C2, 2, 2968,
    0x30C5, 2, 2970,
    0x30C7, 2, 2972,
    0x30C9, 2, 2974,
    0x30D0, 2, 2976,
    0x30D1, 2, 2978,
    0x30D3, 2, 2980,
    0x30D4, 2, 2982,
    0x30D6, 2, 2984,
    0x30D7, 2, 2986,
    0x30D9, 2, 2988,
    0x30DA, 2, 2990,
    0x30DC, 2, 2992,
    0x30DD, 2, 2994,
    0x30F4, 2, 2996,
    0x30F7, 2, 2998,
    0x30F8, 2, 3000,
    0x30F9, 2, 3002,
    0x30FA, 2, 3004,
    0x30FE, 2, 3006,
    0x30FF, 130, 3008,
    0x3131, 129, 3010,
    0x3132, 129, 3011,
    0x3133, 129, 3012,
    0x3134, 129, 3013,
    0x3135, 129, 3014,
    0x3136, 129, 3015,
    0x3137, 129, 3016,
    0x3138, 129, 3017,
    0x3139, 129, 3018,
    0x313A, 129, 3019,
    0x313B, 129, 3020,
    0x313C, 129, 3021,
    0x313D, 129, 3022,
    0x313E, 129, 3023,
    0x313F, 129, 3024,
    0x3140, 129, 3025,
    0x3141, 129, 3026,
    0x3142, 129, 3027,
    0x3143, 129, 3028,
    0x3144, 129, 3029,
    0x3145, 129, 3030,
    0x3146, 129, 3031,
    0x3147, 129, 3032,
    0x3148, 129, 3033,
    0x3149, 129, 3034,
    0x314A, 129, 3035,
    0x314B, 129, 3036,
    0x314C, 129, 3037,
    0x314D, 129, 3038,
    0x314E, 129, 3039,
    0x314F, 129, 3040,
    0x3150, 129, 3041,
    0x3151, 129, 3042,
    0x3152, 129, 3043,
    0x3153, 129, 3044,
    0x3154, 129, 3045,
    0x3155, 129, 3046,
    0x3156, 129, 3047,
    0x3157, 129, 3048,
    0x3158, 129, 3049,
    0x3159, 129, 3050,
    0x315A, 129, 3051,
    0x315B, 129, 3052,
    0x315C, 129, 3053,
    0x315D, 129, 3054,
    0x315E, 129, 3055,
    0x315F, 129, 3056,
    0x3160, 129, 3057,
    0x3161, 129, 3058,
    0x3162, 129, 3059,
    0x3163, 129, 3060,
    0x3164, 129, 3061,
    0x3165, 129, 3062,
    0x3166, 129, 3063,
    0x3167, 129, 3064,
    0x3168, 129, 3065,
    0x3169, 129, 3066,
    0x316A, 129, 3067,
    0x316B, 129, 3068,
    0x316C, 129, 3069,
    0x316D, 129, 3070,
    0x316E, 129, 3071,
    0x316F, 129, 3072,
    0x3170, 129, 3073,
    0x3171, 129, 3074,
    0x3172, 129, 3075,
    0x3173, 129, 3076,
    0x3174, 129, 3077,
    0x3175, 129, 3078,
    0x3176, 129, 3079,
    0x3177, 129, 3080,
    0x3178, 129, 3081,
    0x3179, 129, 3082,
    0x317A, 129, 3083,
    0x317B, 129, 3084,
    0x317C, 129, 3085,
    0x317D, 129, 3086,
    0x317E, 129, 3087,
    0x317F, 129, 3088,
    0x3180, 129, 3089,
    0x3181, 129, 3090,
    0x3182, 129, 3091,
    0x3183, 129, 3092,
    0x3184, 129, 3093,
    0x3185, 129, 3094,
    0x3186, 129, 3095,
    0x3187, 129, 3096,
    0x3188, 129, 3097,
    0x3189, 129, 3098,
    0x318A, 129, 3099,
    0x318B, 129, 3100,
    0x318C, 129, 3101,
    0x318D, 129, 3102,
    0x318E, 129, 3103,
    0x3192, 129, 3104,
    0x3193, 129, 3105,
    0x3194, 129, 3106,
    0x3195, 129, 3107,
    0x3196, 129, 3108,
    0x3197, 129, 3109,
    0x3198, 129, 3110,
    0x3199, 129, 3111,
    0x319A, 129, 3112,
    0x319B, 129, 3113,
    0x319C, 129, 3114,
    0x319D, 129, 3115,
    0x319E, 129, 3116,
    0x319F, 129, 3117,
    0x3200, 131, 3118,
    0x3201, 131, 3121,
    0x3202, 131, 3124,
    0x3203, 131, 3127,
    0x3204, 131, 3130,
    0x3205, 131, 3133,
    0x3206, 131, 3136,
    0x3207, 131, 3139,
    0x3208, 131, 3142,
    0x3209, 131, 3145,
    0x320A, 131, 3148,
    0x320B, 131, 3151,
    0x320C, 131, 3154,
    0x320D, 131, 3157,
    0x320E, 132, 3160,
    0x320F, 132, 3164,
    0x3210, 132, 3168,
    0x3211, 132, 3172,
    0x3212, 132, 3176,
    0x3213, 132, 3180,
    0x3214, 132, 3184,
    0x3215, 132, 3188,
    0x3216, 132, 3192,
    0x3217, 132, 3196,
    0x3218, 132, 3200,
    0x3219, 132, 3204,
    0x321A, 132, 3208,
    0x321B, 132, 3212,
    0x321C, 132, 3216,
    0x321D, 135, 3220,
    0x321E, 134, 3227,
    0x3220, 131, 3233,
    0x3221, 131, 3236,
    0x3222, 131, 3239,
    0x3223, 131, 3242,
    0x3224, 131, 3245,
    0x3225, 131, 3248,
    0x3226, 131, 3251,
    0x3227, 131, 3254,
    0x3228, 131, 3257,
    0x3229, 131, 3260,
    0x322A, 131, 3263,
    0x322B, 131, 3266,
    0x322C, 131, 3269,
    0x322D, 131, 3272,
    0x322E, 131, 3275,
    0x322F, 131, 3278,
    0x3230, 131, 3281,
    0x3231, 131, 3284,
    0x3232, 131, 3287,
    0x3233, 131, 3290,
    0x3234, 131, 3293,
    0x3235, 131, 3296,
    0x3236, 131, 3299,
    0x3237, 131, 3302,
    0x3238, 131, 3305,
    0x3239, 131, 3308,
    0x323A, 131, 3311,
    0x323B, 131, 3314,
    0x323C, 131, 3317,
    0x323D, 131, 3320,
    0x323E, 131, 3323,
    0x323F, 131, 3326,
    0x3240, 131, 3329,
    0x3241, 131, 3332,
    0x3242, 131, 3335,
    0x3243, 131, 3338,
    0x3244, 129, 3341,
    0x3245, 129, 3342,
    0x3246, 129, 3343,
    0x3247, 129, 3344,
    0x3250, 131, 3345,
    0x3251, 130, 3348,
    0x3252, 130, 3350,
    0x3253, 130, 3352,
    0x3254, 130, 3354,
    0x3255, 130, 3356,
    0x3256, 130, 3358,
    0x3257, 130, 3360,
    0x3258, 130, 3362,
    0x3259, 130, 3364,
    0x325A, 130, 3366,
    0x325B, 130, 3368,
    0x325C, 130, 3370,
    0x325D, 130, 3372,
    0x325E, 130, 3374,
    0x325F, 130, 3376,
    0x3260, 129, 3378,
    0x3261, 129, 3379,
    0x3262, 129, 3380,
    0x3263, 129, 3381,
    0x3264, 129, 3382,
    0x3265, 129, 3383,
    0x3266, 129, 3384,
    0x3267, 129, 3385,
    0x3268, 129, 3386,
    0x3269, 129, 3387,
    0x326A, 129, 3388,
    0x326B, 129, 3389,
    0x326C, 129, 3390,
    0x326D, 129, 3391,
    0x326E, 130, 3392,
    0x326F, 130, 3394,
    0x3270, 130, 3396,
    0x3271, 130, 3398,
    0x3272, 130, 3400,
    0x3273, 130, 3402,
    0x3274, 130, 3404,
    0x3275, 130, 3406,
    0x3276, 130, 3408,
    0x3277, 130, 3410,
    0x3278, 130, 3412,
    0x3279, 130, 3414,
    0x327A, 130, 3416,
    0x327B, 130, 3418,
    0x327C, 133, 3420,
    0x327D, 132, 3425,
    0x327E, 130, 3429,
    0x3280, 129, 3431,
    0x3281, 129, 3432,
    0x3282, 129, 3433,
    0x3283, 129, 3434,
    0x3284, 129, 3435,
    0x3285, 129, 3436,
    0x3286, 129, 3437,
    0x3287, 129, 3438,
    0x3288, 129, 3439,
    0x3289, 129, 3440,
    0x328A, 129, 3441,
    0x328B, 129, 3442,
    0x328C, 129, 3443,
    0x328D, 129, 3444,
    0x328E, 129, 3445,
    0x328F, 129, 3446,
    0x3290, 129, 3447,
    0x3291, 129, 3448,
    0x3292, 129, 3449,
    0x3293, 129, 3450,
    0x3294, 129, 3451,
    0x3295, 129, 3452,
    0x3296, 129, 3453,
    0x3297, 129, 3454,
    0x3298, 129, 3455,
    0x3299, 129, 3456,
    0x329A, 129, 3457,
    0x329B, 129, 3458,
    0x329C, 129, 3459,
    0x329D, 129, 3460,
    0x329E, 129, 3461,
    0x329F, 129, 3462,
    0x32A0, 129, 3463,
    0x32A1, 129, 3464,
    0x32A2, 129, 3465,
    0x32A3, 129, 3466,
    0x32A4, 129, 3467,
    0x32A5, 129, 3468,
    0x32A6, 129, 3469,
    0x32A7, 129, 3470,
    0x32A8, 129, 3471,
    0x32A9, 129, 3472,
    0x32AA, 129, 3473,
    0x32AB, 129, 3474,
    0x32AC, 129, 3475,
    0x32AD, 129, 3476,
    0x32AE, 129, 3477,
    0x32AF, 129, 3478,
    0x32B0, 129, 3479,
    0x32B1, 130, 3480,
    0x32B2, 130, 3482,
    0x32B3, 130, 3484,
    0x32B4, 130, 3486,
    0x32B5, 130, 3488,
    0x32B6, 130, 3490,
    0x32B7, 130, 3492,
    0x32B8, 130, 3494,
    0x32B9, 130, 3496,
    0x32BA, 130, 3498,
    0x32BB, 130, 3500,
    0x32BC, 130, 3502,
    0x32BD, 130, 3504,
    0x32BE, 130, 3506,
    0x32BF, 130, 3508,
    0x32C0, 130, 3510,
    0x32C1, 130, 3512,
    0x32C2, 130, 3514,
    0x32C3, 130, 3516,
    0x32C4, 130, 3518,
    0x32C5, 130, 3520,
    0x32C6, 130, 3522,
    0x32C7, 130, 3524,
    0x32C8, 130, 3526,
    0x32C9, 131, 3528,
    0x32CA, 131, 3531,
    0x32CB, 131, 3534,
    0x32CC, 130, 3537,
    0x32CD, 131, 3539,
    0x32CE, 130, 3542,
    0x32CF, 131, 3544,
    0x32D0, 129, 3547,
    0x32D1, 129, 3548,
    0x32D2, 129, 3549,
    0x32D3, 129, 3550,
    0x32D4, 129, 3551,
    0x32D5, 129, 3552,
    0x32D6, 129, 3553,
    0x32D7, 129, 3554,
    0x32D8, 129, 3555,
    0x32D9, 129, 3556,
    0x32DA, 129, 3557,
    0x32DB, 129, 3558,
    0x32DC, 129, 3559,
    0x32DD, 129, 3560,
    0x32DE, 129, 3561,
    0x32DF, 129, 3562,
    0x32E0, 129, 3563,
    0x32E1, 129, 3564,
    0x32E2, 129, 3565,
    0x32E3, 129, 3566,
    0x32E4, 129, 3567,
    0x32E5, 129, 3568,
    0x32E6, 129, 3569,
    0x32E7, 129, 3570,
    0x32E8, 129, 3571,
    0x32E9, 129, 3572,
    0x32EA, 129, 3573,
    0x32EB, 129, 3574,
    0x32EC, 129, 3575,
    0x32ED, 129, 3576,
    0x32EE, 129, 3577,
    0x32EF, 129, 3578,
    0x32F0, 129, 3579,
    0x32F1, 129, 3580,
    0x32F2, 129, 3581,
    0x32F3, 129, 3582,
    0x32F4, 129, 3583,
    0x32F5, 129, 3584,
    0x32F6, 129, 3585,
    0x32F7, 129, 3586,
    0x32F8, 129, 3587,
    0x32F9, 129, 3588,
    0x32FA, 129, 3589,
    0x32FB, 129, 3590,
    0x32FC, 129, 3591,
    0x32FD, 129, 3592,
    0x32FE, 129, 3593,
    0x32FF, 130, 3594,
    0x3300, 132, 3596,
    0x3301, 132, 3600,
    0x3302, 132, 3604,
    0x3303, 131, 3608,
    0x3304, 132, 3611,
    0x3305, 131, 3615,
    0x3306, 131, 3618,
    0x3307, 133, 3621,
    0x3308, 132, 3626,
    0x3309, 131, 3630,
    0x330A, 131, 3633,
    0x330B, 131, 3636,
    0x330C, 132, 3639,
    0x330D, 132, 3643,
    0x330E, 131, 3647,
    0x330F, 131, 3650,
    0x3310, 130, 3653,
    0x3311, 131, 3655,
    0x3312, 132, 3658,
    0x3313, 132, 3662,
    0x3314, 130, 3666,
    0x3315, 133, 3668,
    0x3316, 134, 3673,
    0x3317, 133, 3679,
    0x3318, 131, 3684,
    0x3319, 133, 3687,
    0x331A, 133, 3692,
    0x331B, 132, 3697,
    0x331C, 131, 3701,
    0x331D, 131, 3704,
    0x331E, 131, 3707,
    0x331F, 132, 3710,
    0x3320, 133, 3714,
    0x3321, 132, 3719,
    0x3322, 131, 3723,
    0x3323, 131, 3726,
    0x3324, 131, 3729,
    0x3325, 130, 3732,
    0x3326, 130, 3734,
    0x3327, 130, 3736,
    0x3328, 130, 3738,
    0x3329, 131, 3740,
    0x332A, 131, 3743,
    0x332B, 133, 3746,
    0x332C, 131, 3751,
    0x332D, 132, 3754,
    0x332E, 133, 3758,
    0x332F, 131, 3763,
    0x3330, 130, 3766,
    0x3331, 130, 3768,
    0x3332, 133, 3770,
    0x3333, 132, 3775,
    0x3334, 133, 3779,
    0x3335, 131, 3784,
    0x3336, 133, 3787,
    0x3337, 130, 3792,
    0x3338, 131, 3794,
    0x3339, 131, 3797,
    0x333A, 131, 3800,
    0x333B, 131, 3803,
    0x333C, 131, 3806,
    0x333D, 132, 3809,
    0x333E, 131, 3813,
    0x333F, 130, 3816,
    0x3340, 131, 3818,
    0x3341, 131, 3821,
    0x3342, 131, 3824,
    0x3343, 132, 3827,
    0x3344, 131, 3831,
    0x3345, 131, 3834,
    0x3346, 131, 3837,
    0x3347, 133, 3840,
    0x3348, 132, 3845,
    0x3349, 130, 3849,
    0x334A, 133, 3851,
    0x334B, 130, 3856,
    0x334C, 132, 3858,
    0x334D, 132, 3862,
    0x334E, 131, 3866,
    0x334F, 131, 3869,
    0x3350, 131, 3872,
    0x3351, 132, 3875,
    0x3352, 130, 3879,
    0x3353, 131, 3881,
    0x3354, 132, 3884,
    0x3355, 130, 3888,
    0x3356, 133, 3890,
    0x3357, 131, 3895,
    0x3358, 130, 3898,
    0x3359, 130, 3900,
    0x335A, 130, 3902,
    0x335B, 130, 3904,
    0x335C, 130, 3906,
    0x335D, 130, 3908,
    0x335E, 130, 3910,
    0x335F, 130, 3912,
    0x3360, 130, 3914,
    0x3361, 130, 3916,
    0x3362, 131, 3918,
    0x3363, 131, 3921,
    0x3364, 131, 3924,
    0x3365, 131, 3927,
    0x3366, 131, 3930,
    0x3367, 131, 3933,
    0x3368, 131, 3936,
    0x3369, 131, 3939,
    0x336A, 131, 3942,
    0x336B, 131, 3945,
    0x336C, 131, 3948,
    0x336D, 131, 3951,
    0x336E, 131, 3954,
    0x336F, 131, 3957,
    0x3370, 131, 3960,
    0x3371, 131, 3963,
    0x3372, 130, 3966,
    0x3373, 130, 3968,
    0x3374, 131, 3970,
    0x3375, 130, 3973,
    0x3376, 130, 3975,
    0x3377, 130, 3977,
    0x3378, 131, 3979,
    0x3379, 131, 3982,
    0x337A, 130, 3985,
    0x337B, 130, 3987,
    0x337C, 130, 3989,
    0x337D, 130, 3991,
    0x337E, 130, 3993,
    0x337F, 132, 3995,
    0x3380, 130, 3999,
    0x3381, 130, 4001,
    0x3382, 130, 4003,
    0x3383, 130, 4005,
    0x3384, 130, 4007,
    0x3385, 130, 4009,
    0x3386, 130, 4011,
    0x3387, 130, 4013,
    0x3388, 131, 4015,
    0x3389, 132, 4018,
    0x338A, 130, 4022,
    0x338B, 130, 4024,
    0x338C, 130, 4026,
    0x338D, 130, 4028,
    0x338E, 130, 4030,
    0x338F, 130, 4032,
    0x3390, 130, 4034,
    0x3391, 131, 4036,
    0x3392, 131, 4039,
    0x3393, 131, 4042,
    0x3394, 131, 4045,
    0x3395, 130, 4048,
    0x3396, 130, 4050,
    0x3397, 130, 4052,
    0x3398, 130, 4054,
    0x3399, 130, 4056,
    0x339A, 130, 4058,
    0x339B, 130, 4060,
    0x339C, 130, 4062,
    0x339D, 130, 4064,
    0x339E, 130, 4066,
    0x339F, 131, 4068,
    0x33A0, 131, 4071,
    0x33A1, 130, 4074,
    0x33A2, 131, 4076,
    0x33A3, 131, 4079,
    0x33A4, 131, 4082,
    0x33A5, 130, 4085,
    0x33A6, 131, 4087,
    0x33A7, 131, 4090,
    0x33A8, 132, 4093,
    0x33A9, 130, 4097,
    0x33AA, 131, 4099,
    0x33AB, 131, 4102,
    0x33AC, 131, 4105,
    0x33AD, 131, 4108,
    0x33AE, 133, 4111,
    0x33AF, 134, 4116,
    0x33B0, 130, 4122,
    0x33B1, 130, 4124,
    0x33B2, 130, 4126,
    0x33B3, 130, 4128,
    0x33B4, 130, 4130,
    0x33B5, 130, 4132,
    0x33B6, 130, 4134,
    0x33B7, 130, 4136,
    0x33B8, 130, 4138,
    0x33B9, 130, 4140,
    0x33BA, 130, 4142,
    0x33BB, 130, 4144,
    0x33BC, 130, 4146,
    0x33BD, 130, 4148,
    0x33BE, 130, 4150,
    0x33BF, 130, 4152,
    0x33C0, 130, 4154,
    0x33C1, 130, 4156,
    0x33C2, 132, 4158,
    0x33C3, 130, 4162,
    0x33C4, 130, 4164,
    0x33C5, 130, 4166,
    0x33C6, 132, 4168,
    0x33C7, 131, 4172,
    0x33C8, 130, 4175,
    0x33C9, 130, 4177,
    0x33CA, 130, 4179,
    0x33CB, 130, 4181,
    0x33CC, 130, 4183,
    0x33CD, 130, 4185,
    0x33CE, 130, 4187,
    0x33CF, 130, 4189,
    0x33D0, 130, 4191,
    0x33D1, 130, 4193,
    0x33D2, 131, 4195,
    0x33D3, 130, 4198,
    0x33D4, 130, 4200,
    0x33D5, 131, 4202,
    0x33D6, 131, 4205,
    0x33D7, 130, 4208,
    0x33D8, 132, 4210,
    0x33D9, 131, 4214,
    0x33DA, 130, 4217,
    0x33DB, 130, 4219,
    0x33DC, 130, 4221,
    0x33DD, 130, 4223,
    0x33DE, 131, 4225,
    0x33DF, 131, 4228,
    0x33E0, 130, 4231,
    0x33E1, 130, 4233,
    0x33E2, 130, 4235,
    0x33E3, 130, 4237,
    0x33E4, 130, 4239,
    0x33E5, 130, 4241,
    0x33E6, 130, 4243,
    0x33E7, 130, 4245,
    0x33E8, 130, 4247,
    0x33E9, 131, 4249,
    0x33EA, 131, 4252,
    0x33EB, 131, 4255,
    0x33EC, 131, 4258,
    0x33ED, 131, 4261,
    0x33EE, 131, 4264,
    0x33EF, 131, 4267,
    0x33F0, 131, 4270,
    0x33F1, 131, 4273,
    0x33F2, 131, 4276,
    0x33F3, 131, 4279,
    0x33F4, 131, 4282,
    0x33F5, 131, 4285,
    0x33F6, 131, 4288,
    0x33F7, 131, 4291,
    0x33F8, 131, 4294,
    0x33F9, 131, 4297,
    0x33FA, 131, 4300,
    0x33FB, 131, 4303,
    0x33FC, 131, 4306,
    0x33FD, 131, 4309,
    0x33FE, 131, 4312,
    0x33FF, 131, 4315,
    0xA69C, 129, 4318,
    0xA69D, 129, 4319,
    0xA770, 129, 4320,
    0xA7F1, 129, 4321,
    0xA7F2, 129, 4322,
    0xA7F3, 129, 4323,
    0xA7F4, 129, 4324,
    0xA7F8, 129, 4325,
    0xA7F9, 129, 4326,
    0xAB5C, 129, 4327,
    0xAB5D, 129, 4328,
    0xAB5E, 129, 4329,
    0xAB5F, 129, 4330,
    0xAB69, 129, 4331,
    0xF900, 1, 4332,
    0xF901, 1, 4333,
    0xF902, 1, 4334,
    0xF903, 1, 4335,
    0xF904, 1, 4336,
    0xF905, 1, 4337,
    0xF906, 1, 4338,
    0xF907, 1, 4339,
    0xF908, 1, 4340,
    0xF909, 1, 4341,
    0xF90A, 1, 4342,
    0xF90B, 1, 4343,
    0xF90C, 1, 4344,
    0xF90D, 1, 4345,
    0xF90E, 1, 4346,
    0xF90F, 1, 4347,
    0xF910, 1, 4348,
    0xF911, 1, 4349,
    0xF912, 1, 4350,
    0xF913, 1, 4351,
    0xF914, 1, 4352,
    0xF915, 1, 4353,
    0xF916, 1, 4354,
    0xF917, 1, 4355,
    0xF918, 1, 4356,
    0xF919, 1, 4357,
    0xF91A, 1, 4358,
    0xF91B, 1, 4359,
    0xF91C, 1, 4360,
    0xF91D, 1, 4361,
    0xF91E, 1, 4362,
    0xF91F, 1, 4363,
    0xF920, 1, 4364,
    0xF921, 1, 4365,
    0xF922, 1, 4366,
    0xF923, 1, 4367,
    0xF924, 1, 4368,
    0xF925, 1, 4369,
    0xF926, 1, 4370,
    0xF927, 1, 4371,
    0xF928, 1, 4372,
    0xF929, 1, 4373,
    0xF92A, 1, 4374,
    0xF92B, 1, 4375,
    0xF92C, 1, 4376,
    0xF92D, 1, 4377,
    0xF92E, 1, 4378,
    0xF92F, 1, 4379,
    0xF930, 1, 4380,
    0xF931, 1, 4381,
    0xF932, 1, 4382,
    0xF933, 1, 4383,
    0xF934, 1, 4384,
    0xF935, 1, 4385,
    0xF936, 1, 4386,
    0xF937, 1, 4387,
    0xF938, 1, 4388,
    0xF939, 1, 4389,
    0xF93A, 1, 4390,
    0xF93B, 1, 4391,
    0xF93C, 1, 4392,
    0xF93D, 1, 4393,
    0xF93E, 1, 4394,
    0xF93F, 1, 4395,
    0xF940, 1, 4396,
    0xF941, 1, 4397,
    0xF942, 1, 4398,
    0xF943, 1, 4399,
    0xF944, 1, 4400,
    0xF945, 1, 4401,
    0xF946, 1, 4402,
    0xF947, 1, 4403,
    0xF948, 1, 4404,
    0xF949, 1, 4405,
    0xF94A, 1, 4406,
    0xF94B, 1, 4407,
    0xF94C, 1, 4408,
    0xF94D, 1, 4409,
    0xF94E, 1, 4410,
    0xF94F, 1, 4411,
    0xF950, 1, 4412,
    0xF951, 1, 4413,
    0xF952, 1, 4414,
    0xF953, 1, 4415,
    0xF954, 1, 4416,
    0xF955, 1, 4417,
    0xF956, 1, 4418,
    0xF957, 1, 4419,
    0xF958, 1, 4420,
    0xF959, 1, 4421,
    0xF95A, 1, 4422,
    0xF95B, 1, 4423,
    0xF95C, 1, 4424,
    0xF95D, 1, 4425,
    0xF95E, 1, 4426,
    0xF95F, 1, 4427,
    0xF960, 1, 4428,
    0xF961, 1, 4429,
    0xF962, 1, 4430,
    0xF963, 1, 4431,
    0xF964, 1, 4432,
    0xF965, 1, 4433,
    0xF966, 1, 4434,
    0xF967, 1, 4435,
    0xF968, 1, 4436,
    0xF969, 1, 4437,
    0xF96A, 1, 4438,
    0xF96B, 1, 4439,
    0xF96C, 1, 4440,
    0xF96D, 1, 4441,
    0xF96E, 1, 4442,
    0xF96F, 1, 4443,
    0xF970, 1, 4444,
    0xF971, 1, 4445,
    0xF972, 1, 4446,
    0xF973, 1, 4447,
    0xF974, 1, 4448,
    0xF975, 1, 4449,
    0xF976, 1, 4450,
    0xF977, 1, 4451,
    0xF978, 1, 4452,
    0xF979, 1, 4453,
    0xF97A, 1, 4454,
    0xF97B, 1, 4455,
    0xF97C, 1, 4456,
    0xF97D, 1, 4457,
    0xF97E, 1, 4458,
    0xF97F, 1, 4459,
    0xF980, 1, 4460,
    0xF981, 1, 4461,
    0xF982, 1, 4462,
    0xF983, 1, 4463,
    0xF984, 1, 4464,
    0xF985, 1, 4465,
    0xF986, 1, 4466,
    0xF987, 1, 4467,
    0xF988, 1, 4468,
    0xF989, 1, 4469,
    0xF98A, 1, 4470,
    0xF98B, 1, 4471,
    0xF98C, 1, 4472,
    0xF98D, 1, 4473,
    0xF98E, 1, 4474,
    0xF98F, 1, 4475,
    0xF990, 1, 4476,
    0xF991, 1, 4477,
    0xF992, 1, 4478,
    0xF993, 1, 4479,
    0xF994, 1, 4480,
    0xF995, 1, 4481,
    0xF996, 1, 4482,
    0xF997, 1, 4483,
    0xF998, 1, 4484,
    0xF999, 1, 4485,
    0xF99A, 1, 4486,
    0xF99B, 1, 4487,
    0xF99C, 1, 4488,
    0xF99D, 1, 4489,
    0xF99E, 1, 4490,
    0xF99F, 1, 4491,
    0xF9A0, 1, 4492,
    0xF9A1, 1, 4493,
    0xF9A2, 1, 4494,
    0xF9A3, 1, 4495,
    0xF9A4, 1, 4496,
    0xF9A5, 1, 4497,
    0xF9A6, 1, 4498,
    0xF9A7, 1, 4499,
    0xF9A8, 1, 4500,
    0xF9A9, 1, 4501,
    0xF9AA, 1, 4502,
    0xF9AB, 1, 4503,
    0xF9AC, 1, 4504,
    0xF9AD, 1, 4505,
    0xF9AE, 1, 4506,
    0xF9AF, 1, 4507,
    0xF9B0, 1, 4508,
    0xF9B1, 1, 4509,
    0xF9B2, 1, 4510,
    0xF9B3, 1, 4511,
    0xF9B4, 1, 4512,
    0xF9B5, 1, 4513,
    0xF9B6, 1, 4514,
    0xF9B7, 1, 4515,
    0xF9B8, 1, 4516,
    0xF9B9, 1, 4517,
    0xF9BA, 1, 4518,
    0xF9BB, 1, 4519,
    0xF9BC, 1, 4520,
    0xF9BD, 1, 4521,
    0xF9BE, 1, 4522,
    0xF9BF, 1, 4523,
    0xF9C0, 1, 4524,
    0xF9C1, 1, 4525,
    0xF9C2, 1, 4526,
    0xF9C3, 1, 4527,
    0xF9C4, 1, 4528,
    0xF9C5, 1, 4529,
    0xF9C6, 1, 4530,
    0xF9C7, 1, 4531,
    0xF9C8, 1, 4532,
    0xF9C9, 1, 4533,
    0xF9CA, 1, 4534,
    0xF9CB, 1, 4535,
    0xF9CC, 1, 4536,
    0xF9CD, 1, 4537,
    0xF9CE, 1, 4538,
    0xF9CF, 1, 4539,
    0xF9D0, 1, 4540,
    0xF9D1, 1, 4541,
    0xF9D2, 1, 4542,
    0xF9D3, 1, 4543,
    0xF9D4, 1, 4544,
    0xF9D5, 1, 4545,
    0xF9D6, 1, 4546,
    0xF9D7, 1, 4547,
    0xF9D8, 1, 4548,
    0xF9D9, 1, 4549,
    0xF9DA, 1, 4550,
    0xF9DB, 1, 4551,
    0xF9DC, 1, 4552,
    0xF9DD, 1, 4553,
    0xF9DE, 1, 4554,
    0xF9DF, 1, 4555,
    0xF9E0, 1, 4556,
    0xF9E1, 1, 4557,
    0xF9E2, 1, 4558,
    0xF9E3, 1, 4559,
    0xF9E4, 1, 4560,
    0xF9E5, 1, 4561,
    0xF9E6, 1, 4562,
    0xF9E7, 1, 4563,
    0xF9E8, 1, 4564,
    0xF9E9, 1, 4565,
    0xF9EA, 1, 4566,
    0xF9EB, 1, 4567,
    0xF9EC, 1, 4568,
    0xF9ED, 1, 4569,
    0xF9EE, 1, 4570,
    0xF9EF, 1, 4571,
    0xF9F0, 1, 4572,
    0xF9F1, 1, 4573,
    0xF9F2, 1, 4574,
    0xF9F3, 1, 4575,
    0xF9F4, 1, 4576,
    0xF9F5, 1, 4577,
    0xF9F6, 1, 4578,
    0xF9F7, 1, 4579,
    0xF9F8, 1, 4580,
    0xF9F9, 1, 4581,
    0xF9FA, 1, 4582,
    0xF9FB, 1, 4583,
    0xF9FC, 1, 4584,
    0xF9FD, 1, 4585,
    0xF9FE, 1, 4586,
    0xF9FF, 1, 4587,
    0xFA00, 1, 4588,
    0xFA01, 1, 4589,
    0xFA02, 1, 4590,
    0xFA03, 1, 4591,
    0xFA04, 1, 4592,
    0xFA05, 1, 4593,
    0xFA06, 1, 4594,
    0xFA07, 1, 4595,
    0xFA08, 1, 4596,
    0xFA09, 1, 4597,
    0xFA0A, 1, 4598,
    0xFA0B, 1, 4599,
    0xFA0C, 1, 4600,
    0xFA0D, 1, 4601,
    0xFA10, 1, 4602,
    0xFA12, 1, 4603,
    0xFA15, 1, 4604,
    0xFA16, 1, 4605,
    0xFA17, 1, 4606,
    0xFA18, 1, 4607,
    0xFA19, 1, 4608,
    0xFA1A, 1, 4609,
    0xFA1B, 1, 4610,
    0xFA1C, 1, 4611,
    0xFA1D, 1, 4612,
    0xFA1E, 1, 4613,
    0xFA20, 1, 4614,
    0xFA22, 1, 4615,
    0xFA25, 1, 4616,
    0xFA26, 1, 4617,
    0xFA2A, 1, 4618,
    0xFA2B, 1, 4619,
    0xFA2C, 1, 4620,
    0xFA2D, 1, 4621,
    0xFA2E, 1, 4622,
    0xFA2F, 1, 4623,
    0xFA30, 1, 4624,
    0xFA31, 1, 4625,
    0xFA32, 1, 4626,
    0xFA33, 1, 4627,
    0xFA34, 1, 4628,
    0xFA35, 1, 4629,
    0xFA36, 1, 4630,
    0xFA37, 1, 4631,
    0xFA38, 1, 4632,
    0xFA39, 1, 4633,
    0xFA3A, 1, 4634,
    0xFA3B, 1, 4635,
    0xFA3C, 1, 4636,
    0xFA3D, 1, 4637,
    0xFA3E, 1, 4638,
    0xFA3F, 1, 4639,
    0xFA40, 1, 4640,
    0xFA41, 1, 4641,
    0xFA42, 1, 4642,
    0xFA43, 1, 4643,
    0xFA44, 1, 4644,
    0xFA45, 1, 4645,
    0xFA46, 1, 4646,
    0xFA47, 1, 4647,
    0xFA48, 1, 4648,
    0xFA49, 1, 4649,
    0xFA4A, 1, 4650,
    0xFA4B, 1, 4651,
    0xFA4C, 1, 4652,
    0xFA4D, 1, 4653,
    0xFA4E, 1, 4654,
    0xFA4F, 1, 4655,
    0xFA50, 1, 4656,
    0xFA51, 1, 4657,
    0xFA52, 1, 4658,
    0xFA53, 1, 4659,
    0xFA54, 1, 4660,
    0xFA55, 1, 4661,
    0xFA56, 1, 4662,
    0xFA57, 1, 4663,
    0xFA58, 1, 4664,
    0xFA59, 1, 4665,
    0xFA5A, 1, 4666,
    0xFA5B, 1, 4667,
    0xFA5C, 1, 4668,
    0xFA5D, 1, 4669,
    0xFA5E, 1, 4670,
    0xFA5F, 1, 4671,
    0xFA60, 1, 4672,
    0xFA61, 1, 4673,
    0xFA62, 1, 4674,
    0xFA63, 1, 4675,
    0xFA64, 1, 4676,
    0xFA65, 1, 4677,
    0xFA66, 1, 4678,
    0xFA67, 1, 4679,
    0xFA68, 1, 4680,
    0xFA69, 1, 4681,
    0xFA6A, 1, 4682,
    0xFA6B, 1, 4683,
    0xFA6C, 1, 4684,
    0xFA6D, 1, 4685,
    0xFA70, 1, 4686,
    0xFA71, 1, 4687,
    0xFA72, 1, 4688,
    0xFA73, 1, 4689,
    0xFA74, 1, 4690,
    0xFA75, 1, 4691,
    0xFA76, 1, 4692,
    0xFA77, 1, 4693,
    0xFA78, 1, 4694,
    0xFA79, 1, 4695,
    0xFA7A, 1, 4696,
    0xFA7B, 1, 4697,
    0xFA7C, 1, 4698,
    0xFA7D, 1, 4699,
    0xFA7E, 1, 4700,
    0xFA7F, 1, 4701,
    0xFA80, 1, 4702,
    0xFA81, 1, 4703,
    0xFA82, 1, 4704,
    0xFA83, 1, 4705,
    0xFA84, 1, 4706,
    0xFA85, 1, 4707,
    0xFA86, 1, 4708,
    0xFA87, 1, 4709,
    0xFA88, 1, 4710,
    0xFA89, 1, 4711,
    0xFA8A, 1, 4712,
    0xFA8B, 1, 4713,
    0xFA8C, 1, 4714,
    0xFA8D, 1, 4715,
    0xFA8E, 1, 4716,
    0xFA8F, 1, 4717,
    0xFA90, 1, 4718,
    0xFA91, 1, 4719,
    0xFA92, 1, 4720,
    0xFA93, 1, 4721,
    0xFA94, 1, 4722,
    0xFA95, 1, 4723,
    0xFA96, 1, 4724,
    0xFA97, 1, 4725,
    0xFA98, 1, 4726,
    0xFA99, 1, 4727,
    0xFA9A, 1, 4728,
    0xFA9B, 1, 4729,
    0xFA9C, 1, 4730,
    0xFA9D, 1, 4731,
    0xFA9E, 1, 4732,
    0xFA9F, 1, 4733,
    0xFAA0, 1, 4734,
    0xFAA1, 1, 4735,
    0xFAA2, 1, 4736,
    0xFAA3, 1, 4737,
    0xFAA4, 1, 4738,
    0xFAA5, 1, 4739,
    0xFAA6, 1, 4740,
    0xFAA7, 1, 4741,
    0xFAA8, 1, 4742,
    0xFAA9, 1, 4743,
    0xFAAA, 1, 4744,
    0xFAAB, 1, 4745,
    0xFAAC, 1, 4746,
    0xFAAD, 1, 4747,
    0xFAAE, 1, 4748,
    0xFAAF, 1, 4749,
    0xFAB0, 1, 4750,
    0xFAB1, 1, 4751,
    0xFAB2, 1, 4752,
    0xFAB3, 1, 4753,
    0xFAB4, 1, 4754,
    0xFAB5, 1, 4755,
    0xFAB6, 1, 4756,
    0xFAB7, 1, 4757,
    0xFAB8, 1, 4758,
    0xFAB9, 1, 4759,
    0xFABA, 1, 4760,
    0xFABB, 1, 4761,
    0xFABC, 1, 4762,
    0xFABD, 1, 4763,
    0xFABE, 1, 4764,
    0xFABF, 1, 4765,
    0xFAC0, 1, 4766,
    0xFAC1, 1, 4767,
    0xFAC2, 1, 4768,
    0xFAC3, 1, 4769,
    0xFAC4, 1, 4770,
    0xFAC5, 1, 4771,
    0xFAC6, 1, 4772,
    0xFAC7, 1, 4773,
    0xFAC8, 1, 4774,
    0xFAC9, 1, 4775,
    0xFACA, 1, 4776,
    0xFACB, 1, 4777,
    0xFACC, 1, 4778,
    0xFACD, 1, 4779,
    0xFACE, 1, 4780,
    0xFACF, 1, 4781,
    0xFAD0, 1, 4782,
    0xFAD1, 1, 4783,
    0xFAD2, 1, 4784,
    0xFAD3, 1, 4785,
    0xFAD4, 1, 4786,
    0xFAD5, 1, 4787,
    0xFAD6, 1, 4788,
    0xFAD7, 1, 4789,
    0xFAD8, 1, 4790,
    0xFAD9, 1, 4791,
    0xFB00, 130, 4792,
    0xFB01, 130, 4794,
    0xFB02, 130, 4796,
    0xFB03, 131, 4798,
    0xFB04, 131, 4801,
    0xFB05, 130, 4804,
    0xFB06, 130, 4806,
    0xFB13, 130, 4808,
    0xFB14, 130, 4810,
    0xFB15, 130, 4812,
    0xFB16, 130, 4814,
    0xFB17, 130, 4816,
    0xFB1D, 2, 4818,
    0xFB1F, 2, 4820,
    0xFB20, 129, 4822,
    0xFB21, 129, 4823,
    0xFB22, 129, 4824,
    0xFB23, 129, 4825,
    0xFB24, 129, 4826,
    0xFB25, 129, 4827,
    0xFB26, 129, 4828,
    0xFB27, 129, 4829,
    0xFB28, 129, 4830,
    0xFB29, 129, 4831,
    0xFB2A, 2, 4832,
    0xFB2B, 2, 4834,
    0xFB2C, 2, 4836,
    0xFB2D, 2, 4838,
    0xFB2E, 2, 4840,
    0xFB2F, 2, 4842,
    0xFB30, 2, 4844,
    0xFB31, 2, 4846,
    0xFB32, 2, 4848,
    0xFB33, 2, 4850,
    0xFB34, 2, 4852,
    0xFB35, 2, 4854,
    0xFB36, 2, 4856,
    0xFB38, 2, 4858,
    0xFB39, 2, 4860,
    0xFB3A, 2, 4862,
    0xFB3B, 2, 4864,
    0xFB3C, 2, 4866,
    0xFB3E, 2, 4868,
    0xFB40, 2, 4870,
    0xFB41, 2, 4872,
    0xFB43, 2, 4874,
    0xFB44, 2, 4876,
    0xFB46, 2, 4878,
    0xFB47, 2, 4880,
    0xFB48, 2, 4882,
    0xFB49, 2, 4884,
    0xFB4A, 2, 4886,
    0xFB4B, 2, 4888,
    0xFB4C, 2, 4890,
    0xFB4D, 2, 4892,
    0xFB4E, 2, 4894,
    0xFB4F, 130, 4896,
    0xFB50, 129, 4898,
    0xFB51, 129, 4899,
    0xFB52, 129, 4900,
    0xFB53, 129, 4901,
    0xFB54, 129, 4902,
    0xFB55, 129, 4903,
    0xFB56, 129, 4904,
    0xFB57, 129, 4905,
    0xFB58, 129, 4906,
    0xFB59, 129, 4907,
    0xFB5A, 129, 4908,
    0xFB5B, 129, 4909,
    0xFB5C, 129, 4910,
    0xFB5D, 129, 4911,
    0xFB5E, 129, 4912,
    0xFB5F, 129, 4913,
    0xFB60, 129, 4914,
    0xFB61, 129, 4915,
    0xFB62, 129, 4916,
    0xFB63, 129, 4917,
    0xFB64, 129, 4918,
    0xFB65, 129, 4919,
    0xFB66, 129, 4920,
    0xFB67, 129, 4921,
    0xFB68, 129, 4922,
    0xFB69, 129, 4923,
    0xFB6A, 129, 4924,
    0xFB6B, 129, 4925,
    0xFB6C, 129, 4926,
    0xFB6D, 129, 4927,
    0xFB6E, 129, 4928,
    0xFB6F, 129, 4929,
    0xFB70, 129, 4930,
    0xFB71, 129, 4931,
    0xFB72, 129, 4932,
    0xFB73, 129, 4933,
    0xFB74, 129, 4934,
    0xFB75, 129, 4935,
    0xFB76, 129, 4936,
    0xFB77, 129, 4937,
    0xFB78, 129, 4938,
    0xFB79, 129, 4939,
    0xFB7A, 129, 4940,
    0xFB7B, 129, 4941,
    0xFB7C, 129, 4942,
    0xFB7D, 129, 4943,
    0xFB7E, 129, 4944,
    0xFB7F, 129, 4945,
    0xFB80, 129, 4946,
    0xFB81, 129, 4947,
    0xFB82, 129, 4948,
    0xFB83, 129, 4949,
    0xFB84, 129, 4950,
    0xFB85, 129, 4951,
    0xFB86, 129, 4952,
    0xFB87, 129, 4953,
    0xFB88, 129, 4954,
    0xFB89, 129, 4955,
    0xFB8A, 129, 4956,
    0xFB8B, 129, 4957,
    0xFB8C, 129, 4958,
    0xFB8D, 129, 4959,
    0xFB8E, 129, 4960,
    0xFB8F, 129, 4961,
    0xFB90, 129, 4962,
    0xFB91, 129, 4963,
    0xFB92, 129, 4964,
    0xFB93, 129, 4965,
    0xFB94, 129, 4966,
    0xFB95, 129, 4967,
    0xFB96, 129, 4968,
    0xFB97, 129, 4969,
    0xFB98, 129, 4970,
    0xFB99, 129, 4971,
    0xFB9A, 129, 4972,
    0xFB9B, 129, 4973,
    0xFB9C, 129, 4974,
    0xFB9D, 129, 4975,
    0xFB9E, 129, 4976,
    0xFB9F, 129, 4977,
    0xFBA0, 129, 4978,
    0xFBA1, 129, 4979,
    0xFBA2, 129, 4980,
    0xFBA3, 129, 4981,
    0xFBA4, 129, 4982,
    0xFBA5, 129, 4983,
    0xFBA6, 129, 4984,
    0xFBA7, 129, 4985,
    0xFBA8, 129, 4986,
    0xFBA9, 129, 4987,
    0xFBAA, 129, 4988,
    0xFBAB, 129, 4989,
    0xFBAC, 129, 4990,
    0xFBAD, 129, 4991,
    0xFBAE, 129, 4992,
    0xFBAF, 129, 4993,
    0xFBB0, 129, 4994,
    0xFBB1, 129, 4995,
    0xFBD3, 129, 4996,
    0xFBD4, 129, 4997,
    0xFBD5, 129, 4998,
    0xFBD6, 129, 4999,
    0xFBD7, 129, 5000,
    0xFBD8, 129, 5001,
    0xFBD9, 129, 5002,
    0xFBDA, 129, 5003,
    0xFBDB, 129, 5004,
    0xFBDC, 129, 5005,
    0xFBDD, 129, 5006,
    0xFBDE, 129, 5007,
    0xFBDF, 129, 5008,
    0xFBE0, 129, 5009,
    0xFBE1, 129, 5010,
    0xFBE2, 129, 5011,
    0xFBE3, 129, 5012,
    0xFBE4, 129, 5013,
    0xFBE5, 129, 5014,
    0xFBE6, 129, 5015,
    0xFBE7, 129, 5016,
    0xFBE8, 129, 5017,
    0xFBE9, 129, 5018,
    0xFBEA, 130, 5019,
    0xFBEB, 130, 5021,
    0xFBEC, 130, 5023,
    0xFBED, 130, 5025,
    0xFBEE, 130, 5027,
    0xFBEF, 130, 5029,
    0xFBF0, 130, 5031,
    0xFBF1, 130, 5033,
    0xFBF2, 130, 5035,
    0xFBF3, 130, 5037,
    0xFBF4, 130, 5039,
    0xFBF5, 130, 5041,
    0xFBF6, 130, 5043,
    0xFBF7, 130, 5045,
    0xFBF8, 130, 5047,
    0xFBF9, 130, 5049,
    0xFBFA, 130, 5051,
    0xFBFB, 130, 5053,
    0xFBFC, 129, 5055,
    0xFBFD, 129, 5056,
    0xFBFE, 129, 5057,
    0xFBFF, 129, 5058,
    0xFC00, 130, 5059,
    0xFC01, 130, 5061,
    0xFC02, 130, 5063,
    0xFC03, 130, 5065,
    0xFC04, 130, 5067,
    0xFC05, 130, 5069,
    0xFC06, 130, 5071,
    0xFC07, 130, 5073,
    0xFC08, 130, 5075,
    0xFC09, 130, 5077,
    0xFC0A, 130, 5079,
    0xFC0B, 130, 5081,
    0xFC0C, 130, 5083,
    0xFC0D, 130, 5085,
    0xFC0E, 130, 5087,
    0xFC0F, 130, 5089,
    0xFC10, 130, 5091,
    0xFC11, 130, 5093,
    0xFC12, 130, 5095,
    0xFC13, 130, 5097,
    0xFC14, 130, 5099,
    0xFC15, 130, 5101,
    0xFC16, 130, 5103,
    0xFC17, 130, 5105,
    0xFC18, 130, 5107,
    0xFC19, 130, 5109,
    0xFC1A, 130, 5111,
    0xFC1B, 130, 5113,
    0xFC1C, 130, 5115,
    0xFC1D, 130, 5117,
    0xFC1E, 130, 5119,
    0xFC1F, 130, 5121,
    0xFC20, 130, 5123,
    0xFC21, 130, 5125,
    0xFC22, 130, 5127,
    0xFC23, 130, 5129,
    0xFC24, 130, 5131,
    0xFC25, 130, 5133,
    0xFC26, 130, 5135,
    0xFC27, 130, 5137,
    0xFC28, 130, 5139,
    0xFC29, 130, 5141,
    0xFC2A, 130, 5143,
    0xFC2B, 130, 5145,
    0xFC2C, 130, 5147,
    0xFC2D, 130, 5149,
    0xFC2E, 130, 5151,
    0xFC2F, 130, 5153,
    0xFC30, 130, 5155,
    0xFC31, 130, 5157,
    0xFC32, 130, 5159,
    0xFC33, 130, 5161,
    0xFC34, 130, 5163,
    0xFC35, 130, 5165,
    0xFC36, 130, 5167,
    0xFC37, 130, 5169,
    0xFC38, 130, 5171,
    0xFC39, 130, 5173,
    0xFC3A, 130, 5175,
    0xFC3B, 130, 5177,
    0xFC3C, 130, 5179,
    0xFC3D, 130, 5181,
    0xFC3E, 130, 5183,
    0xFC3F, 130, 5185,
    0xFC40, 130, 5187,
    0xFC41, 130, 5189,
    0xFC42, 130, 5191,
    0xFC43, 130, 5193,
    0xFC44, 130, 5195,
    0xFC45, 130, 5197,
    0xFC46, 130, 5199,
    0xFC47, 130, 5201,
    0xFC48, 130, 5203,
    0xFC49, 130, 5205,
    0xFC4A, 130, 5207,
    0xFC4B, 130, 5209,
    0xFC4C, 130, 5211,
    0xFC4D, 130, 5213,
    0xFC4E, 130, 5215,
    0xFC4F, 130, 5217,
    0xFC50, 130, 5219,
    0xFC51, 130, 5221,
    0xFC52, 130, 5223,
    0xFC53, 130, 5225,
    0xFC54, 130, 5227,
    0xFC55, 130, 5229,
    0xFC56, 130, 5231,
    0xFC57, 130, 5233,
    0xFC58, 130, 5235,
    0xFC59, 130, 5237,
    0xFC5A, 130, 5239,
    0xFC5B, 130, 5241,
    0xFC5C, 130, 5243,
    0xFC5D, 130, 5245,
    0xFC5E, 131, 5247,
    0xFC5F, 131, 5250,
    0xFC60, 131, 5253,
    0xFC61, 131, 5256,
    0xFC62, 131, 5259,
    0xFC63, 131, 5262,
    0xFC64, 130, 5265,
    0xFC65, 130, 5267,
    0xFC66, 130, 5269,
    0xFC67, 130, 5271,
    0xFC68, 130, 5273,
    0xFC69, 130, 5275,
    0xFC6A, 130, 5277,
    0xFC6B, 130, 5279,
    0xFC6C, 130, 5281,
    0xFC6D, 130, 5283,
    0xFC6E, 130, 5285,
    0xFC6F, 130, 5287,
    0xFC70, 130, 5289,
    0xFC71, 130, 5291,
    0xFC72, 130, 5293,
    0xFC73, 130, 5295,
    0xFC74, 130, 5297,
    0xFC75, 130, 5299,
    0xFC76, 130, 5301,
    0xFC77, 130, 5303,
    0xFC78, 130, 5305,
    0xFC79, 130, 5307,
    0xFC7A, 130, 5309,
    0xFC7B, 130, 5311,
    0xFC7C, 130, 5313,
    0xFC7D, 130, 5315,
    0xFC7E, 130, 5317,
    0xFC7F, 130, 5319,
    0xFC80, 130, 5321,
    0xFC81, 130, 5323,
    0xFC82, 130, 5325,
    0xFC83, 130, 5327,
    0xFC84, 130, 5329,
    0xFC85, 130, 5331,
    0xFC86, 130, 5333,
    0xFC87, 130, 5335,
    0xFC88, 130, 5337,
    0xFC89, 130, 5339,
    0xFC8A, 130, 5341,
    0xFC8B, 130, 5343,
    0xFC8C, 130, 5345,
    0xFC8D, 130, 5347,
    0xFC8E, 130, 5349,
    0xFC8F, 130, 5351,
    0xFC90, 130, 5353,
    0xFC91, 130, 5355,
    0xFC92, 130, 5357,
    0xFC93, 130, 5359,
    0xFC94, 130, 5361,
    0xFC95, 130, 5363,
    0xFC96, 130, 5365,
    0xFC97, 130, 5367,
    0xFC98, 130, 5369,
    0xFC99, 130, 5371,
    0xFC9A, 130, 5373,
    0xFC9B, 130, 5375,
    0xFC9C, 130, 5377,
    0xFC9D, 130, 5379,
    0xFC9E, 130, 5381,
    0xFC9F, 130, 5383,
    0xFCA0, 130, 5385,
    0xFCA1, 130, 5387,
    0xFCA2, 130, 5389,
    0xFCA3, 130, 5391,
    0xFCA4, 130, 5393,
    0xFCA5, 130, 5395,
    0xFCA6, 130, 5397,
    0xFCA7, 130, 5399,
    0xFCA8, 130, 5401,
    0xFCA9, 130, 5403,
    0xFCAA, 130, 5405,
    0xFCAB, 130, 5407,
    0xFCAC, 130, 5409,
    0xFCAD, 130, 5411,
    0xFCAE, 130, 5413,
    0xFCAF, 130, 5415,
    0xFCB0, 130, 5417,
    0xFCB1, 130, 5419,
    0xFCB2, 130, 5421,
    0xFCB3, 130, 5423,
    0xFCB4, 130, 5425,
    0xFCB5, 130, 5427,
    0xFCB6, 130, 5429,
    0xFCB7, 130, 5431,
    0xFCB8, 130, 5433,
    0xFCB9, 130, 5435,
    0xFCBA, 130, 5437,
    0xFCBB, 130, 5439,
    0xFCBC, 130, 5441,
    0xFCBD, 130, 5443,
    0xFCBE, 130, 5445,
    0xFCBF, 130, 5447,
    0xFCC0, 130, 5449,
    0xFCC1, 130, 5451,
    0xFCC2, 130, 5453,
    0xFCC3, 130, 5455,
    0xFCC4, 130, 5457,
    0xFCC5, 130, 5459,
    0xFCC6, 130, 5461,
    0xFCC7, 130, 5463,
    0xFCC8, 130, 5465,
    0xFCC9, 130, 5467,
    0xFCCA, 130, 5469,
    0xFCCB, 130, 5471,
    0xFCCC, 130, 5473,
    0xFCCD, 130, 5475,
    0xFCCE, 130, 5477,
    0xFCCF, 130, 5479,
    0xFCD0, 130, 5481,
    0xFCD1, 130, 5483,
    0xFCD2, 130, 5485,
    0xFCD3, 130, 5487,
    0xFCD4, 130, 5489,
    0xFCD5, 130, 5491,
    0xFCD6, 130, 5493,
    0xFCD7, 130, 5495,
    0xFCD8, 130, 5497,
    0xFCD9, 130, 5499,
    0xFCDA, 130, 5501,
    0xFCDB, 130, 5503,
    0xFCDC, 130, 5505,
    0xFCDD, 130, 5507,
    0xFCDE, 130, 5509,
    0xFCDF, 130, 5511,
    0xFCE0, 130, 5513,
    0xFCE1, 130, 5515,
    0xFCE2, 130, 5517,
    0xFCE3, 130, 5519,
    0xFCE4, 130, 5521,
    0xFCE5, 130, 5523,
    0xFCE6, 130, 5525,
    0xFCE7, 130, 5527,
    0xFCE8, 130, 5529,
    0xFCE9, 130, 5531,
    0xFCEA, 130, 5533,
    0xFCEB, 130, 5535,
    0xFCEC, 130, 5537,
    0xFCED, 130, 5539,
    0xFCEE, 130, 5541,
    0xFCEF, 130, 5543,
    0xFCF0, 130, 5545,
    0xFCF1, 130, 5547,
    0xFCF2, 131, 5549,
    0xFCF3, 131, 5552,
    0xFCF4, 131, 5555,
    0xFCF5, 130, 5558,
    0xFCF6, 130, 5560,
    0xFCF7, 130, 5562,
    0xFCF8, 130, 5564,
    0xFCF9, 130, 5566,
    0xFCFA, 130, 5568,
    0xFCFB, 130, 5570,
    0xFCFC, 130, 5572,
    0xFCFD, 130, 5574,
    0xFCFE, 130, 5576,
    0xFCFF, 130, 5578,
    0xFD00, 130, 5580,
    0xFD01, 130, 5582,
    0xFD02, 130, 5584,
    0xFD03, 130, 5586,
    0xFD04, 130, 5588,
    0xFD05, 130, 5590,
    0xFD06, 130, 5592,
    0xFD07, 130, 5594,
    0xFD08, 130, 5596,
    0xFD09, 130, 5598,
    0xFD0A, 130, 5600,
    0xFD0B, 130, 5602,
    0xFD0C, 130, 5604,
    0xFD0D, 130, 5606,
    0xFD0E, 130, 5608,
    0xFD0F, 130, 5610,
    0xFD10, 130, 5612,
    0xFD11, 130, 5614,
    0xFD12, 130, 5616,
    0xFD13, 130, 5618,
    0xFD14, 130, 5620,
    0xFD15, 130, 5622,
    0xFD16, 130, 5624,
    0xFD17, 130, 5626,
    0xFD18, 130, 5628,
    0xFD19, 130, 5630,
    0xFD1A, 130, 5632,
    0xFD1B, 130, 5634,
    0xFD1C, 130, 5636,
    0xFD1D, 130, 5638,
    0xFD1E, 130, 5640,
    0xFD1F, 130, 5642,
    0xFD20, 130, 5644,
    0xFD21, 130, 5646,
    0xFD22, 130, 5648,
    0xFD23, 130, 5650,
    0xFD24, 130, 5652,
    0xFD25, 130, 5654,
    0xFD26, 130, 5656,
    0xFD27, 130, 5658,
    0xFD28, 130, 5660,
    0xFD29, 130, 5662,
    0xFD2A, 130, 5664,
    0xFD2B, 130, 5666,
    0xFD2C, 130, 5668,
    0xFD2D, 130, 5670,
    0xFD2E, 130, 5672,
    0xFD2F, 130, 5674,
    0xFD30, 130, 5676,
    0xFD31, 130, 5678,
    0xFD32, 130, 5680,
    0xFD33, 130, 5682,
    0xFD34, 130, 5684,
    0xFD35, 130, 5686,
    0xFD36, 130, 5688,
    0xFD37, 130, 5690,
    0xFD38, 130, 5692,
    0xFD39, 130, 5694,
    0xFD3A, 130, 5696,
    0xFD3B, 130, 5698,
    0xFD3C, 130, 5700,
    0xFD3D, 130, 5702,
    0xFD50, 131, 5704,
    0xFD51, 131, 5707,
    0xFD52, 131, 5710,
    0xFD53, 131, 5713,
    0xFD54, 131, 5716,
    0xFD55, 131, 5719,
    0xFD56, 131, 5722,
    0xFD57, 131, 5725,
    0xFD58, 131, 5728,
    0xFD59, 131, 5731,
    0xFD5A, 131, 5734,
    0xFD5B, 131, 5737,
    0xFD5C, 131, 5740,
    0xFD5D, 131, 5743,
    0xFD5E, 131, 5746,
    0xFD5F, 131, 5749,
    0xFD60, 131, 5752,
    0xFD61, 131, 5755,
    0xFD62, 131, 5758,
    0xFD63, 131, 5761,
    0xFD64, 131, 5764,
    0xFD65, 131, 5767,
    0xFD66, 131, 5770,
    0xFD67, 131, 5773,
    0xFD68, 131, 5776,
    0xFD69, 131, 5779,
    0xFD6A, 131, 5782,
    0xFD6B, 131, 5785,
    0xFD6C, 131, 5788,
    0xFD6D, 131, 5791,
    0xFD6E, 131, 5794,
    0xFD6F, 131, 5797,
    0xFD70, 131, 5800,
    0xFD71, 131, 5803,
    0xFD72, 131, 5806,
    0xFD73, 131, 5809,
    0xFD74, 131, 5812,
    0xFD75, 131, 5815,
    0xFD76, 131, 5818,
    0xFD77, 131, 5821,
    0xFD78, 131, 5824,
    0xFD79, 131, 5827,
    0xFD7A, 131, 5830,
    0xFD7B, 131, 5833,
    0xFD7C, 131, 5836,
    0xFD7D, 131, 5839,
    0xFD7E, 131, 5842,
    0xFD7F, 131, 5845,
    0xFD80, 131, 5848,
    0xFD81, 131, 5851,
    0xFD82, 131, 5854,
    0xFD83, 131, 5857,
    0xFD84, 131, 5860,
    0xFD85, 131, 5863,
    0xFD86, 131, 5866,
    0xFD87, 131, 5869,
    0xFD88, 131, 5872,
    0xFD89, 131, 5875,
    0xFD8A, 131, 5878,
    0xFD8B, 131, 5881,
    0xFD8C, 131, 5884,
    0xFD8D, 131, 5887,
    0xFD8E, 131, 5890,
    0xFD8F, 131, 5893,
    0xFD92, 131, 5896,
    0xFD93, 131, 5899,
    0xFD94, 131, 5902,
    0xFD95, 131, 5905,
    0xFD96, 131, 5908,
    0xFD97, 131, 5911,
    0xFD98, 131, 5914,
    0xFD99, 131, 5917,
    0xFD9A, 131, 5920,
    0xFD9B, 131, 5923,
    0xFD9C, 131, 5926,
    0xFD9D, 131, 5929,
    0xFD9E, 131, 5932,
    0xFD9F, 131, 5935,
    0xFDA0, 131, 5938,
    0xFDA1, 131, 5941,
    0xFDA2, 131, 5944,
    0xFDA3, 131, 5947,
    0xFDA4, 131, 5950,
    0xFDA5, 131, 5953,
    0xFDA6, 131, 5956,
    0xFDA7, 131, 5959,
    0xFDA8, 131, 5962,
    0xFDA9, 131, 5965,
    0xFDAA, 131, 5968,
    0xFDAB, 131, 5971,
    0xFDAC, 131, 5974,
    0xFDAD, 131, 5977,
    0xFDAE, 131, 5980,
    0xFDAF, 131, 5983,
    0xFDB0, 131, 5986,
    0xFDB1, 131, 5989,
    0xFDB2, 131, 5992,
    0xFDB3, 131, 5995,
    0xFDB4, 131, 5998,
    0xFDB5, 131, 6001,
    0xFDB6, 131, 6004,
    0xFDB7, 131, 6007,
    0xFDB8, 131, 6010,
    0xFDB9, 131, 6013,
    0xFDBA, 131, 6016,
    0xFDBB, 131, 6019,
    0xFDBC, 131, 6022,
    0xFDBD, 131, 6025,
    0xFDBE, 131, 6028,
    0xFDBF, 131, 6031,
    0xFDC0, 131, 6034,
    0xFDC1, 131, 6037,
    0xFDC2, 131, 6040,
    0xFDC3, 131, 6043,
    0xFDC4, 131, 6046,
    0xFDC5, 131, 6049,
    0xFDC6, 131, 6052,
    0xFDC7, 131, 6055,
    0xFDF0, 131, 6058,
    0xFDF1, 131, 6061,
    0xFDF2, 132, 6064,
    0xFDF3, 132, 6068,
    0xFDF4, 132, 6072,
    0xFDF5, 132, 6076,
    0xFDF6, 132, 6080,
    0xFDF7, 132, 6084,
    0xFDF8, 132, 6088,
    0xFDF9, 131, 6092,
    0xFDFA, 146, 6095,
    0xFDFB, 136, 6113,
    0xFDFC, 132, 6121,
    0xFE10, 129, 6125,
    0xFE11, 129, 6126,
    0xFE12, 129, 6127,
    0xFE13, 129, 6128,
    0xFE14, 129, 6129,
    0xFE15, 129, 6130,
    0xFE16, 129, 6131,
    0xFE17, 129, 6132,
    0xFE18, 129, 6133,
    0xFE19, 129, 6134,
    0xFE30, 129, 6135,
    0xFE31, 129, 6136,
    0xFE32, 129, 6137,
    0xFE33, 129, 6138,
    0xFE34, 129, 6139,
    0xFE35, 129, 6140,
    0xFE36, 129, 6141,
    0xFE37, 129, 6142,
    0xFE38, 129, 6143,
    0xFE39, 129, 6144,
    0xFE3A, 129, 6145,
    0xFE3B, 129, 6146,
    0xFE3C, 129, 6147,
    0xFE3D, 129, 6148,
    0xFE3E, 129, 6149,
    0xFE3F, 129, 6150,
    0xFE40, 129, 6151,
    0xFE41, 129, 6152,
    0xFE42, 129, 6153,
    0xFE43, 129, 6154,
    0xFE44, 129, 6155,
    0xFE47, 129, 6156,
    0xFE48, 129, 6157,
    0xFE49, 129, 6158,
    0xFE4A, 129, 6159,
    0xFE4B, 129, 6160,
    0xFE4C, 129, 6161,
    0xFE4D, 129, 6162,
    0xFE4E, 129, 6163,
    0xFE4F, 129, 6164,
    0xFE50, 129, 6165,
    0xFE51, 129, 6166,
    0xFE52, 129, 6167,
    0xFE54, 129, 6168,
    0xFE55, 129, 6169,
    0xFE56, 129, 6170,
    0xFE57, 129, 6171,
    0xFE58, 129, 6172,
    0xFE59, 129, 6173,
    0xFE5A, 129, 6174,
    0xFE5B, 129, 6175,
    0xFE5C, 129, 6176,
    0xFE5D, 129, 6177,
    0xFE5E, 129, 6178,
    0xFE5F, 129, 6179,
    0xFE60, 129, 6180,
    0xFE61, 129, 6181,
    0xFE62, 129, 6182,
    0xFE63, 129, 6183,
    0xFE64, 129, 6184,
    0xFE65, 129, 6185,
    0xFE66, 129, 6186,
    0xFE68, 129, 6187,
    0xFE69, 129, 6188,
    0xFE6A, 129, 6189,
    0xFE6B, 129, 6190,
    0xFE70, 130, 6191,
    0xFE71, 130, 6193,
    0xFE72, 130, 6195,
    0xFE74, 130, 6197,
    0xFE76, 130, 6199,
    0xFE77, 130, 6201,
    0xFE78, 130, 6203,
    0xFE79, 130, 6205,
    0xFE7A, 130, 6207,
    0xFE7B, 130, 6209,
    0xFE7C, 130, 6211,
    0xFE7D, 130, 6213,
    0xFE7E, 130, 6215,
    0xFE7F, 130, 6217,
    0xFE80, 129, 6219,
    0xFE81, 129, 6220,
    0xFE82, 129, 6221,
    0xFE83, 129, 6222,
    0xFE84, 129, 6223,
    0xFE85, 129, 6224,
    0xFE86, 129, 6225,
    0xFE87, 129, 6226,
    0xFE88, 129, 6227,
    0xFE89, 129, 6228,
    0xFE8A, 129, 6229,
    0xFE8B, 129, 6230,
    0xFE8C, 129, 6231,
    0xFE8D, 129, 6232,
    0xFE8E, 129, 6233,
    0xFE8F, 129, 6234,
    0xFE90, 129, 6235,
    0xFE91, 129, 6236,
    0xFE92, 129, 6237,
    0xFE93, 129, 6238,
    0xFE94, 129, 6239,
    0xFE95, 129, 6240,
    0xFE96, 129, 6241,
    0xFE97, 129, 6242,
    0xFE98, 129, 6243,
    0xFE99, 129, 6244,
    0xFE9A, 129, 6245,
    0xFE9B, 129, 6246,
    0xFE9C, 129, 6247,
    0xFE9D, 129, 6248,
    0xFE9E, 129, 6249,
    0xFE9F, 129, 6250,
    0xFEA0, 129, 6251,
    0xFEA1, 129, 6252,
    0xFEA2, 129, 6253,
    0xFEA3, 129, 6254,
    0xFEA4, 129, 6255,
    0xFEA5, 129, 6256,
    0xFEA6, 129, 6257,
    0xFEA7, 129, 6258,
    0xFEA8, 129, 6259,
    0xFEA9, 129, 6260,
    0xFEAA, 129, 6261,
    0xFEAB, 129, 6262,
    0xFEAC, 129, 6263,
    0xFEAD, 129, 6264,
    0xFEAE, 129, 6265,
    0xFEAF, 129, 6266,
    0xFEB0, 129, 6267,
    0xFEB1, 129, 6268,
    0xFEB2, 129, 6269,
    0xFEB3, 129, 6270,
    0xFEB4, 129, 6271,
    0xFEB5, 129, 6272,
    0xFEB6, 129, 6273,
    0xFEB7, 129, 6274,
    0xFEB8, 129, 6275,
    0xFEB9, 129, 6276,
    0xFEBA, 129, 6277,
    0xFEBB, 129, 6278,
    0xFEBC, 129, 6279,
    0xFEBD, 129, 6280,
    0xFEBE, 129, 6281,
    0xFEBF, 129, 6282,
    0xFEC0, 129, 6283,
    0xFEC1, 129, 6284,
    0xFEC2, 129, 6285,
    0xFEC3, 129, 6286,
    0xFEC4, 129, 6287,
    0xFEC5, 129, 6288,
    0xFEC6, 129, 6289,
    0xFEC7, 129, 6290,
    0xFEC8, 129, 6291,
    0xFEC9, 129, 6292,
    0xFECA, 129, 6293,
    0xFECB, 129, 6294,
    0xFECC, 129, 6295,
    0xFECD, 129, 6296,
    0xFECE, 129, 6297,
    0xFECF, 129, 6298,
    0xFED0, 129, 6299,
    0xFED1, 129, 6300,
    0xFED2, 129, 6301,
    0xFED3, 129, 6302,
    0xFED4, 129, 6303,
    0xFED5, 129, 6304,
    0xFED6, 129, 6305,
    0xFED7, 129, 6306,
    0xFED8, 129, 6307,
    0xFED9, 129, 6308,
    0xFEDA, 129, 6309,
    0xFEDB, 129, 6310,
    0xFEDC, 129, 6311,
    0xFEDD, 129, 6312,
    0xFEDE, 129, 6313,
    0xFEDF, 129, 6314,
    0xFEE0, 129, 6315,
    0xFEE1, 129, 6316,
    0xFEE2, 129, 6317,
    0xFEE3, 129, 6318,
    0xFEE4, 129, 6319,
    0xFEE5, 129, 6320,
    0xFEE6, 129, 6321,
    0xFEE7, 129, 6322,
    0xFEE8, 129, 6323,
    0xFEE9, 129, 6324,
    0xFEEA, 129, 6325,
    0xFEEB, 129, 6326,
    0xFEEC, 129, 6327,
    0xFEED, 129, 6328,
    0xFEEE, 129, 6329,
    0xFEEF, 129, 6330,
    0xFEF0, 129, 6331,
    0xFEF1, 129, 6332,
    0xFEF2, 129, 6333,
    0xFEF3, 129, 6334,
    0xFEF4, 129, 6335,
    0xFEF5, 130, 6336,
    0xFEF6, 130, 6338,
    0xFEF7, 130, 6340,
    0xFEF8, 130, 6342,
    0xFEF9, 130, 6344,
    0xFEFA, 130, 6346,
    0xFEFB, 130, 6348,
    0xFEFC, 130, 6350,
    0xFF01, 129, 6352,
    0xFF02, 129, 6353,
    0xFF03, 129, 6354,
    0xFF04, 129, 6355,
    0xFF05, 129, 6356,
    0xFF06, 129, 6357,
    0xFF07, 129, 6358,
    0xFF08, 129, 6359,
    0xFF09, 129, 6360,
    0xFF0A, 129, 6361,
    0xFF0B, 129, 6362,
    0xFF0C, 129, 6363,
    0xFF0D, 129, 6364,
    0xFF0E, 129, 6365,
    0xFF0F, 129, 6366,
    0xFF10, 129, 6367,
    0xFF11, 129, 6368,
    0xFF12, 129, 6369,
    0xFF13, 129, 6370,
    0xFF14, 129, 6371,
    0xFF15, 129, 6372,
    0xFF16, 129, 6373,
    0xFF17, 129, 6374,
    0xFF18, 129, 6375,
    0xFF19, 129, 6376,
    0xFF1A, 129, 6377,
    0xFF1B, 129, 6378,
    0xFF1C, 129, 6379,
    0xFF1D, 129, 6380,
    0xFF1E, 129, 6381,
    0xFF1F, 129, 6382,
    0xFF20, 129, 6383,
    0xFF21, 129, 6384,
    0xFF22, 129, 6385,
    0xFF23, 129, 6386,
    0xFF24, 129, 6387,
    0xFF25, 129, 6388,
    0xFF26, 129, 6389,
    0xFF27, 129, 6390,
    0xFF28, 129, 6391,
    0xFF29, 129, 6392,
    0xFF2A, 129, 6393,
    0xFF2B, 129, 6394,
    0xFF2C, 129, 6395,
    0xFF2D, 129, 6396,
    0xFF2E, 129, 6397,
    0xFF2F, 129, 6398,
    0xFF30, 129, 6399,
    0xFF31, 129, 6400,
    0xFF32, 129, 6401,
    0xFF33, 129, 6402,
    0xFF34, 129, 6403,
    0xFF35, 129, 6404,
    0xFF36, 129, 6405,
    0xFF37, 129, 6406,
    0xFF38, 129, 6407,
    0xFF39, 129, 6408,
    0xFF3A, 129, 6409,
    0xFF3B, 129, 6410,
    0xFF3C, 129, 6411,
    0xFF3D, 129, 6412,
    0xFF3E, 129, 6413,
    0xFF3F, 129, 6414,
    0xFF40, 129, 6415,
    0xFF41, 129, 6416,
    0xFF42, 129, 6417,
    0xFF43, 129, 6418,
    0xFF44, 129, 6419,
    0xFF45, 129, 6420,
    0xFF46, 129, 6421,
    0xFF47, 129, 6422,
    0xFF48, 129, 6423,
    0xFF49, 129, 6424,
    0xFF4A, 129, 6425,
    0xFF4B, 129, 6426,
    0xFF4C, 129, 6427,
    0xFF4D, 129, 6428,
    0xFF4E, 129, 6429,
    0xFF4F, 129, 6430,
    0xFF50, 129, 6431,
    0xFF51, 129, 6432,
    0xFF52, 129, 6433,
    0xFF53, 129, 6434,
    0xFF54, 129, 6435,
    0xFF55, 129, 6436,
    0xFF56, 129, 6437,
    0xFF57, 129, 6438,
    0xFF58, 129, 6439,
    0xFF59, 129, 6440,
    0xFF5A, 129, 6441,
    0xFF5B, 129, 6442,
    0xFF5C, 129, 6443,
    0xFF5D, 129, 6444,
    0xFF5E, 129, 6445,
    0xFF5F, 129, 6446,
    0xFF60, 129, 6447,
    0xFF61, 129, 6448,
    0xFF62, 129, 6449,
    0xFF63, 129, 6450,
    0xFF64, 129, 6451,
    0xFF65, 129, 6452,
    0xFF66, 129, 6453,
    0xFF67, 129, 6454,
    0xFF68, 129, 6455,
    0xFF69, 129, 6456,
    0xFF6A, 129, 6457,
    0xFF6B, 129, 6458,
    0xFF6C, 129, 6459,
    0xFF6D, 129, 6460,
    0xFF6E, 129, 6461,
    0xFF6F, 129, 6462,
    0xFF70, 129, 6463,
    0xFF71, 129, 6464,
    0xFF72, 129, 6465,
    0xFF73, 129, 6466,
    0xFF74, 129, 6467,
    0xFF75, 129, 6468,
    0xFF76, 129, 6469,
    0xFF77, 129, 6470,
    0xFF78, 129, 6471,
    0xFF79, 129, 6472,
    0xFF7A, 129, 6473,
    0xFF7B, 129, 6474,
    0xFF7C, 129, 6475,
    0xFF7D, 129, 6476,
    0xFF7E, 129, 6477,
    0xFF7F, 129, 6478,
    0xFF80, 129, 6479,
    0xFF81, 129, 6480,
    0xFF82, 129, 6481,
    0xFF83, 129, 6482,
    0xFF84, 129, 6483,
    0xFF85, 129, 6484,
    0xFF86, 129, 6485,
    0xFF87, 129, 6486,
    0xFF88, 129, 6487,
    0xFF89, 129, 6488,
    0xFF8A, 129, 6489,
    0xFF8B, 129, 6490,
    0xFF8C, 129, 6491,
    0xFF8D, 129, 6492,
    0xFF8E, 129, 6493,
    0xFF8F, 129, 6494,
    0xFF90, 129, 6495,
    0xFF91, 129, 6496,
    0xFF92, 129, 6497,
    0xFF93, 129, 6498,
    0xFF94, 129, 6499,
    0xFF95, 129, 6500,
    0xFF96, 129, 6501,
    0xFF97, 129, 6502,
    0xFF98, 129, 6503,
    0xFF99, 129, 6504,
    0xFF9A, 129, 6505,
    0xFF9B, 129, 6506,
    0xFF9C, 129, 6507,
    0xFF9D, 129, 6508,
    0xFF9E, 129, 6509,
    0xFF9F, 129, 6510,
    0xFFA0, 129, 6511,
    0xFFA1, 129, 6512,
    0xFFA2, 129, 6513,
    0xFFA3, 129, 6514,
    0xFFA4, 129, 6515,
    0xFFA5, 129, 6516,
    0xFFA6, 129, 6517,
    0xFFA7, 129, 6518,
    0xFFA8, 129, 6519,
    0xFFA9, 129, 6520,
    0xFFAA, 129, 6521,
    0xFFAB, 129, 6522,
    0xFFAC, 129, 6523,
    0xFFAD, 129, 6524,
    0xFFAE, 129, 6525,
    0xFFAF, 129, 6526,
    0xFFB0, 129, 6527,
    0xFFB1, 129, 6528,
    0xFFB2, 129, 6529,
    0xFFB3, 129, 6530,
    0xFFB4, 129, 6531,
    0xFFB5, 129, 6532,
    0xFFB6, 129, 6533,
    0xFFB7, 129, 6534,
    0xFFB8, 129, 6535,
    0xFFB9, 129, 6536,
    0xFFBA, 129, 6537,
    0xFFBB, 129, 6538,
    0xFFBC, 129, 6539,
    0xFFBD, 129, 6540,
    0xFFBE, 129, 6541,
    0xFFC2, 129, 6542,
    0xFFC3, 129, 6543,
    0xFFC4, 129, 6544,
    0xFFC5, 129, 6545,
    0xFFC6, 129, 6546,
    0xFFC7, 129, 6547,
    0xFFCA, 129, 6548,
    0xFFCB, 129, 6549,
    0xFFCC, 129, 6550,
    0xFFCD, 129, 6551,
    0xFFCE, 129, 6552,
    0xFFCF, 129, 6553,
    0xFFD2, 129, 6554,
    0xFFD3, 129, 6555,
    0xFFD4, 129, 6556,
    0xFFD5, 129, 6557,
    0xFFD6, 129, 6558,
    0xFFD7, 129, 6559,
    0xFFDA, 129, 6560,
    0xFFDB, 129, 6561,
    0xFFDC, 129, 6562,
    0xFFE0, 129, 6563,
    0xFFE1, 129, 6564,
    0xFFE2, 129, 6565,
    0xFFE3, 129, 6566,
    0xFFE4, 129, 6567,
    0xFFE5, 129, 6568,
    0xFFE6, 129, 6569,
    0xFFE8, 129, 6570,
    0xFFE9, 129, 6571,
    0xFFEA, 129, 6572,
    0xFFEB, 129, 6573,
    0xFFEC, 129, 6574,
    0xFFED, 129, 6575,
    0xFFEE, 129, 6576,
    0x105C9, 2, 6577,
    0x105E4, 2, 6579,
    0x10781, 129, 6581,
    0x10782, 129, 6582,
    0x10783, 129, 6583,
    0x10784, 129, 6584,
    0x10785, 129, 6585,
    0x10787, 129, 6586,
    0x10788, 129, 6587,
    0x10789, 129, 6588,
    0x1078A, 129, 6589,
    0x1078B, 129, 6590,
    0x1078C, 129, 6591,
    0x1078D, 129, 6592,
    0x1078E, 129, 6593,
    0x1078F, 129, 6594,
    0x10790, 129, 6595,
    0x10791, 129, 6596,
    0x10792, 129, 6597,
    0x10793, 129, 6598,
    0x10794, 129, 6599,
    0x10795, 129, 6600,
    0x10796, 129, 6601,
    0x10797, 129, 6602,
    0x10798, 129, 6603,
    0x10799, 129, 6604,
    0x1079A, 129, 6605,
    0x1079B, 129, 6606,
    0x1079C, 129, 6607,
    0x1079D, 129, 6608,
    0x1079E, 129, 6609,
    0x1079F, 129, 6610,
    0x107A0, 129, 6611,
    0x107A1, 129, 6612,
    0x107A2, 129, 6613,
    0x107A3, 129, 6614,
    0x107A4, 129, 6615,
    0x107A5, 129, 6616,
    0x107A6, 129, 6617,
    0x107A7, 129, 6618,
    0x107A8, 129, 6619,
    0x107A9, 129, 6620,
    0x107AA, 129, 6621,
    0x107AB, 129, 6622,
    0x107AC, 129, 6623,
    0x107AD, 129, 6624,
    0x107AE, 129, 6625,
    0x107AF, 129, 6626,
    0x107B0, 129, 6627,
    0x107B2, 129, 6628,
    0x107B3, 129, 6629,
    0x107B4, 129, 6630,
    0x107B5, 129, 6631,
    0x107B6, 129, 6632,
    0x107B7, 129, 6633,
    0x107B8, 129, 6634,
    0x107B9, 129, 6635,
    0x107BA, 129, 6636,
    0x107BB, 129, 6637,
    0x107BC, 129, 6638,
    0x107BD, 129, 6639,
    0x107BE, 129, 6640,
    0x107BF, 129, 6641,
    0x1109A, 2, 6642,
    0x1109C, 2, 6644,
    0x110AB, 2, 6646,
    0x1112E, 2, 6648,
    0x1112F, 2, 6650,
    0x1134B, 2, 6652,
    0x1134C, 2, 6654,
    0x11383, 2, 6656,
    0x11385, 2, 6658,
    0x1138E, 2, 6660,
    0x11391, 2, 6662,
    0x113C5, 2, 6664,
    0x113C7, 2, 6666,
    0x113C8, 2, 6668,
    0x114BB, 2, 6670,
    0x114BC, 2, 6672,
    0x114BE, 2, 6674,
    0x115BA, 2, 6676,
    0x115BB, 2, 6678,
    0x11938, 2, 6680,
    0x16121, 2, 6682,
    0x16122, 2, 6684,
    0x16123, 2, 6686,
    0x16124, 2, 6688,
    0x16125, 2, 6690,
    0x16126, 2, 6692,
    0x16127, 2, 6694,
    0x16128, 2, 6696,
    0x16D68, 2, 6698,
    0x16D69, 2, 6700,
    0x16D6A, 2, 6702,
    0x1B123, 130, 6704,
    0x1B124, 130, 6706,
    0x1B125, 130, 6708,
    0x1B126, 130, 6710,
    0x1CCD6, 129, 6712,
    0x1CCD7, 129, 6713,
    0x1CCD8, 129, 6714,
    0x1CCD9, 129, 6715,
    0x1CCDA, 129, 6716,
    0x1CCDB, 129, 6717,
    0x1CCDC, 129, 6718,
    0x1CCDD, 129, 6719,
    0x1CCDE, 129, 6720,
    0x1CCDF, 129, 6721,
    0x1CCE0, 129, 6722,
    0x1CCE1, 129, 6723,
    0x1CCE2, 129, 6724,
    0x1CCE3, 129, 6725,
    0x1CCE4, 129, 6726,
    0x1CCE5, 129, 6727,
    0x1CCE6, 129, 6728,
    0x1CCE7, 129, 6729,
    0x1CCE8, 129, 6730,
    0x1CCE9, 129, 6731,
    0x1CCEA, 129, 6732,
    0x1CCEB, 129, 6733,
    0x1CCEC, 129, 6734,
    0x1CCED, 129, 6735,
    0x1CCEE, 129, 6736,
    0x1CCEF, 129, 6737,
    0x1CCF0, 129, 6738,
    0x1CCF1, 129, 6739,
    0x1CCF2, 129, 6740,
    0x1CCF3, 129, 6741,
    0x1CCF4, 129, 6742,
    0x1CCF5, 129, 6743,
    0x1CCF6, 129, 6744,
    0x1CCF7, 129, 6745,
    0x1CCF8, 129, 6746,
    0x1CCF9, 129, 6747,
    0x1D15E, 2, 6748,
    0x1D15F, 2, 6750,
    0x1D160, 2, 6752,
    0x1D161, 2, 6754,
    0x1D162, 2, 6756,
    0x1D163, 2, 6758,
    0x1D164, 2, 6760,
    0x1D1BB, 2, 6762,
    0x1D1BC, 2, 6764,
    0x1D1BD, 2, 6766,
    0x1D1BE, 2, 6768,
    0x1D1BF, 2, 6770,
    0x1D1C0, 2, 6772,
    0x1D400, 129, 6774,
    0x1D401, 129, 6775,
    0x1D402, 129, 6776,
    0x1D403, 129, 6777,
    0x1D404, 129, 6778,
    0x1D405, 129, 6779,
    0x1D406, 129, 6780,
    0x1D407, 129, 6781,
    0x1D408, 129, 6782,
    0x1D409, 129, 6783,
    0x1D40A, 129, 6784,
    0x1D40B, 129, 6785,
    0x1D40C, 129, 6786,
    0x1D40D, 129, 6787,
    0x1D40E, 129, 6788,
    0x1D40F, 129, 6789,
    0x1D410, 129, 6790,
    0x1D411, 129, 6791,
    0x1D412, 129, 6792,
    0x1D413, 129, 6793,
    0x1D414, 129, 6794,
    0x1D415, 129, 6795,
    0x1D416, 129, 6796,
    0x1D417, 129, 6797,
    0x1D418, 129, 6798,
    0x1D419, 129, 6799,
    0x1D41A, 129, 6800,
    0x1D41B, 129, 6801,
    0x1D41C, 129, 6802,
    0x1D41D, 129, 6803,
    0x1D41E, 129, 6804,
    0x1D41F, 129, 6805,
    0x1D420, 129, 6806,
    0x1D421, 129, 6807,
    0x1D422, 129, 6808,
    0x1D423, 129, 6809,
    0x1D424, 129, 6810,
    0x1D425, 129, 6811,
    0x1D426, 129, 6812,
    0x1D427, 129, 6813,
    0x1D428, 129, 6814,
    0x1D429, 129, 6815,
    0x1D42A, 129, 6816,
    0x1D42B, 129, 6817,
    0x1D42C, 129, 6818,
    0x1D42D, 129, 6819,
    0x1D42E, 129, 6820,
    0x1D42F, 129, 6821,
    0x1D430, 129, 6822,
    0x1D431, 129, 6823,
    0x1D432, 129, 6824,
    0x1D433, 129, 6825,
    0x1D434, 129, 6826,
    0x1D435, 129, 6827,
    0x1D436, 129, 6828,
    0x1D437, 129, 6829,
    0x1D438, 129, 6830,
    0x1D439, 129, 6831,
    0x1D43A, 129, 6832,
    0x1D43B, 129, 6833,
    0x1D43C, 129, 6834,
    0x1D43D, 129, 6835,
    0x1D43E, 129, 6836,
    0x1D43F, 129, 6837,
    0x1D440, 129, 6838,
    0x1D441, 129, 6839,
    0x1D442, 129, 6840,
    0x1D443, 129, 6841,
    0x1D444, 129, 6842,
    0x1D445, 129, 6843,
    0x1D446, 129, 6844,
    0x1D447, 129, 6845,
    0x1D448, 129, 6846,
    0x1D449, 129, 6847,
    0x1D44A, 129, 6848,
    0x1D44B, 129, 6849,
    0x1D44C, 129, 6850,
    0x1D44D, 129, 6851,
    0x1D44E, 129, 6852,
    0x1D44F, 129, 6853,
    0x1D450, 129, 6854,
    0x1D451, 129, 6855,
    0x1D452, 129, 6856,
    0x1D453, 129, 6857,
    0x1D454, 129, 6858,
    0x1D456, 129, 6859,
    0x1D457, 129, 6860,
    0x1D458, 129, 6861,
    0x1D459, 129, 6862,
    0x1D45A, 129, 6863,
    0x1D45B, 129, 6864,
    0x1D45C, 129, 6865,
    0x1D45D, 129, 6866,
    0x1D45E, 129, 6867,
    0x1D45F, 129, 6868,
    0x1D460, 129, 6869,
    0x1D461, 129, 6870,
    0x1D462, 129, 6871,
    0x1D463, 129, 6872,
    0x1D464, 129, 6873,
    0x1D465, 129, 6874,
    0x1D466, 129, 6875,
    0x1D467, 129, 6876,
    0x1D468, 129, 6877,
    0x1D469, 129, 6878,
    0x1D46A, 129, 6879,
    0x1D46B, 129, 6880,
    0x1D46C, 129, 6881,
    0x1D46D, 129, 6882,
    0x1D46E, 129, 6883,
    0x1D46F, 129, 6884,
    0x1D470, 129, 6885,
    0x1D471, 129, 6886,
    0x1D472, 129, 6887,
    0x1D473, 129, 6888,
    0x1D474, 129, 6889,
    0x1D475, 129, 6890,
    0x1D476, 129, 6891,
    0x1D477, 129, 6892,
    0x1D478, 129, 6893,
    0x1D479, 129, 6894,
    0x1D47A, 129, 6895,
    0x1D47B, 129, 6896,
    0x1D47C, 129, 6897,
    0x1D47D, 129, 6898,
    0x1D47E, 129, 6899,
    0x1D47F, 129, 6900,
    0x1D480, 129, 6901,
    0x1D481, 129, 6902,
    0x1D482, 129, 6903,
    0x1D483, 129, 6904,
    0x1D484, 129, 6905,
    0x1D485, 129, 6906,
    0x1D486, 129, 6907,
    0x1D487, 129, 6908,
    0x1D488, 129, 6909,
    0x1D489, 129, 6910,
    0x1D48A, 129, 6911,
    0x1D48B, 129, 6912,
    0x1D48C, 129, 6913,
    0x1D48D, 129, 6914,
    0x1D48E, 129, 6915,
    0x1D48F, 129, 6916,
    0x1D490, 129, 6917,
    0x1D491, 129, 6918,
    0x1D492, 129, 6919,
    0x1D493, 129, 6920,
    0x1D494, 129, 6921,
    0x1D495, 129, 6922,
    0x1D496, 129, 6923,
    0x1D497, 129, 6924,
    0x1D498, 129, 6925,
    0x1D499, 129, 6926,
    0x1D49A, 129, 6927,
    0x1D49B, 129, 6928,
    0x1D49C, 129, 6929,
    0x1D49E, 129, 6930,
    0x1D49F, 129, 6931,
    0x1D4A2, 129, 6932,
    0x1D4A5, 129, 6933,
    0x1D4A6, 129, 6934,
    0x1D4A9, 129, 6935,
    0x1D4AA, 129, 6936,
    0x1D4AB, 129, 6937,
    0x1D4AC, 129, 6938,
    0x1D4AE, 129, 6939,
    0x1D4AF, 129, 6940,
    0x1D4B0, 129, 6941,
    0x1D4B1, 129, 6942,
    0x1D4B2, 129, 6943,
    0x1D4B3, 129, 6944,
    0x1D4B4, 129, 6945,
    0x1D4B5, 129, 6946,
    0x1D4B6, 129, 6947,
    0x1D4B7, 129, 6948,
    0x1D4B8, 129, 6949,
    0x1D4B9, 129, 6950,
    0x1D4BB, 129, 6951,
    0x1D4BD, 129, 6952,
    0x1D4BE, 129, 6953,
    0x1D4BF, 129, 6954,
    0x1D4C0, 129, 6955,
    0x1D4C1, 129, 6956,
    0x1D4C2, 129, 6957,
    0x1D4C3, 129, 6958,
    0x1D4C5, 129, 6959,
    0x1D4C6, 129, 6960,
    0x1D4C7, 129, 6961,
    0x1D4C8, 129, 6962,
    0x1D4C9, 129, 6963,
    0x1D4CA, 129, 6964,
    0x1D4CB, 129, 6965,
    0x1D4CC, 129, 6966,
    0x1D4CD, 129, 6967,
    0x1D4CE, 129, 6968,
    0x1D4CF, 129, 6969,
    0x1D4D0, 129, 6970,
    0x1D4D1, 129, 6971,
    0x1D4D2, 129, 6972,
    0x1D4D3, 129, 6973,
    0x1D4D4, 129, 6974,
    0x1D4D5, 129, 6975,
    0x1D4D6, 129, 6976,
    0x1D4D7, 129, 6977,
    0x1D4D8, 129, 6978,
    0x1D4D9, 129, 6979,
    0x1D4DA, 129, 6980,
    0x1D4DB, 129, 6981,
    0x1D4DC, 129, 6982,
    0x1D4DD, 129, 6983,
    0x1D4DE, 129, 6984,
    0x1D4DF, 129, 6985,
    0x1D4E0, 129, 6986,
    0x1D4E1, 129, 6987,
    0x1D4E2, 129, 6988,
    0x1D4E3, 129, 6989,
    0x1D4E4, 129, 6990,
    0x1D4E5, 129, 6991,
    0x1D4E6, 129, 6992,
    0x1D4E7, 129, 6993,
    0x1D4E8, 129, 6994,
    0x1D4E9, 129, 6995,
    0x1D4EA, 129, 6996,
    0x1D4EB, 129, 6997,
    0x1D4EC, 129, 6998,
    0x1D4ED, 129, 6999,
    0x1D4EE, 129, 7000,
    0x1D4EF, 129, 7001,
    0x1D4F0, 129, 7002,
    0x1D4F1, 129, 7003,
    0x1D4F2, 129, 7004,
    0x1D4F3, 129, 7005,
    0x1D4F4, 129, 7006,
    0x1D4F5, 129, 7007,
    0x1D4F6, 129, 7008,
    0x1D4F7, 129, 7009,
    0x1D4F8, 129, 7010,
    0x1D4F9, 129, 7011,
    0x1D4FA, 129, 7012,
    0x1D4FB, 129, 7013,
    0x1D4FC, 129, 7014,
    0x1D4FD, 129, 7015,
    0x1D4FE, 129, 7016,
    0x1D4FF, 129, 7017,
    0x1D500, 129, 7018,
    0x1D501, 129, 7019,
    0x1D502, 129, 7020,
    0x1D503, 129, 7021,
    0x1D504, 129, 7022,
    0x1D505, 129, 7023,
    0x1D507, 129, 7024,
    0x1D508, 129, 7025,
    0x1D509, 129, 7026,
    0x1D50A, 129, 7027,
    0x1D50D, 129, 7028,
    0x1D50E, 129, 7029,
    0x1D50F, 129, 7030,
    0x1D510, 129, 7031,
    0x1D511, 129, 7032,
    0x1D512, 129, 7033,
    0x1D513, 129, 7034,
    0x1D514, 129, 7035,
    0x1D516, 129, 7036,
    0x1D517, 129, 7037,
    0x1D518, 129, 7038,
    0x1D519, 129, 7039,
    0x1D51A, 129, 7040,
    0x1D51B, 129, 7041,
    0x1D51C, 129, 7042,
    0x1D51E, 129, 7043,
    0x1D51F, 129, 7044,
    0x1D520, 129, 7045,
    0x1D521, 129, 7046,
    0x1D522, 129, 7047,
    0x1D523, 129, 7048,
    0x1D524, 129, 7049,
    0x1D525, 129, 7050,
    0x1D526, 129, 7051,
    0x1D527, 129, 7052,
    0x1D528, 129, 7053,
    0x1D529, 129, 7054,
    0x1D52A, 129, 7055,
    0x1D52B, 129, 7056,
    0x1D52C, 129, 7057,
    0x1D52D, 129, 7058,
    0x1D52E, 129, 7059,
    0x1D52F, 129, 7060,
    0x1D530, 129, 7061,
    0x1D531, 129, 7062,
    0x1D532, 129, 7063,
    0x1D533, 129, 7064,
    0x1D534, 129, 7065,
    0x1D535, 129, 7066,
    0x1D536, 129, 7067,
    0x1D537, 129, 7068,
    0x1D538, 129, 7069,
    0x1D539, 129, 7070,
    0x1D53B, 129, 7071,
    0x1D53C, 129, 7072,
    0x1D53D, 129, 7073,
    0x1D53E, 129, 7074,
    0x1D540, 129, 7075,
    0x1D541, 129, 7076,
    0x1D542, 129, 7077,
    0x1D543, 129, 7078,
    0x1D544, 129, 7079,
    0x1D546, 129, 7080,
    0x1D54A, 129, 7081,
    0x1D54B, 129, 7082,
    0x1D54C, 129, 7083,
    0x1D54D, 129, 7084,
    0x1D54E, 129, 7085,
    0x1D54F, 129, 7086,
    0x1D550, 129, 7087,
    0x1D552, 129, 7088,
    0x1D553, 129, 7089,
    0x1D554, 129, 7090,
    0x1D555, 129, 7091,
    0x1D556, 129, 7092,
    0x1D557, 129, 7093,
    0x1D558, 129, 7094,
    0x1D559, 129, 7095,
    0x1D55A, 129, 7096,
    0x1D55B, 129, 7097,
    0x1D55C, 129, 7098,
    0x1D55D, 129, 7099,
    0x1D55E, 129, 7100,
    0x1D55F, 129, 7101,
    0x1D560, 129, 7102,
    0x1D561, 129, 7103,
    0x1D562, 129, 7104,
    0x1D563, 129, 7105,
    0x1D564, 129, 7106,
    0x1D565, 129, 7107,
    0x1D566, 129, 7108,
    0x1D567, 129, 7109,
    0x1D568, 129, 7110,
    0x1D569, 129, 7111,
    0x1D56A, 129, 7112,
    0x1D56B, 129, 7113,
    0x1D56C, 129, 7114,
    0x1D56D, 129, 7115,
    0x1D56E, 129, 7116,
    0x1D56F, 129, 7117,
    0x1D570, 129, 7118,
    0x1D571, 129, 7119,
    0x1D572, 129, 7120,
    0x1D573, 129, 7121,
    0x1D574, 129, 7122,
    0x1D575, 129, 7123,
    0x1D576, 129, 7124,
    0x1D577, 129, 7125,
    0x1D578, 129, 7126,
    0x1D579, 129, 7127,
    0x1D57A, 129, 7128,
    0x1D57B, 129, 7129,
    0x1D57C, 129, 7130,
    0x1D57D, 129, 7131,
    0x1D57E, 129, 7132,
    0x1D57F, 129, 7133,
    0x1D580, 129, 7134,
    0x1D581, 129, 7135,
    0x1D582, 129, 7136,
    0x1D583, 129, 7137,
    0x1D584, 129, 7138,
    0x1D585, 129, 7139,
    0x1D586, 129, 7140,
    0x1D587, 129, 7141,
    0x1D588, 129, 7142,
    0x1D589, 129, 7143,
    0x1D58A, 129, 7144,
    0x1D58B, 129, 7145,
    0x1D58C, 129, 7146,
    0x1D58D, 129, 7147,
    0x1D58E, 129, 7148,
    0x1D58F, 129, 7149,
    0x1D590, 129, 7150,
    0x1D591, 129, 7151,
    0x1D592, 129, 7152,
    0x1D593, 129, 7153,
    0x1D594, 129, 7154,
    0x1D595, 129, 7155,
    0x1D596, 129, 7156,
    0x1D597, 129, 7157,
    0x1D598, 129, 7158,
    0x1D599, 129, 7159,
    0x1D59A, 129, 7160,
    0x1D59B, 129, 7161,
    0x1D59C, 129, 7162,
    0x1D59D, 129, 7163,
    0x1D59E, 129, 7164,
    0x1D59F, 129, 7165,
    0x1D5A0, 129, 7166,
    0x1D5A1, 129, 7167,
    0x1D5A2, 129, 7168,
    0x1D5A3, 129, 7169,
    0x1D5A4, 129, 7170,
    0x1D5A5, 129, 7171,
    0x1D5A6, 129, 7172,
    0x1D5A7, 129, 7173,
    0x1D5A8, 129, 7174,
    0x1D5A9, 129, 7175,
    0x1D5AA, 129, 7176,
    0x1D5AB, 129, 7177,
    0x1D5AC, 129, 7178,
    0x1D5AD, 129, 7179,
    0x1D5AE, 129, 7180,
    0x1D5AF, 129, 7181,
    0x1D5B0, 129, 7182,
    0x1D5B1, 129, 7183,
    0x1D5B2, 129, 7184,
    0x1D5B3, 129, 7185,
    0x1D5B4, 129, 7186,
    0x1D5B5, 129, 7187,
    0x1D5B6, 129, 7188,
    0x1D5B7, 129, 7189,
    0x1D5B8, 129, 7190,
    0x1D5B9, 129, 7191,
    0x1D5BA, 129, 7192,
    0x1D5BB, 129, 7193,
    0x1D5BC, 129, 7194,
    0x1D5BD, 129, 7195,
    0x1D5BE, 129, 7196,
    0x1D5BF, 129, 7197,
    0x1D5C0, 129, 7198,
    0x1D5C1, 129, 7199,
    0x1D5C2, 129, 7200,
    0x1D5C3, 129, 7201,
    0x1D5C4, 129, 7202,
    0x1D5C5, 129, 7203,
    0x1D5C6, 129, 7204,
    0x1D5C7, 129, 7205,
    0x1D5C8, 129, 7206,
    0x1D5C9, 129, 7207,
    0x1D5CA, 129, 7208,
    0x1D5CB, 129, 7209,
    0x1D5CC, 129, 7210,
    0x1D5CD, 129, 7211,
    0x1D5CE, 129, 7212,
    0x1D5CF, 129, 7213,
    0x1D5D0, 129, 7214,
    0x1D5D1, 129, 7215,
    0x1D5D2, 129, 7216,
    0x1D5D3, 129, 7217,
    0x1D5D4, 129, 7218,
    0x1D5D5, 129, 7219,
    0x1D5D6, 129, 7220,
    0x1D5D7, 129, 7221,
    0x1D5D8, 129, 7222,
    0x1D5D9, 129, 7223,
    0x1D5DA, 129, 7224,
    0x1D5DB, 129, 7225,
    0x1D5DC, 129, 7226,
    0x1D5DD, 129, 7227,
    0x1D5DE, 129, 7228,
    0x1D5DF, 129, 7229,
    0x1D5E0, 129, 7230,
    0x1D5E1, 129, 7231,
    0x1D5E2, 129, 7232,
    0x1D5E3, 129, 7233,
    0x1D5E4, 129, 7234,
    0x1D5E5, 129, 7235,
    0x1D5E6, 129, 7236,
    0x1D5E7, 129, 7237,
    0x1D5E8, 129, 7238,
    0x1D5E9, 129, 7239,
    0x1D5EA, 129, 7240,
    0x1D5EB, 129, 7241,
    0x1D5EC, 129, 7242,
    0x1D5ED, 129, 7243,
    0x1D5EE, 129, 7244,
    0x1D5EF, 129, 7245,
    0x1D5F0, 129, 7246,
    0x1D5F1, 129, 7247,
    0x1D5F2, 129, 7248,
    0x1D5F3, 129, 7249,
    0x1D5F4, 129, 7250,
    0x1D5F5, 129, 7251,
    0x1D5F6, 129, 7252,
    0x1D5F7, 129, 7253,
    0x1D5F8, 129, 7254,
    0x1D5F9, 129, 7255,
    0x1D5FA, 129, 7256,
    0x1D5FB, 129, 7257,
    0x1D5FC, 129, 7258,
    0x1D5FD, 129, 7259,
    0x1D5FE, 129, 7260,
    0x1D5FF, 129, 7261,
    0x1D600, 129, 7262,
    0x1D601, 129, 7263,
    0x1D602, 129, 7264,
    0x1D603, 129, 7265,
    0x1D604, 129, 7266,
    0x1D605, 129, 7267,
    0x1D606, 129, 7268,
    0x1D607, 129, 7269,
    0x1D608, 129, 7270,
    0x1D609, 129, 7271,
    0x1D60A, 129, 7272,
    0x1D60B, 129, 7273,
    0x1D60C, 129, 7274,
    0x1D60D, 129, 7275,
    0x1D60E, 129, 7276,
    0x1D60F, 129, 7277,
    0x1D610, 129, 7278,
    0x1D611, 129, 7279,
    0x1D612, 129, 7280,
    0x1D613, 129, 7281,
    0x1D614, 129, 7282,
    0x1D615, 129, 7283,
    0x1D616, 129, 7284,
    0x1D617, 129, 7285,
    0x1D618, 129, 7286,
    0x1D619, 129, 7287,
    0x1D61A, 129, 7288,
    0x1D61B, 129, 7289,
    0x1D61C, 129, 7290,
    0x1D61D, 129, 7291,
    0x1D61E, 129, 7292,
    0x1D61F, 129, 7293,
    0x1D620, 129, 7294,
    0x1D621, 129, 7295,
    0x1D622, 129, 7296,
    0x1D623, 129, 7297,
    0x1D624, 129, 7298,
    0x1D625, 129, 7299,
    0x1D626, 129, 7300,
    0x1D627, 129, 7301,
    0x1D628, 129, 7302,
    0x1D629, 129, 7303,
    0x1D62A, 129, 7304,
    0x1D62B, 129, 7305,
    0x1D62C, 129, 7306,
    0x1D62D, 129, 7307,
    0x1D62E, 129, 7308,
    0x1D62F, 129, 7309,
    0x1D630, 129, 7310,
    0x1D631, 129, 7311,
    0x1D632, 129, 7312,
    0x1D633, 129, 7313,
    0x1D634, 129, 7314,
    0x1D635, 129, 7315,
    0x1D636, 129, 7316,
    0x1D637, 129, 7317,
    0x1D638, 129, 7318,
    0x1D639, 129, 7319,
    0x1D63A, 129, 7320,
    0x1D63B, 129, 7321,
    0x1D63C, 129, 7322,
    0x1D63D, 129, 7323,
    0x1D63E, 129, 7324,
    0x1D63F, 129, 7325,
    0x1D640, 129, 7326,
    0x1D641, 129, 7327,
    0x1D642, 129, 7328,
    0x1D643, 129, 7329,
    0x1D644, 129, 7330,
    0x1D645, 129, 7331,
    0x1D646, 129, 7332,
    0x1D647, 129, 7333,
    0x1D648, 129, 7334,
    0x1D649, 129, 7335,
    0x1D64A, 129, 7336,
    0x1D64B, 129, 7337,
    0x1D64C, 129, 7338,
    0x1D64D, 129, 7339,
    0x1D64E, 129, 7340,
    0x1D64F, 129, 7341,
    0x1D650, 129, 7342,
    0x1D651, 129, 7343,
    0x1D652, 129, 7344,
    0x1D653, 129, 7345,
    0x1D654, 129, 7346,
    0x1D655, 129, 7347,
    0x1D656, 129, 7348,
    0x1D657, 129, 7349,
    0x1D658, 129, 7350,
    0x1D659, 129, 7351,
    0x1D65A, 129, 7352,
    0x1D65B, 129, 7353,
    0x1D65C, 129, 7354,
    0x1D65D, 129, 7355,
    0x1D65E, 129, 7356,
    0x1D65F, 129, 7357,
    0x1D660, 129, 7358,
    0x1D661, 129, 7359,
    0x1D662, 129, 7360,
    0x1D663, 129, 7361,
    0x1D664, 129, 7362,
    0x1D665, 129, 7363,
    0x1D666, 129, 7364,
    0x1D667, 129, 7365,
    0x1D668, 129, 7366,
    0x1D669, 129, 7367,
    0x1D66A, 129, 7368,
    0x1D66B, 129, 7369,
    0x1D66C, 129, 7370,
    0x1D66D, 129, 7371,
    0x1D66E, 129, 7372,
    0x1D66F, 129, 7373,
    0x1D670, 129, 7374,
    0x1D671, 129, 7375,
    0x1D672, 129, 7376,
    0x1D673, 129, 7377,
    0x1D674, 129, 7378,
    0x1D675, 129, 7379,
    0x1D676, 129, 7380,
    0x1D677, 129, 7381,
    0x1D678, 129, 7382,
    0x1D679, 129, 7383,
    0x1D67A, 129, 7384,
    0x1D67B, 129, 7385,
    0x1D67C, 129, 7386,
    0x1D67D, 129, 7387,
    0x1D67E, 129, 7388,
    0x1D67F, 129, 7389,
    0x1D680, 129, 7390,
    0x1D681, 129, 7391,
    0x1D682, 129, 7392,
    0x1D683, 129, 7393,
    0x1D684, 129, 7394,
    0x1D685, 129, 7395,
    0x1D686, 129, 7396,
    0x1D687, 129, 7397,
    0x1D688, 129, 7398,
    0x1D689, 129, 7399,
    0x1D68A, 129, 7400,
    0x1D68B, 129, 7401,
    0x1D68C, 129, 7402,
    0x1D68D, 129, 7403,
    0x1D68E, 129, 7404,
    0x1D68F, 129, 7405,
    0x1D690, 129, 7406,
    0x1D691, 129, 7407,
    0x1D692, 129, 7408,
    0x1D693, 129, 7409,
    0x1D694, 129, 7410,
    0x1D695, 129, 7411,
    0x1D696, 129, 7412,
    0x1D697, 129, 7413,
    0x1D698, 129, 7414,
    0x1D699, 129, 7415,
    0x1D69A, 129, 7416,
    0x1D69B, 129, 7417,
    0x1D69C, 129, 7418,
    0x1D69D, 129, 7419,
    0x1D69E, 129, 7420,
    0x1D69F, 129, 7421,
    0x1D6A0, 129, 7422,
    0x1D6A1, 129, 7423,
    0x1D6A2, 129, 7424,
    0x1D6A3, 129, 7425,
    0x1D6A4, 129, 7426,
    0x1D6A5, 129, 7427,
    0x1D6A6, 129, 7428,
    0x1D6A8, 129, 7429,
    0x1D6A9, 129, 7430,
    0x1D6AA, 129, 7431,
    0x1D6AB, 129, 7432,
    0x1D6AC, 129, 7433,
    0x1D6AD, 129, 7434,
    0x1D6AE, 129, 7435,
    0x1D6AF, 129, 7436,
    0x1D6B0, 129, 7437,
    0x1D6B1, 129, 7438,
    0x1D6B2, 129, 7439,
    0x1D6B3, 129, 7440,
    0x1D6B4, 129, 7441,
    0x1D6B5, 129, 7442,
    0x1D6B6, 129, 7443,
    0x1D6B7, 129, 7444,
    0x1D6B8, 129, 7445,
    0x1D6B9, 129, 7446,
    0x1D6BA, 129, 7447,
    0x1D6BB, 129, 7448,
    0x1D6BC, 129, 7449,
    0x1D6BD, 129, 7450,
    0x1D6BE, 129, 7451,
    0x1D6BF, 129, 7452,
    0x1D6C0, 129, 7453,
    0x1D6C1, 129, 7454,
    0x1D6C2, 129, 7455,
    0x1D6C3, 129, 7456,
    0x1D6C4, 129, 7457,
    0x1D6C5, 129, 7458,
    0x1D6C6, 129, 7459,
    0x1D6C7, 129, 7460,
    0x1D6C8, 129, 7461,
    0x1D6C9, 129, 7462,
    0x1D6CA, 129, 7463,
    0x1D6CB, 129, 7464,
    0x1D6CC, 129, 7465,
    0x1D6CD, 129, 7466,
    0x1D6CE, 129, 7467,
    0x1D6CF, 129, 7468,
    0x1D6D0, 129, 7469,
    0x1D6D1, 129, 7470,
    0x1D6D2, 129, 7471,
    0x1D6D3, 129, 7472,
    0x1D6D4, 129, 7473,
    0x1D6D5, 129, 7474,
    0x1D6D6, 129, 7475,
    0x1D6D7, 129, 7476,
    0x1D6D8, 129, 7477,
    0x1D6D9, 129, 7478,
    0x1D6DA, 129, 7479,
    0x1D6DB, 129, 7480,
    0x1D6DC, 129, 7481,
    0x1D6DD, 129, 7482,
    0x1D6DE, 129, 7483,
    0x1D6DF, 129, 7484,
    0x1D6E0, 129, 7485,
    0x1D6E1, 129, 7486,
    0x1D6E2, 129, 7487,
    0x1D6E3, 129, 7488,
    0x1D6E4, 129, 7489,
    0x1D6E5, 129, 7490,
    0x1D6E6, 129, 7491,
    0x1D6E7, 129, 7492,
    0x1D6E8, 129, 7493,
    0x1D6E9, 129, 7494,
    0x1D6EA, 129, 7495,
    0x1D6EB, 129, 7496,
    0x1D6EC, 129, 7497,
    0x1D6ED, 129, 7498,
    0x1D6EE, 129, 7499,
    0x1D6EF, 129, 7500,
    0x1D6F0, 129, 7501,
    0x1D6F1, 129, 7502,
    0x1D6F2, 129, 7503,
    0x1D6F3, 129, 7504,
    0x1D6F4, 129, 7505,
    0x1D6F5, 129, 7506,
    0x1D6F6, 129, 7507,
    0x1D6F7, 129, 7508,
    0x1D6F8, 129, 7509,
    0x1D6F9, 129, 7510,
    0x1D6FA, 129, 7511,
    0x1D6FB, 129, 7512,
    0x1D6FC, 129, 7513,
    0x1D6FD, 129, 7514,
    0x1D6FE, 129, 7515,
    0x1D6FF, 129, 7516,
    0x1D700, 129, 7517,
    0x1D701, 129, 7518,
    0x1D702, 129, 7519,
    0x1D703, 129, 7520,
    0x1D704, 129, 7521,
    0x1D705, 129, 7522,
    0x1D706, 129, 7523,
    0x1D707, 129, 7524,
    0x1D708, 129, 7525,
    0x1D709, 129, 7526,
    0x1D70A, 129, 7527,
    0x1D70B, 129, 7528,
    0x1D70C, 129, 7529,
    0x1D70D, 129, 7530,
    0x1D70E, 129, 7531,
    0x1D70F, 129, 7532,
    0x1D710, 129, 7533,
    0x1D711, 129, 7534,
    0x1D712, 129, 7535,
    0x1D713, 129, 7536,
    0x1D714, 129, 7537,
    0x1D715, 129, 7538,
    0x1D716, 129, 7539,
    0x1D717, 129, 7540,
    0x1D718, 129, 7541,
    0x1D719, 129, 7542,
    0x1D71A, 129, 7543,
    0x1D71B, 129, 7544,
    0x1D71C, 129, 7545,
    0x1D71D, 129, 7546,
    0x1D71E, 129, 7547,
    0x1D71F, 129, 7548,
    0x1D720, 129, 7549,
    0x1D721, 129, 7550,
    0x1D722, 129, 7551,
    0x1D723, 129, 7552,
    0x1D724, 129, 7553,
    0x1D725, 129, 7554,
    0x1D726, 129, 7555,
    0x1D727, 129, 7556,
    0x1D728, 129, 7557,
    0x1D729, 129, 7558,
    0x1D72A, 129, 7559,
    0x1D72B, 129, 7560,
    0x1D72C, 129, 7561,
    0x1D72D, 129, 7562,
    0x1D72E, 129, 7563,
    0x1D72F, 129, 7564,
    0x1D730, 129, 7565,
    0x1D731, 129, 7566,
    0x1D732, 129, 7567,
    0x1D733, 129, 7568,
    0x1D734, 129, 7569,
    0x1D735, 129, 7570,
    0x1D736, 129, 7571,
    0x1D737, 129, 7572,
    0x1D738, 129, 7573,
    0x1D739, 129, 7574,
    0x1D73A, 129, 7575,
    0x1D73B, 129, 7576,
    0x1D73C, 129, 7577,
    0x1D73D, 129, 7578,
    0x1D73E, 129, 7579,
    0x1D73F, 129, 7580,
    0x1D740, 129, 7581,
    0x1D741, 129, 7582,
    0x1D742, 129, 7583,
    0x1D743, 129, 7584,
    0x1D744, 129, 7585,
    0x1D745, 129, 7586,
    0x1D746, 129, 7587,
    0x1D747, 129, 7588,
    0x1D748, 129, 7589,
    0x1D749, 129, 7590,
    0x1D74A, 129, 7591,
    0x1D74B, 129, 7592,
    0x1D74C, 129, 7593,
    0x1D74D, 129, 7594,
    0x1D74E, 129, 7595,
    0x1D74F, 129, 7596,
    0x1D750, 129, 7597,
    0x1D751, 129, 7598,
    0x1D752, 129, 7599,
    0x1D753, 129, 7600,
    0x1D754, 129, 7601,
    0x1D755, 129, 7602,
    0x1D756, 129, 7603,
    0x1D757, 129, 7604,
    0x1D758, 129, 7605,
    0x1D759, 129, 7606,
    0x1D75A, 129, 7607,
    0x1D75B, 129, 7608,
    0x1D75C, 129, 7609,
    0x1D75D, 129, 7610,
    0x1D75E, 129, 7611,
    0x1D75F, 129, 7612,
    0x1D760, 129, 7613,
    0x1D761, 129, 7614,
    0x1D762, 129, 7615,
    0x1D763, 129, 7616,
    0x1D764, 129, 7617,
    0x1D765, 129, 7618,
    0x1D766, 129, 7619,
    0x1D767, 129, 7620,
    0x1D768, 129, 7621,
    0x1D769, 129, 7622,
    0x1D76A, 129, 7623,
    0x1D76B, 129, 7624,
    0x1D76C, 129, 7625,
    0x1D76D, 129, 7626,
    0x1D76E, 129, 7627,
    0x1D76F, 129, 7628,
    0x1D770, 129, 7629,
    0x1D771, 129, 7630,
    0x1D772, 129, 7631,
    0x1D773, 129, 7632,
    0x1D774, 129, 7633,
    0x1D775, 129, 7634,
    0x1D776, 129, 7635,
    0x1D777, 129, 7636,
    0x1D778, 129, 7637,
    0x1D779, 129, 7638,
    0x1D77A, 129, 7639,
    0x1D77B, 129, 7640,
    0x1D77C, 129, 7641,
    0x1D77D, 129, 7642,
    0x1D77E, 129, 7643,
    0x1D77F, 129, 7644,
    0x1D780, 129, 7645,
    0x1D781, 129, 7646,
    0x1D782, 129, 7647,
    0x1D783, 129, 7648,
    0x1D784, 129, 7649,
    0x1D785, 129, 7650,
    0x1D786, 129, 7651,
    0x1D787, 129, 7652,
    0x1D788, 129, 7653,
    0x1D789, 129, 7654,
    0x1D78A, 129, 7655,
    0x1D78B, 129, 7656,
    0x1D78C, 129, 7657,
    0x1D78D, 129, 7658,
    0x1D78E, 129, 7659,
    0x1D78F, 129, 7660,
    0x1D790, 129, 7661,
    0x1D791, 129, 7662,
    0x1D792, 129, 7663,
    0x1D793, 129, 7664,
    0x1D794, 129, 7665,
    0x1D795, 129, 7666,
    0x1D796, 129, 7667,
    0x1D797, 129, 7668,
    0x1D798, 129, 7669,
    0x1D799, 129, 7670,
    0x1D79A, 129, 7671,
    0x1D79B, 129, 7672,
    0x1D79C, 129, 7673,
    0x1D79D, 129, 7674,
    0x1D79E, 129, 7675,
    0x1D79F, 129, 7676,
    0x1D7A0, 129, 7677,
    0x1D7A1, 129, 7678,
    0x1D7A2, 129, 7679,
    0x1D7A3, 129, 7680,
    0x1D7A4, 129, 7681,
    0x1D7A5, 129, 7682,
    0x1D7A6, 129, 7683,
    0x1D7A7, 129, 7684,
    0x1D7A8, 129, 7685,
    0x1D7A9, 129, 7686,
    0x1D7AA, 129, 7687,
    0x1D7AB, 129, 7688,
    0x1D7AC, 129, 7689,
    0x1D7AD, 129, 7690,
    0x1D7AE, 129, 7691,
    0x1D7AF, 129, 7692,
    0x1D7B0, 129, 7693,
    0x1D7B1, 129, 7694,
    0x1D7B2, 129, 7695,
    0x1D7B3, 129, 7696,
    0x1D7B4, 129, 7697,
    0x1D7B5, 129, 7698,
    0x1D7B6, 129, 7699,
    0x1D7B7, 129, 7700,
    0x1D7B8, 129, 7701,
    0x1D7B9, 129, 7702,
    0x1D7BA, 129, 7703,
    0x1D7BB, 129, 7704,
    0x1D7BC, 129, 7705,
    0x1D7BD, 129, 7706,
    0x1D7BE, 129, 7707,
    0x1D7BF, 129, 7708,
    0x1D7C0, 129, 7709,
    0x1D7C1, 129, 7710,
    0x1D7C2, 129, 7711,
    0x1D7C3, 129, 7712,
    0x1D7C4, 129, 7713,
    0x1D7C5, 129, 7714,
    0x1D7C6, 129, 7715,
    0x1D7C7, 129, 7716,
    0x1D7C8, 129, 7717,
    0x1D7C9, 129, 7718,
    0x1D7CA, 129, 7719,
    0x1D7CB, 129, 7720,
    0x1D7CE, 129, 7721,
    0x1D7CF, 129, 7722,
    0x1D7D0, 129, 7723,
    0x1D7D1, 129, 7724,
    0x1D7D2, 129, 7725,
    0x1D7D3, 129, 7726,
    0x1D7D4, 129, 7727,
    0x1D7D5, 129, 7728,
    0x1D7D6, 129, 7729,
    0x1D7D7, 129, 7730,
    0x1D7D8, 129, 7731,
    0x1D7D9, 129, 7732,
    0x1D7DA, 129, 7733,
    0x1D7DB, 129, 7734,
    0x1D7DC, 129, 7735,
    0x1D7DD, 129, 7736,
    0x1D7DE, 129, 7737,
    0x1D7DF, 129, 7738,
    0x1D7E0, 129, 7739,
    0x1D7E1, 129, 7740,
    0x1D7E2, 129, 7741,
    0x1D7E3, 129, 7742,
    0x1D7E4, 129, 7743,
    0x1D7E5, 129, 7744,
    0x1D7E6, 129, 7745,
    0x1D7E7, 129, 7746,
    0x1D7E8, 129, 7747,
    0x1D7E9, 129, 7748,
    0x1D7EA, 129, 7749,
    0x1D7EB, 129, 7750,
    0x1D7EC, 129, 7751,
    0x1D7ED, 129, 7752,
    0x1D7EE, 129, 7753,
    0x1D7EF, 129, 7754,
    0x1D7F0, 129, 7755,
    0x1D7F1, 129, 7756,
    0x1D7F2, 129, 7757,
    0x1D7F3, 129, 7758,
    0x1D7F4, 129, 7759,
    0x1D7F5, 129, 7760,
    0x1D7F6, 129, 7761,
    0x1D7F7, 129, 7762,
    0x1D7F8, 129, 7763,
    0x1D7F9, 129, 7764,
    0x1D7FA, 129, 7765,
    0x1D7FB, 129, 7766,
    0x1D7FC, 129, 7767,
    0x1D7FD, 129, 7768,
    0x1D7FE, 129, 7769,
    0x1D7FF, 129, 7770,
    0x1DF95, 129, 7771,
    0x1DFCD, 129, 7772,
    0x1DFCE, 129, 7773,
    0x1DFCF, 129, 7774,
    0x1DFD0, 129, 7775,
    0x1DFD1, 129, 7776,
    0x1DFD2, 129, 7777,
    0x1DFD3, 129, 7778,
    0x1DFD4, 129, 7779,
    0x1DFD5, 129, 7780,
    0x1DFD6, 129, 7781,
    0x1DFD7, 129, 7782,
    0x1DFD8, 129, 7783,
    0x1DFD9, 129, 7784,
    0x1DFDA, 129, 7785,
    0x1DFDB, 129, 7786,
    0x1DFDC, 129, 7787,
    0x1DFDD, 129, 7788,
    0x1DFDE, 129, 7789,
    0x1DFDF, 129, 7790,
    0x1DFE0, 129, 7791,
    0x1DFE1, 129, 7792,
    0x1DFE2, 129, 7793,
    0x1DFE3, 129, 7794,
    0x1DFE4, 129, 7795,
    0x1DFE5, 129, 7796,
    0x1DFE6, 129, 7797,
    0x1DFE7, 129, 7798,
    0x1DFE8, 129, 7799,
    0x1DFE9, 129, 7800,
    0x1DFEA, 129, 7801,
    0x1DFEB, 129, 7802,
    0x1DFEC, 129, 7803,
    0x1DFED, 129, 7804,
    0x1DFEE, 129, 7805,
    0x1DFEF, 129, 7806,
    0x1DFF0, 129, 7807,
    0x1DFF1, 129, 7808,
    0x1DFF2, 129, 7809,
    0x1DFF3, 129, 7810,
    0x1DFF4, 129, 7811,
    0x1DFF5, 129, 7812,
    0x1DFF6, 129, 7813,
    0x1DFF7, 129, 7814,
    0x1DFF8, 129, 7815,
    0x1DFF9, 129, 7816,
    0x1DFFA, 129, 7817,
    0x1DFFB, 129, 7818,
    0x1DFFC, 129, 7819,
    0x1DFFD, 129, 7820,
    0x1DFFE, 129, 7821,
    0x1DFFF, 129, 7822,
    0x1E030, 129, 7823,
    0x1E031, 129, 7824,
    0x1E032, 129, 7825,
    0x1E033, 129, 7826,
    0x1E034, 129, 7827,
    0x1E035, 129, 7828,
    0x1E036, 129, 7829,
    0x1E037, 129, 7830,
    0x1E038, 129, 7831,
    0x1E039, 129, 7832,
    0x1E03A, 129, 7833,
    0x1E03B, 129, 7834,
    0x1E03C, 129, 7835,
    0x1E03D, 129, 7836,
    0x1E03E, 129, 7837,
    0x1E03F, 129, 7838,
    0x1E040, 129, 7839,
    0x1E041, 129, 7840,
    0x1E042, 129, 7841,
    0x1E043, 129, 7842,
    0x1E044, 129, 7843,
    0x1E045, 129, 7844,
    0x1E046, 129, 7845,
    0x1E047, 129, 7846,
    0x1E048, 129, 7847,
    0x1E049, 129, 7848,
    0x1E04A, 129, 7849,
    0x1E04B, 129, 7850,
    0x1E04C, 129, 7851,
    0x1E04D, 129, 7852,
    0x1E04E, 129, 7853,
    0x1E04F, 129, 7854,
    0x1E050, 129, 7855,
    0x1E051, 129, 7856,
    0x1E052, 129, 7857,
    0x1E053, 129, 7858,
    0x1E054, 129, 7859,
    0x1E055, 129, 7860,
    0x1E056, 129, 7861,
    0x1E057, 129, 7862,
    0x1E058, 129, 7863,
    0x1E059, 129, 7864,
    0x1E05A, 129, 7865,
    0x1E05B, 129, 7866,
    0x1E05C, 129, 7867,
    0x1E05D, 129, 7868,
    0x1E05E, 129, 7869,
    0x1E05F, 129, 7870,
    0x1E060, 129, 7871,
    0x1E061, 129, 7872,
    0x1E062, 129, 7873,
    0x1E063, 129, 7874,
    0x1E064, 129, 7875,
    0x1E065, 129, 7876,
    0x1E066, 129, 7877,
    0x1E067, 129, 7878,
    0x1E068, 129, 7879,
    0x1E069, 129, 7880,
    0x1E06A, 129, 7881,
    0x1E06B, 129, 7882,
    0x1E06C, 129, 7883,
    0x1E06D, 129, 7884,
    0x1EE00, 129, 7885,
    0x1EE01, 129, 7886,
    0x1EE02, 129, 7887,
    0x1EE03, 129, 7888,
    0x1EE05, 129, 7889,
    0x1EE06, 129, 7890,
    0x1EE07, 129, 7891,
    0x1EE08, 129, 7892,
    0x1EE09, 129, 7893,
    0x1EE0A, 129, 7894,
    0x1EE0B, 129, 7895,
    0x1EE0C, 129, 7896,
    0x1EE0D, 129, 7897,
    0x1EE0E, 129, 7898,
    0x1EE0F, 129, 7899,
    0x1EE10, 129, 7900,
    0x1EE11, 129, 7901,
    0x1EE12, 129, 7902,
    0x1EE13, 129, 7903,
    0x1EE14, 129, 7904,
    0x1EE15, 129, 7905,
    0x1EE16, 129, 7906,
    0x1EE17, 129, 7907,
    0x1EE18, 129, 7908,
    0x1EE19, 129, 7909,
    0x1EE1A, 129, 7910,
    0x1EE1B, 129, 7911,
    0x1EE1C, 129, 7912,
    0x1EE1D, 129, 7913,
    0x1EE1E, 129, 7914,
    0x1EE1F, 129, 7915,
    0x1EE21, 129, 7916,
    0x1EE22, 129, 7917,
    0x1EE24, 129, 7918,
    0x1EE27, 129, 7919,
    0x1EE29, 129, 7920,
    0x1EE2A, 129, 7921,
    0x1EE2B, 129, 7922,
    0x1EE2C, 129, 7923,
    0x1EE2D, 129, 7924,
    0x1EE2E, 129, 7925,
    0x1EE2F, 129, 7926,
    0x1EE30, 129, 7927,
    0x1EE31, 129, 7928,
    0x1EE32, 129, 7929,
    0x1EE34, 129, 7930,
    0x1EE35, 129, 7931,
    0x1EE36, 129, 7932,
    0x1EE37, 129, 7933,
    0x1EE39, 129, 7934,
    0x1EE3B, 129, 7935,
    0x1EE42, 129, 7936,
    0x1EE47, 129, 7937,
    0x1EE49, 129, 7938,
    0x1EE4B, 129, 7939,
    0x1EE4D, 129, 7940,
    0x1EE4E, 129, 7941,
    0x1EE4F, 129, 7942,
    0x1EE51, 129, 7943,
    0x1EE52, 129, 7944,
    0x1EE54, 129, 7945,
    0x1EE57, 129, 7946,
    0x1EE59, 129, 7947,
    0x1EE5B, 129, 7948,
    0x1EE5D, 129, 7949,
    0x1EE5F, 129, 7950,
    0x1EE61, 129, 7951,
    0x1EE62, 129, 7952,
    0x1EE64, 129, 7953,
    0x1EE67, 129, 7954,
    0x1EE68, 129, 7955,
    0x1EE69, 129, 7956,
    0x1EE6A, 129, 7957,
    0x1EE6C, 129, 7958,
    0x1EE6D, 129, 7959,
    0x1EE6E, 129, 7960,
    0x1EE6F, 129, 7961,
    0x1EE70, 129, 7962,
    0x1EE71, 129, 7963,
    0x1EE72, 129, 7964,
    0x1EE74, 129, 7965,
    0x1EE75, 129, 7966,
    0x1EE76, 129, 7967,
    0x1EE77, 129, 7968,
    0x1EE79, 129, 7969,
    0x1EE7A, 129, 7970,
    0x1EE7B, 129, 7971,
    0x1EE7C, 129, 7972,
    0x1EE7E, 129, 7973,
    0x1EE80, 129, 7974,
    0x1EE81, 129, 7975,
    0x1EE82, 129, 7976,
    0x1EE83, 129, 7977,
    0x1EE84, 129, 7978,
    0x1EE85, 129, 7979,
    0x1EE86, 129, 7980,
    0x1EE87, 129, 7981,
    0x1EE88, 129, 7982,
    0x1EE89, 129, 7983,
    0x1EE8B, 129, 7984,
    0x1EE8C, 129, 7985,
    0x1EE8D, 129, 7986,
    0x1EE8E, 129, 7987,
    0x1EE8F, 129, 7988,
    0x1EE90, 129, 7989,
    0x1EE91, 129, 7990,
    0x1EE92, 129, 7991,
    0x1EE93, 129, 7992,
    0x1EE94, 129, 7993,
    0x1EE95, 129, 7994,
    0x1EE96, 129, 7995,
    0x1EE97, 129, 7996,
    0x1EE98, 129, 7997,
    0x1EE99, 129, 7998,
    0x1EE9A, 129, 7999,
    0x1EE9B, 129, 8000,
    0x1EEA1, 129, 8001,
    0x1EEA2, 129, 8002,
    0x1EEA3, 129, 8003,
    0x1EEA5, 129, 8004,
    0x1EEA6, 129, 8005,
    0x1EEA7, 129, 8006,
    0x1EEA8, 129, 8007,
    0x1EEA9, 129, 8008,
    0x1EEAB, 129, 8009,
    0x1EEAC, 129, 8010,
    0x1EEAD, 129, 8011,
    0x1EEAE, 129, 8012,
    0x1EEAF, 129, 8013,
    0x1EEB0, 129, 8014,
    0x1EEB1, 129, 8015,
    0x1EEB2, 129, 8016,
    0x1EEB3, 129, 8017,
    0x1EEB4, 129, 8018,
    0x1EEB5, 129, 8019,
    0x1EEB6, 129, 8020,
    0x1EEB7, 129, 8021,
    0x1EEB8, 129, 8022,
    0x1EEB9, 129, 8023,
    0x1EEBA, 129, 8024,
    0x1EEBB, 129, 8025,
    0x1F100, 130, 8026,
    0x1F101, 130, 8028,
    0x1F102, 130, 8030,
    0x1F103, 130, 8032,
    0x1F104, 130, 8034,
    0x1F105, 130, 8036,
    0x1F106, 130, 8038,
    0x1F107, 130, 8040,
    0x1F108, 130, 8042,
    0x1F109, 130, 8044,
    0x1F10A, 130, 8046,
    0x1F110, 131, 8048,
    0x1F111, 131, 8051,
    0x1F112, 131, 8054,
    0x1F113, 131, 8057,
    0x1F114, 131, 8060,
    0x1F115, 131, 8063,
    0x1F116, 131, 8066,
    0x1F117, 131, 8069,
    0x1F118, 131, 8072,
    0x1F119, 131, 8075,
    0x1F11A, 131, 8078,
    0x1F11B, 131, 8081,
    0x1F11C, 131, 8084,
    0x1F11D, 131, 8087,
    0x1F11E, 131, 8090,
    0x1F11F, 131, 8093,
    0x1F120, 131, 8096,
    0x1F121, 131, 8099,
    0x1F122, 131, 8102,
    0x1F123, 131, 8105,
    0x1F124, 131, 8108,
    0x1F125, 131, 8111,
    0x1F126, 131, 8114,
    0x1F127, 131, 8117,
    0x1F128, 131, 8120,
    0x1F129, 131, 8123,
    0x1F12A, 131, 8126,
    0x1F12B, 129, 8129,
    0x1F12C, 129, 8130,
    0x1F12D, 130, 8131,
    0x1F12E, 130, 8133,
    0x1F130, 129, 8135,
    0x1F131, 129, 8136,
    0x1F132, 129, 8137,
    0x1F133, 129, 8138,
    0x1F134, 129, 8139,
    0x1F135, 129, 8140,
    0x1F136, 129, 8141,
    0x1F137, 129, 8142,
    0x1F138, 129, 8143,
    0x1F139, 129, 8144,
    0x1F13A, 129, 8145,
    0x1F13B, 129, 8146,
    0x1F13C, 129, 8147,
    0x1F13D, 129, 8148,
    0x1F13E, 129, 8149,
    0x1F13F, 129, 8150,
    0x1F140, 129, 8151,
    0x1F141, 129, 8152,
    0x1F142, 129, 8153,
    0x1F143, 129, 8154,
    0x1F144, 129, 8155,
    0x1F145, 129, 8156,
    0x1F146, 129, 8157,
    0x1F147, 129, 8158,
    0x1F148, 129, 8159,
    0x1F149, 129, 8160,
    0x1F14A, 130, 8161,
    0x1F14B, 130, 8163,
    0x1F14C, 130, 8165,
    0x1F14D, 130, 8167,
    0x1F14E, 131, 8169,
    0x1F14F, 130, 8172,
    0x1F16A, 130, 8174,
    0x1F16B, 130, 8176,
    0x1F16C, 130, 8178,
    0x1F190, 130, 8180,
    0x1F200, 130, 8182,
    0x1F201, 130, 8184,
    0x1F202, 129, 8186,
    0x1F210, 129, 8187,
    0x1F211, 129, 8188,
    0x1F212, 129, 8189,
    0x1F213, 129, 8190,
    0x1F214, 129, 8191,
    0x1F215, 129, 8192,
    0x1F216, 129, 8193,
    0x1F217, 129, 8194,
    0x1F218, 129, 8195,
    0x1F219, 129, 8196,
    0x1F21A, 129, 8197,
    0x1F21B, 129, 8198,
    0x1F21C, 129, 8199,
    0x1F21D, 129, 8200,
    0x1F21E, 129, 8201,
    0x1F21F, 129, 8202,
    0x1F220, 129, 8203,
    0x1F221, 129, 8204,
    0x1F222, 129, 8205,
    0x1F223, 129, 8206,
    0x1F224, 129, 8207,
    0x1F225, 129, 8208,
    0x1F226, 129, 8209,
    0x1F227, 129, 8210,
    0x1F228, 129, 8211,
    0x1F229, 129, 8212,
    0x1F22A, 129, 8213,
    0x1F22B, 129, 8214,
    0x1F22C, 129, 8215,
    0x1F22D, 129, 8216,
    0x1F22E, 129, 8217,
    0x1F22F, 129, 8218,
    0x1F230, 129, 8219,
    0x1F231, 129, 8220,
    0x1F232, 129, 8221,
    0x1F233, 129, 8222,
    0x1F234, 129, 8223,
    0x1F235, 129, 8224,
    0x1F236, 129, 8225,
    0x1F237, 129, 8226,
    0x1F238, 129, 8227,
    0x1F239, 129, 8228,
    0x1F23A, 129, 8229,
    0x1F23B, 129, 8230,
    0x1F240, 131, 8231,
    0x1F241, 131, 8234,
    0x1F242, 131, 8237,
    0x1F243, 131, 8240,
    0x1F244, 131, 8243,
    0x1F245, 131, 8246,
    0x1F246, 131, 8249,
    0x1F247, 131, 8252,
    0x1F248, 131, 8255,
    0x1F250, 129, 8258,
    0x1F251, 129, 8259,
    0x1FBF0, 129, 8260,
    0x1FBF1, 129, 8261,
    0x1FBF2, 129, 8262,
    0x1FBF3, 129, 8263,
    0x1FBF4, 129, 8264,
    0x1FBF5, 129, 8265,
    0x1FBF6, 129, 8266,
    0x1FBF7, 129, 8267,
    0x1FBF8, 129, 8268,
    0x1FBF9, 129, 8269,
    0x2F800, 1, 8270,
    0x2F801, 1, 8271,
    0x2F802, 1, 8272,
    0x2F803, 1, 8273,
    0x2F804, 1, 8274,
    0x2F805, 1, 8275,
    0x2F806, 1, 8276,
    0x2F807, 1, 8277,
    0x2F808, 1, 8278,
    0x2F809, 1, 8279,
    0x2F80A, 1, 8280,
    0x2F80B, 1, 8281,
    0x2F80C, 1, 8282,
    0x2F80D, 1, 8283,
    0x2F80E, 1, 8284,
    0x2F80F, 1, 8285,
    0x2F810, 1, 8286,
    0x2F811, 1, 8287,
    0x2F812, 1, 8288,
    0x2F813, 1, 8289,
    0x2F814, 1, 8290,
    0x2F815, 1, 8291,
    0x2F816, 1, 8292,
    0x2F817, 1, 8293,
    0x2F818, 1, 8294,
    0x2F819, 1, 8295,
    0x2F81A, 1, 8296,
    0x2F81B, 1, 8297,
    0x2F81C, 1, 8298,
    0x2F81D, 1, 8299,
    0x2F81E, 1, 8300,
    0x2F81F, 1, 8301,
    0x2F820, 1, 8302,
    0x2F821, 1, 8303,
    0x2F822, 1, 8304,
    0x2F823, 1, 8305,
    0x2F824, 1, 8306,
    0x2F825, 1, 8307,
    0x2F826, 1, 8308,
    0x2F827, 1, 8309,
    0x2F828, 1, 8310,
    0x2F829, 1, 8311,
    0x2F82A, 1, 8312,
    0x2F82B, 1, 8313,
    0x2F82C, 1, 8314,
    0x2F82D, 1, 8315,
    0x2F82E, 1, 8316,
    0x2F82F, 1, 8317,
    0x2F830, 1, 8318,
    0x2F831, 1, 8319,
    0x2F832, 1, 8320,
    0x2F833, 1, 8321,
    0x2F834, 1, 8322,
    0x2F835, 1, 8323,
    0x2F836, 1, 8324,
    0x2F837, 1, 8325,
    0x2F838, 1, 8326,
    0x2F839, 1, 8327,
    0x2F83A, 1, 8328,
    0x2F83B, 1, 8329,
    0x2F83C, 1, 8330,
    0x2F83D, 1, 8331,
    0x2F83E, 1, 8332,
    0x2F83F, 1, 8333,
    0x2F840, 1, 8334,
    0x2F841, 1, 8335,
    0x2F842, 1, 8336,
    0x2F843, 1, 8337,
    0x2F844, 1, 8338,
    0x2F845, 1, 8339,
    0x2F846, 1, 8340,
    0x2F847, 1, 8341,
    0x2F848, 1, 8342,
    0x2F849, 1, 8343,
    0x2F84A, 1, 8344,
    0x2F84B, 1, 8345,
    0x2F84C, 1, 8346,
    0x2F84D, 1, 8347,
    0x2F84E, 1, 8348,
    0x2F84F, 1, 8349,
    0x2F850, 1, 8350,
    0x2F851, 1, 8351,
    0x2F852, 1, 8352,
    0x2F853, 1, 8353,
    0x2F854, 1, 8354,
    0x2F855, 1, 8355,
    0x2F856, 1, 8356,
    0x2F857, 1, 8357,
    0x2F858, 1, 8358,
    0x2F859, 1, 8359,
    0x2F85A, 1, 8360,
    0x2F85B, 1, 8361,
    0x2F85C, 1, 8362,
    0x2F85D, 1, 8363,
    0x2F85E, 1, 8364,
    0x2F85F, 1, 8365,
    0x2F860, 1, 8366,
    0x2F861, 1, 8367,
    0x2F862, 1, 8368,
    0x2F863, 1, 8369,
    0x2F864, 1, 8370,
    0x2F865, 1, 8371,
    0x2F866, 1, 8372,
    0x2F867, 1, 8373,
    0x2F868, 1, 8374,
    0x2F869, 1, 8375,
    0x2F86A, 1, 8376,
    0x2F86B, 1, 8377,
    0x2F86C, 1, 8378,
    0x2F86D, 1, 8379,
    0x2F86E, 1, 8380,
    0x2F86F, 1, 8381,
    0x2F870, 1, 8382,
    0x2F871, 1, 8383,
    0x2F872, 1, 8384,
    0x2F873, 1, 8385,
    0x2F874, 1, 8386,
    0x2F875, 1, 8387,
    0x2F876, 1, 8388,
    0x2F877, 1, 8389,
    0x2F878, 1, 8390,
    0x2F879, 1, 8391,
    0x2F87A, 1, 8392,
    0x2F87B, 1, 8393,
    0x2F87C, 1, 8394,
    0x2F87D, 1, 8395,
    0x2F87E, 1, 8396,
    0x2F87F, 1, 8397,
    0x2F880, 1, 8398,
    0x2F881, 1, 8399,
    0x2F882, 1, 8400,
    0x2F883, 1, 8401,
    0x2F884, 1, 8402,
    0x2F885, 1, 8403,
    0x2F886, 1, 8404,
    0x2F887, 1, 8405,
    0x2F888, 1, 8406,
    0x2F889, 1, 8407,
    0x2F88A, 1, 8408,
    0x2F88B, 1, 8409,
    0x2F88C, 1, 8410,
    0x2F88D, 1, 8411,
    0x2F88E, 1, 8412,
    0x2F88F, 1, 8413,
    0x2F890, 1, 8414,
    0x2F891, 1, 8415,
    0x2F892, 1, 8416,
    0x2F893, 1, 8417,
    0x2F894, 1, 8418,
    0x2F895, 1, 8419,
    0x2F896, 1, 8420,
    0x2F897, 1, 8421,
    0x2F898, 1, 8422,
    0x2F899, 1, 8423,
    0x2F89A, 1, 8424,
    0x2F89B, 1, 8425,
    0x2F89C, 1, 8426,
    0x2F89D, 1, 8427,
    0x2F89E, 1, 8428,
    0x2F89F, 1, 8429,
    0x2F8A0, 1, 8430,
    0x2F8A1, 1, 8431,
    0x2F8A2, 1, 8432,
    0x2F8A3, 1, 8433,
    0x2F8A4, 1, 8434,
    0x2F8A5, 1, 8435,
    0x2F8A6, 1, 8436,
    0x2F8A7, 1, 8437,
    0x2F8A8, 1, 8438,
    0x2F8A9, 1, 8439,
    0x2F8AA, 1, 8440,
    0x2F8AB, 1, 8441,
    0x2F8AC, 1, 8442,
    0x2F8AD, 1, 8443,
    0x2F8AE, 1, 8444,
    0x2F8AF, 1, 8445,
    0x2F8B0, 1, 8446,
    0x2F8B1, 1, 8447,
    0x2F8B2, 1, 8448,
    0x2F8B3, 1, 8449,
    0x2F8B4, 1, 8450,
    0x2F8B5, 1, 8451,
    0x2F8B6, 1, 8452,
    0x2F8B7, 1, 8453,
    0x2F8B8, 1, 8454,
    0x2F8B9, 1, 8455,
    0x2F8BA, 1, 8456,
    0x2F8BB, 1, 8457,
    0x2F8BC, 1, 8458,
    0x2F8BD, 1, 8459,
    0x2F8BE, 1, 8460,
    0x2F8BF, 1, 8461,
    0x2F8C0, 1, 8462,
    0x2F8C1, 1, 8463,
    0x2F8C2, 1, 8464,
    0x2F8C3, 1, 8465,
    0x2F8C4, 1, 8466,
    0x2F8C5, 1, 8467,
    0x2F8C6, 1, 8468,
    0x2F8C7, 1, 8469,
    0x2F8C8, 1, 8470,
    0x2F8C9, 1, 8471,
    0x2F8CA, 1, 8472,
    0x2F8CB, 1, 8473,
    0x2F8CC, 1, 8474,
    0x2F8CD, 1, 8475,
    0x2F8CE, 1, 8476,
    0x2F8CF, 1, 8477,
    0x2F8D0, 1, 8478,
    0x2F8D1, 1, 8479,
    0x2F8D2, 1, 8480,
    0x2F8D3, 1, 8481,
    0x2F8D4, 1, 8482,
    0x2F8D5, 1, 8483,
    0x2F8D6, 1, 8484,
    0x2F8D7, 1, 8485,
    0x2F8D8, 1, 8486,
    0x2F8D9, 1, 8487,
    0x2F8DA, 1, 8488,
    0x2F8DB, 1, 8489,
    0x2F8DC, 1, 8490,
    0x2F8DD, 1, 8491,
    0x2F8DE, 1, 8492,
    0x2F8DF, 1, 8493,
    0x2F8E0, 1, 8494,
    0x2F8E1, 1, 8495,
    0x2F8E2, 1, 8496,
    0x2F8E3, 1, 8497,
    0x2F8E4, 1, 8498,
    0x2F8E5, 1, 8499,
    0x2F8E6, 1, 8500,
    0x2F8E7, 1, 8501,
    0x2F8E8, 1, 8502,
    0x2F8E9, 1, 8503,
    0x2F8EA, 1, 8504,
    0x2F8EB, 1, 8505,
    0x2F8EC, 1, 8506,
    0x2F8ED, 1, 8507,
    0x2F8EE, 1, 8508,
    0x2F8EF, 1, 8509,
    0x2F8F0, 1, 8510,
    0x2F8F1, 1, 8511,
    0x2F8F2, 1, 8512,
    0x2F8F3, 1, 8513,
    0x2F8F4, 1, 8514,
    0x2F8F5, 1, 8515,
    0x2F8F6, 1, 8516,
    0x2F8F7, 1, 8517,
    0x2F8F8, 1, 8518,
    0x2F8F9, 1, 8519,
    0x2F8FA, 1, 8520,
    0x2F8FB, 1, 8521,
    0x2F8FC, 1, 8522,
    0x2F8FD, 1, 8523,
    0x2F8FE, 1, 8524,
    0x2F8FF, 1, 8525,
    0x2F900, 1, 8526,
    0x2F901, 1, 8527,
    0x2F902, 1, 8528,
    0x2F903, 1, 8529,
    0x2F904, 1, 8530,
    0x2F905, 1, 8531,
    0x2F906, 1, 8532,
    0x2F907, 1, 8533,
    0x2F908, 1, 8534,
    0x2F909, 1, 8535,
    0x2F90A, 1, 8536,
    0x2F90B, 1, 8537,
    0x2F90C, 1, 8538,
    0x2F90D, 1, 8539,
    0x2F90E, 1, 8540,
    0x2F90F, 1, 8541,
    0x2F910, 1, 8542,
    0x2F911, 1, 8543,
    0x2F912, 1, 8544,
    0x2F913, 1, 8545,
    0x2F914, 1, 8546,
    0x2F915, 1, 8547,
    0x2F916, 1, 8548,
    0x2F917, 1, 8549,
    0x2F918, 1, 8550,
    0x2F919, 1, 8551,
    0x2F91A, 1, 8552,
    0x2F91B, 1, 8553,
    0x2F91C, 1, 8554,
    0x2F91D, 1, 8555,
    0x2F91E, 1, 8556,
    0x2F91F, 1, 8557,
    0x2F920, 1, 8558,
    0x2F921, 1, 8559,
    0x2F922, 1, 8560,
    0x2F923, 1, 8561,
    0x2F924, 1, 8562,
    0x2F925, 1, 8563,
    0x2F926, 1, 8564,
    0x2F927, 1, 8565,
    0x2F928, 1, 8566,
    0x2F929, 1, 8567,
    0x2F92A, 1, 8568,
    0x2F92B, 1, 8569,
    0x2F92C, 1, 8570,
    0x2F92D, 1, 8571,
    0x2F92E, 1, 8572,
    0x2F92F, 1, 8573,
    0x2F930, 1, 8574,
    0x2F931, 1, 8575,
    0x2F932, 1, 8576,
    0x2F933, 1, 8577,
    0x2F934, 1, 8578,
    0x2F935, 1, 8579,
    0x2F936, 1, 8580,
    0x2F937, 1, 8581,
    0x2F938, 1, 8582,
    0x2F939, 1, 8583,
    0x2F93A, 1, 8584,
    0x2F93B, 1, 8585,
    0x2F93C, 1, 8586,
    0x2F93D, 1, 8587,
    0x2F93E, 1, 8588,
    0x2F93F, 1, 8589,
    0x2F940, 1, 8590,
    0x2F941, 1, 8591,
    0x2F942, 1, 8592,
    0x2F943, 1, 8593,
    0x2F944, 1, 8594,
    0x2F945, 1, 8595,
    0x2F946, 1, 8596,
    0x2F947, 1, 8597,
    0x2F948, 1, 8598,
    0x2F949, 1, 8599,
    0x2F94A, 1, 8600,
    0x2F94B, 1, 8601,
    0x2F94C, 1, 8602,
    0x2F94D, 1, 8603,
    0x2F94E, 1, 8604,
    0x2F94F, 1, 8605,
    0x2F950, 1, 8606,
    0x2F951, 1, 8607,
    0x2F952, 1, 8608,
    0x2F953, 1, 8609,
    0x2F954, 1, 8610,
    0x2F955, 1, 8611,
    0x2F956, 1, 8612,
    0x2F957, 1, 8613,
    0x2F958, 1, 8614,
    0x2F959, 1, 8615,
    0x2F95A, 1, 8616,
    0x2F95B, 1, 8617,
    0x2F95C, 1, 8618,
    0x2F95D, 1, 8619,
    0x2F95E, 1, 8620,
    0x2F95F, 1, 8621,
    0x2F960, 1, 8622,
    0x2F961, 1, 8623,
    0x2F962, 1, 8624,
    0x2F963, 1, 8625,
    0x2F964, 1, 8626,
    0x2F965, 1, 8627,
    0x2F966, 1, 8628,
    0x2F967, 1, 8629,
    0x2F968, 1, 8630,
    0x2F969, 1, 8631,
    0x2F96A, 1, 8632,
    0x2F96B, 1, 8633,
    0x2F96C, 1, 8634,
    0x2F96D, 1, 8635,
    0x2F96E, 1, 8636,
    0x2F96F, 1, 8637,
    0x2F970, 1, 8638,
    0x2F971, 1, 8639,
    0x2F972, 1, 8640,
    0x2F973, 1, 8641,
    0x2F974, 1, 8642,
    0x2F975, 1, 8643,
    0x2F976, 1, 8644,
    0x2F977, 1, 8645,
    0x2F978, 1, 8646,
    0x2F979, 1, 8647,
    0x2F97A, 1, 8648,
    0x2F97B, 1, 8649,
    0x2F97C, 1, 8650,
    0x2F97D, 1, 8651,
    0x2F97E, 1, 8652,
    0x2F97F, 1, 8653,
    0x2F980, 1, 8654,
    0x2F981, 1, 8655,
    0x2F982, 1, 8656,
    0x2F983, 1, 8657,
    0x2F984, 1, 8658,
    0x2F985, 1, 8659,
    0x2F986, 1, 8660,
    0x2F987, 1, 8661,
    0x2F988, 1, 8662,
    0x2F989, 1, 8663,
    0x2F98A, 1, 8664,
    0x2F98B, 1, 8665,
    0x2F98C, 1, 8666,
    0x2F98D, 1, 8667,
    0x2F98E, 1, 8668,
    0x2F98F, 1, 8669,
    0x2F990, 1, 8670,
    0x2F991, 1, 8671,
    0x2F992, 1, 8672,
    0x2F993, 1, 8673,
    0x2F994, 1, 8674,
    0x2F995, 1, 8675,
    0x2F996, 1, 8676,
    0x2F997, 1, 8677,
    0x2F998, 1, 8678,
    0x2F999, 1, 8679,
    0x2F99A, 1, 8680,
    0x2F99B, 1, 8681,
    0x2F99C, 1, 8682,
    0x2F99D, 1, 8683,
    0x2F99E, 1, 8684,
    0x2F99F, 1, 8685,
    0x2F9A0, 1, 8686,
    0x2F9A1, 1, 8687,
    0x2F9A2, 1, 8688,
    0x2F9A3, 1, 8689,
    0x2F9A4, 1, 8690,
    0x2F9A5, 1, 8691,
    0x2F9A6, 1, 8692,
    0x2F9A7, 1, 8693,
    0x2F9A8, 1, 8694,
    0x2F9A9, 1, 8695,
    0x2F9AA, 1, 8696,
    0x2F9AB, 1, 8697,
    0x2F9AC, 1, 8698,
    0x2F9AD, 1, 8699,
    0x2F9AE, 1, 8700,
    0x2F9AF, 1, 8701,
    0x2F9B0, 1, 8702,
    0x2F9B1, 1, 8703,
    0x2F9B2, 1, 8704,
    0x2F9B3, 1, 8705,
    0x2F9B4, 1, 8706,
    0x2F9B5, 1, 8707,
    0x2F9B6, 1, 8708,
    0x2F9B7, 1, 8709,
    0x2F9B8, 1, 8710,
    0x2F9B9, 1, 8711,
    0x2F9BA, 1, 8712,
    0x2F9BB, 1, 8713,
    0x2F9BC, 1, 8714,
    0x2F9BD, 1, 8715,
    0x2F9BE, 1, 8716,
    0x2F9BF, 1, 8717,
    0x2F9C0, 1, 8718,
    0x2F9C1, 1, 8719,
    0x2F9C2, 1, 8720,
    0x2F9C3, 1, 8721,
    0x2F9C4, 1, 8722,
    0x2F9C5, 1, 8723,
    0x2F9C6, 1, 8724,
    0x2F9C7, 1, 8725,
    0x2F9C8, 1, 8726,
    0x2F9C9, 1, 8727,
    0x2F9CA, 1, 8728,
    0x2F9CB, 1, 8729,
    0x2F9CC, 1, 8730,
    0x2F9CD, 1, 8731,
    0x2F9CE, 1, 8732,
    0x2F9CF, 1, 8733,
    0x2F9D0, 1, 8734,
    0x2F9D1, 1, 8735,
    0x2F9D2, 1, 8736,
    0x2F9D3, 1, 8737,
    0x2F9D4, 1, 8738,
    0x2F9D5, 1, 8739,
    0x2F9D6, 1, 8740,
    0x2F9D7, 1, 8741,
    0x2F9D8, 1, 8742,
    0x2F9D9, 1, 8743,
    0x2F9DA, 1, 8744,
    0x2F9DB, 1, 8745,
    0x2F9DC, 1, 8746,
    0x2F9DD, 1, 8747,
    0x2F9DE, 1, 8748,
    0x2F9DF, 1, 8749,
    0x2F9E0, 1, 8750,
    0x2F9E1, 1, 8751,
    0x2F9E2, 1, 8752,
    0x2F9E3, 1, 8753,
    0x2F9E4, 1, 8754,
    0x2F9E5, 1, 8755,
    0x2F9E6, 1, 8756,
    0x2F9E7, 1, 8757,
    0x2F9E8, 1, 8758,
    0x2F9E9, 1, 8759,
    0x2F9EA, 1, 8760,
    0x2F9EB, 1, 8761,
    0x2F9EC, 1, 8762,
    0x2F9ED, 1, 8763,
    0x2F9EE, 1, 8764,
    0x2F9EF, 1, 8765,
    0x2F9F0, 1, 8766,
    0x2F9F1, 1, 8767,
    0x2F9F2, 1, 8768,
    0x2F9F3, 1, 8769,
    0x2F9F4, 1, 8770,
    0x2F9F5, 1, 8771,
    0x2F9F6, 1, 8772,
    0x2F9F7, 1, 8773,
    0x2F9F8, 1, 8774,
    0x2F9F9, 1, 8775,
    0x2F9FA, 1, 8776,
    0x2F9FB, 1, 8777,
    0x2F9FC, 1, 8778,
    0x2F9FD, 1, 8779,
    0x2F9FE, 1, 8780,
    0x2F9FF, 1, 8781,
    0x2FA00, 1, 8782,
    0x2FA01, 1, 8783,
    0x2FA02, 1, 8784,
    0x2FA03, 1, 8785,
    0x2FA04, 1, 8786,
    0x2FA05, 1, 8787,
    0x2FA06, 1, 8788,
    0x2FA07, 1, 8789,
    0x2FA08, 1, 8790,
    0x2FA09, 1, 8791,
    0x2FA0A, 1, 8792,
    0x2FA0B, 1, 8793,
    0x2FA0C, 1, 8794,
    0x2FA0D, 1, 8795,
    0x2FA0E, 1, 8796,
    0x2FA0F, 1, 8797,
    0x2FA10, 1, 8798,
    0x2FA11, 1, 8799,
    0x2FA12, 1, 8800,
    0x2FA13, 1, 8801,
    0x2FA14, 1, 8802,
    0x2FA15, 1, 8803,
    0x2FA16, 1, 8804,
    0x2FA17, 1, 8805,
    0x2FA18, 1, 8806,
    0x2FA19, 1, 8807,
    0x2FA1A, 1, 8808,
    0x2FA1B, 1, 8809,
    0x2FA1C, 1, 8810,
    0x2FA1D, 1, 8811,
};
const struct udecomp uni_decomp = { DECOMP, 5982, DECOMP_SEQ };
static const uint32_t CCC[] = {
    0x300, 0xE6, 0x301, 0xE6, 0x302, 0xE6, 0x303, 0xE6, 0x304, 0xE6, 0x305, 0xE6,
    0x306, 0xE6, 0x307, 0xE6, 0x308, 0xE6, 0x309, 0xE6, 0x30A, 0xE6, 0x30B, 0xE6,
    0x30C, 0xE6, 0x30D, 0xE6, 0x30E, 0xE6, 0x30F, 0xE6, 0x310, 0xE6, 0x311, 0xE6,
    0x312, 0xE6, 0x313, 0xE6, 0x314, 0xE6, 0x315, 0xE8, 0x316, 0xDC, 0x317, 0xDC,
    0x318, 0xDC, 0x319, 0xDC, 0x31A, 0xE8, 0x31B, 0xD8, 0x31C, 0xDC, 0x31D, 0xDC,
    0x31E, 0xDC, 0x31F, 0xDC, 0x320, 0xDC, 0x321, 0xCA, 0x322, 0xCA, 0x323, 0xDC,
    0x324, 0xDC, 0x325, 0xDC, 0x326, 0xDC, 0x327, 0xCA, 0x328, 0xCA, 0x329, 0xDC,
    0x32A, 0xDC, 0x32B, 0xDC, 0x32C, 0xDC, 0x32D, 0xDC, 0x32E, 0xDC, 0x32F, 0xDC,
    0x330, 0xDC, 0x331, 0xDC, 0x332, 0xDC, 0x333, 0xDC, 0x334, 0x1, 0x335, 0x1,
    0x336, 0x1, 0x337, 0x1, 0x338, 0x1, 0x339, 0xDC, 0x33A, 0xDC, 0x33B, 0xDC,
    0x33C, 0xDC, 0x33D, 0xE6, 0x33E, 0xE6, 0x33F, 0xE6, 0x340, 0xE6, 0x341, 0xE6,
    0x342, 0xE6, 0x343, 0xE6, 0x344, 0xE6, 0x345, 0xF0, 0x346, 0xE6, 0x347, 0xDC,
    0x348, 0xDC, 0x349, 0xDC, 0x34A, 0xE6, 0x34B, 0xE6, 0x34C, 0xE6, 0x34D, 0xDC,
    0x34E, 0xDC, 0x350, 0xE6, 0x351, 0xE6, 0x352, 0xE6, 0x353, 0xDC, 0x354, 0xDC,
    0x355, 0xDC, 0x356, 0xDC, 0x357, 0xE6, 0x358, 0xE8, 0x359, 0xDC, 0x35A, 0xDC,
    0x35B, 0xE6, 0x35C, 0xE9, 0x35D, 0xEA, 0x35E, 0xEA, 0x35F, 0xE9, 0x360, 0xEA,
    0x361, 0xEA, 0x362, 0xE9, 0x363, 0xE6, 0x364, 0xE6, 0x365, 0xE6, 0x366, 0xE6,
    0x367, 0xE6, 0x368, 0xE6, 0x369, 0xE6, 0x36A, 0xE6, 0x36B, 0xE6, 0x36C, 0xE6,
    0x36D, 0xE6, 0x36E, 0xE6, 0x36F, 0xE6, 0x483, 0xE6, 0x484, 0xE6, 0x485, 0xE6,
    0x486, 0xE6, 0x487, 0xE6, 0x591, 0xDC, 0x592, 0xE6, 0x593, 0xE6, 0x594, 0xE6,
    0x595, 0xE6, 0x596, 0xDC, 0x597, 0xE6, 0x598, 0xE6, 0x599, 0xE6, 0x59A, 0xDE,
    0x59B, 0xDC, 0x59C, 0xE6, 0x59D, 0xE6, 0x59E, 0xE6, 0x59F, 0xE6, 0x5A0, 0xE6,
    0x5A1, 0xE6, 0x5A2, 0xDC, 0x5A3, 0xDC, 0x5A4, 0xDC, 0x5A5, 0xDC, 0x5A6, 0xDC,
    0x5A7, 0xDC, 0x5A8, 0xE6, 0x5A9, 0xE6, 0x5AA, 0xDC, 0x5AB, 0xE6, 0x5AC, 0xE6,
    0x5AD, 0xDE, 0x5AE, 0xE4, 0x5AF, 0xE6, 0x5B0, 0xA, 0x5B1, 0xB, 0x5B2, 0xC,
    0x5B3, 0xD, 0x5B4, 0xE, 0x5B5, 0xF, 0x5B6, 0x10, 0x5B7, 0x11, 0x5B8, 0x12,
    0x5B9, 0x13, 0x5BA, 0x13, 0x5BB, 0x14, 0x5BC, 0x15, 0x5BD, 0x16, 0x5BF, 0x17,
    0x5C1, 0x18, 0x5C2, 0x19, 0x5C4, 0xE6, 0x5C5, 0xDC, 0x5C7, 0x12, 0x5C8, 0xA,
    0x5C9, 0x15, 0x610, 0xE6, 0x611, 0xE6, 0x612, 0xE6, 0x613, 0xE6, 0x614, 0xE6,
    0x615, 0xE6, 0x616, 0xE6, 0x617, 0xE6, 0x618, 0x1E, 0x619, 0x1F, 0x61A, 0x20,
    0x64B, 0x1B, 0x64C, 0x1C, 0x64D, 0x1D, 0x64E, 0x1E, 0x64F, 0x1F, 0x650, 0x20,
    0x651, 0x21, 0x652, 0x22, 0x653, 0xE6, 0x654, 0xE6, 0x655, 0xDC, 0x656, 0xDC,
    0x657, 0xE6, 0x658, 0xE6, 0x659, 0xE6, 0x65A, 0xE6, 0x65B, 0xE6, 0x65C, 0xDC,
    0x65D, 0xE6, 0x65E, 0xE6, 0x65F, 0xDC, 0x670, 0x23, 0x6D6, 0xE6, 0x6D7, 0xE6,
    0x6D8, 0xE6, 0x6D9, 0xE6, 0x6DA, 0xE6, 0x6DB, 0xE6, 0x6DC, 0xE6, 0x6DF, 0xE6,
    0x6E0, 0xE6, 0x6E1, 0xE6, 0x6E2, 0xE6, 0x6E3, 0xDC, 0x6E4, 0xE6, 0x6E7, 0xE6,
    0x6E8, 0xE6, 0x6EA, 0xDC, 0x6EB, 0xE6, 0x6EC, 0xE6, 0x6ED, 0xDC, 0x711, 0x24,
    0x730, 0xE6, 0x731, 0xDC, 0x732, 0xE6, 0x733, 0xE6, 0x734, 0xDC, 0x735, 0xE6,
    0x736, 0xE6, 0x737, 0xDC, 0x738, 0xDC, 0x739, 0xDC, 0x73A, 0xE6, 0x73B, 0xDC,
    0x73C, 0xDC, 0x73D, 0xE6, 0x73E, 0xDC, 0x73F, 0xE6, 0x740, 0xE6, 0x741, 0xE6,
    0x742, 0xDC, 0x743, 0xE6, 0x744, 0xDC, 0x745, 0xE6, 0x746, 0xDC, 0x747, 0xE6,
    0x748, 0xDC, 0x749, 0xE6, 0x74A, 0xE6, 0x7EB, 0xE6, 0x7EC, 0xE6, 0x7ED, 0xE6,
    0x7EE, 0xE6, 0x7EF, 0xE6, 0x7F0, 0xE6, 0x7F1, 0xE6, 0x7F2, 0xDC, 0x7F3, 0xE6,
    0x7FD, 0xDC, 0x816, 0xE6, 0x817, 0xE6, 0x818, 0xE6, 0x819, 0xE6, 0x81B, 0xE6,
    0x81C, 0xE6, 0x81D, 0xE6, 0x81E, 0xE6, 0x81F, 0xE6, 0x820, 0xE6, 0x821, 0xE6,
    0x822, 0xE6, 0x823, 0xE6, 0x825, 0xE6, 0x826, 0xE6, 0x827, 0xE6, 0x829, 0xE6,
    0x82A, 0xE6, 0x82B, 0xE6, 0x82C, 0xE6, 0x82D, 0xE6, 0x859, 0xDC, 0x85A, 0xDC,
    0x85B, 0xDC, 0x897, 0xE6, 0x898, 0xE6, 0x899, 0xDC, 0x89A, 0xDC, 0x89B, 0xDC,
    0x89C, 0xE6, 0x89D, 0xE6, 0x89E, 0xE6, 0x89F, 0xE6, 0x8CA, 0xE6, 0x8CB, 0xE6,
    0x8CC, 0xE6, 0x8CD, 0xE6, 0x8CE, 0xE6, 0x8CF, 0xDC, 0x8D0, 0xDC, 0x8D1, 0xDC,
    0x8D2, 0xDC, 0x8D3, 0xDC, 0x8D4, 0xE6, 0x8D5, 0xE6, 0x8D6, 0xE6, 0x8D7, 0xE6,
    0x8D8, 0xE6, 0x8D9, 0xE6, 0x8DA, 0xE6, 0x8DB, 0xE6, 0x8DC, 0xE6, 0x8DD, 0xE6,
    0x8DE, 0xE6, 0x8DF, 0xE6, 0x8E0, 0xE6, 0x8E1, 0xE6, 0x8E3, 0xDC, 0x8E4, 0xE6,
    0x8E5, 0xE6, 0x8E6, 0xDC, 0x8E7, 0xE6, 0x8E8, 0xE6, 0x8E9, 0xDC, 0x8EA, 0xE6,
    0x8EB, 0xE6, 0x8EC, 0xE6, 0x8ED, 0xDC, 0x8EE, 0xDC, 0x8EF, 0xDC, 0x8F0, 0x1B,
    0x8F1, 0x1C, 0x8F2, 0x1D, 0x8F3, 0xE6, 0x8F4, 0xE6, 0x8F5, 0xE6, 0x8F6, 0xDC,
    0x8F7, 0xE6, 0x8F8, 0xE6, 0x8F9, 0xDC, 0x8FA, 0xDC, 0x8FB, 0xE6, 0x8FC, 0xE6,
    0x8FD, 0xE6, 0x8FE, 0xE6, 0x8FF, 0xE6, 0x93C, 0x7, 0x94D, 0x9, 0x951, 0xE6,
    0x952, 0xDC, 0x953, 0xE6, 0x954, 0xE6, 0x9BC, 0x7, 0x9CD, 0x9, 0x9FE, 0xE6,
    0xA3C, 0x7, 0xA4D, 0x9, 0xABC, 0x7, 0xACD, 0x9, 0xB3C, 0x7, 0xB4D, 0x9,
    0xBCD, 0x9, 0xC3C, 0x7, 0xC4D, 0x9, 0xC55, 0x54, 0xC56, 0x5B, 0xCBC, 0x7,
    0xCCD, 0x9, 0xD3B, 0x9, 0xD3C, 0x9, 0xD4D, 0x9, 0xDCA, 0x9, 0xE38, 0x67,
    0xE39, 0x67, 0xE3A, 0x9, 0xE48, 0x6B, 0xE49, 0x6B, 0xE4A, 0x6B, 0xE4B, 0x6B,
    0xEB8, 0x76, 0xEB9, 0x76, 0xEBA, 0x9, 0xEC8, 0x7A, 0xEC9, 0x7A, 0xECA, 0x7A,
    0xECB, 0x7A, 0xF18, 0xDC, 0xF19, 0xDC, 0xF35, 0xDC, 0xF37, 0xDC, 0xF39, 0xD8,
    0xF71, 0x81, 0xF72, 0x82, 0xF74, 0x84, 0xF7A, 0x82, 0xF7B, 0x82, 0xF7C, 0x82,
    0xF7D, 0x82, 0xF80, 0x82, 0xF82, 0xE6, 0xF83, 0xE6, 0xF84, 0x9, 0xF86, 0xE6,
    0xF87, 0xE6, 0xFC6, 0xDC, 0x1037, 0x7, 0x1039, 0x9, 0x103A, 0x9, 0x108D, 0xDC,
    0x135D, 0xE6, 0x135E, 0xE6, 0x135F, 0xE6, 0x1714, 0x9, 0x1715, 0x9, 0x1734, 0x9,
    0x17D2, 0x9, 0x17DD, 0xE6, 0x18A9, 0xE4, 0x1939, 0xDE, 0x193A, 0xE6, 0x193B, 0xDC,
    0x1A17, 0xE6, 0x1A18, 0xDC, 0x1A60, 0x9, 0x1A75, 0xE6, 0x1A76, 0xE6, 0x1A77, 0xE6,
    0x1A78, 0xE6, 0x1A79, 0xE6, 0x1A7A, 0xE6, 0x1A7B, 0xE6, 0x1A7C, 0xE6, 0x1A7F, 0xDC,
    0x1AB0, 0xE6, 0x1AB1, 0xE6, 0x1AB2, 0xE6, 0x1AB3, 0xE6, 0x1AB4, 0xE6, 0x1AB5, 0xDC,
    0x1AB6, 0xDC, 0x1AB7, 0xDC, 0x1AB8, 0xDC, 0x1AB9, 0xDC, 0x1ABA, 0xDC, 0x1ABB, 0xE6,
    0x1ABC, 0xE6, 0x1ABD, 0xDC, 0x1ABF, 0xDC, 0x1AC0, 0xDC, 0x1AC1, 0xE6, 0x1AC2, 0xE6,
    0x1AC3, 0xDC, 0x1AC4, 0xDC, 0x1AC5, 0xE6, 0x1AC6, 0xE6, 0x1AC7, 0xE6, 0x1AC8, 0xE6,
    0x1AC9, 0xE6, 0x1ACA, 0xDC, 0x1ACB, 0xE6, 0x1ACC, 0xE6, 0x1ACD, 0xE6, 0x1ACE, 0xE6,
    0x1ACF, 0xE6, 0x1AD0, 0xE6, 0x1AD1, 0xE6, 0x1AD2, 0xE6, 0x1AD3, 0xE6, 0x1AD4, 0xE6,
    0x1AD5, 0xE6, 0x1AD6, 0xE6, 0x1AD7, 0xE6, 0x1AD8, 0xE6, 0x1AD9, 0xE6, 0x1ADA, 0xE6,
    0x1ADB, 0xE6, 0x1ADC, 0xE6, 0x1ADD, 0xDC, 0x1ADE, 0xE6, 0x1ADF, 0xE6, 0x1AE0, 0xE6,
    0x1AE1, 0xE6, 0x1AE2, 0xE6, 0x1AE3, 0xE6, 0x1AE4, 0xE6, 0x1AE5, 0xE6, 0x1AE6, 0xDC,
    0x1AE7, 0xE6, 0x1AE8, 0xE6, 0x1AE9, 0xE6, 0x1AEA, 0xE6, 0x1AEB, 0xEA, 0x1AEC, 0xE6,
    0x1AED, 0xE6, 0x1AEE, 0xDC, 0x1AEF, 0xDC, 0x1AF0, 0xE6, 0x1B34, 0x7, 0x1B44, 0x9,
    0x1B6B, 0xE6, 0x1B6C, 0xDC, 0x1B6D, 0xE6, 0x1B6E, 0xE6, 0x1B6F, 0xE6, 0x1B70, 0xE6,
    0x1B71, 0xE6, 0x1B72, 0xE6, 0x1B73, 0xE6, 0x1BAA, 0x9, 0x1BAB, 0x9, 0x1BE6, 0x7,
    0x1BF2, 0x9, 0x1BF3, 0x9, 0x1C37, 0x7, 0x1CD0, 0xE6, 0x1CD1, 0xE6, 0x1CD2, 0xE6,
    0x1CD4, 0x1, 0x1CD5, 0xDC, 0x1CD6, 0xDC, 0x1CD7, 0xDC, 0x1CD8, 0xDC, 0x1CD9, 0xDC,
    0x1CDA, 0xE6, 0x1CDB, 0xE6, 0x1CDC, 0xDC, 0x1CDD, 0xDC, 0x1CDE, 0xDC, 0x1CDF, 0xDC,
    0x1CE0, 0xE6, 0x1CE2, 0x1, 0x1CE3, 0x1, 0x1CE4, 0x1, 0x1CE5, 0x1, 0x1CE6, 0x1,
    0x1CE7, 0x1, 0x1CE8, 0x1, 0x1CED, 0xDC, 0x1CF4, 0xE6, 0x1CF8, 0xE6, 0x1CF9, 0xE6,
    0x1DC0, 0xE6, 0x1DC1, 0xE6, 0x1DC2, 0xDC, 0x1DC3, 0xE6, 0x1DC4, 0xE6, 0x1DC5, 0xE6,
    0x1DC6, 0xE6, 0x1DC7, 0xE6, 0x1DC8, 0xE6, 0x1DC9, 0xE6, 0x1DCA, 0xDC, 0x1DCB, 0xE6,
    0x1DCC, 0xE6, 0x1DCD, 0xEA, 0x1DCE, 0xD6, 0x1DCF, 0xDC, 0x1DD0, 0xCA, 0x1DD1, 0xE6,
    0x1DD2, 0xE6, 0x1DD3, 0xE6, 0x1DD4, 0xE6, 0x1DD5, 0xE6, 0x1DD6, 0xE6, 0x1DD7, 0xE6,
    0x1DD8, 0xE6, 0x1DD9, 0xE6, 0x1DDA, 0xE6, 0x1DDB, 0xE6, 0x1DDC, 0xE6, 0x1DDD, 0xE6,
    0x1DDE, 0xE6, 0x1DDF, 0xE6, 0x1DE0, 0xE6, 0x1DE1, 0xE6, 0x1DE2, 0xE6, 0x1DE3, 0xE6,
    0x1DE4, 0xE6, 0x1DE5, 0xE6, 0x1DE6, 0xE6, 0x1DE7, 0xE6, 0x1DE8, 0xE6, 0x1DE9, 0xE6,
    0x1DEA, 0xE6, 0x1DEB, 0xE6, 0x1DEC, 0xE6, 0x1DED, 0xE6, 0x1DEE, 0xE6, 0x1DEF, 0xE6,
    0x1DF0, 0xE6, 0x1DF1, 0xE6, 0x1DF2, 0xE6, 0x1DF3, 0xE6, 0x1DF4, 0xE6, 0x1DF5, 0xE6,
    0x1DF6, 0xE8, 0x1DF7, 0xE4, 0x1DF8, 0xE4, 0x1DF9, 0xDC, 0x1DFA, 0xDA, 0x1DFB, 0xE6,
    0x1DFC, 0xE9, 0x1DFD, 0xDC, 0x1DFE, 0xE6, 0x1DFF, 0xDC, 0x20D0, 0xE6, 0x20D1, 0xE6,
    0x20D2, 0x1, 0x20D3, 0x1, 0x20D4, 0xE6, 0x20D5, 0xE6, 0x20D6, 0xE6, 0x20D7, 0xE6,
    0x20D8, 0x1, 0x20D9, 0x1, 0x20DA, 0x1, 0x20DB, 0xE6, 0x20DC, 0xE6, 0x20E1, 0xE6,
    0x20E5, 0x1, 0x20E6, 0x1, 0x20E7, 0xE6, 0x20E8, 0xDC, 0x20E9, 0xE6, 0x20EA, 0x1,
    0x20EB, 0x1, 0x20EC, 0xDC, 0x20ED, 0xDC, 0x20EE, 0xDC, 0x20EF, 0xDC, 0x20F0, 0xE6,
    0x2CEF, 0xE6, 0x2CF0, 0xE6, 0x2CF1, 0xE6, 0x2D7F, 0x9, 0x2DE0, 0xE6, 0x2DE1, 0xE6,
    0x2DE2, 0xE6, 0x2DE3, 0xE6, 0x2DE4, 0xE6, 0x2DE5, 0xE6, 0x2DE6, 0xE6, 0x2DE7, 0xE6,
    0x2DE8, 0xE6, 0x2DE9, 0xE6, 0x2DEA, 0xE6, 0x2DEB, 0xE6, 0x2DEC, 0xE6, 0x2DED, 0xE6,
    0x2DEE, 0xE6, 0x2DEF, 0xE6, 0x2DF0, 0xE6, 0x2DF1, 0xE6, 0x2DF2, 0xE6, 0x2DF3, 0xE6,
    0x2DF4, 0xE6, 0x2DF5, 0xE6, 0x2DF6, 0xE6, 0x2DF7, 0xE6, 0x2DF8, 0xE6, 0x2DF9, 0xE6,
    0x2DFA, 0xE6, 0x2DFB, 0xE6, 0x2DFC, 0xE6, 0x2DFD, 0xE6, 0x2DFE, 0xE6, 0x2DFF, 0xE6,
    0x302A, 0xDA, 0x302B, 0xE4, 0x302C, 0xE8, 0x302D, 0xDE, 0x302E, 0xE0, 0x302F, 0xE0,
    0x3099, 0x8, 0x309A, 0x8, 0xA66F, 0xE6, 0xA674, 0xE6, 0xA675, 0xE6, 0xA676, 0xE6,
    0xA677, 0xE6, 0xA678, 0xE6, 0xA679, 0xE6, 0xA67A, 0xE6, 0xA67B, 0xE6, 0xA67C, 0xE6,
    0xA67D, 0xE6, 0xA69E, 0xE6, 0xA69F, 0xE6, 0xA6F0, 0xE6, 0xA6F1, 0xE6, 0xA806, 0x9,
    0xA82C, 0x9, 0xA8C4, 0x9, 0xA8E0, 0xE6, 0xA8E1, 0xE6, 0xA8E2, 0xE6, 0xA8E3, 0xE6,
    0xA8E4, 0xE6, 0xA8E5, 0xE6, 0xA8E6, 0xE6, 0xA8E7, 0xE6, 0xA8E8, 0xE6, 0xA8E9, 0xE6,
    0xA8EA, 0xE6, 0xA8EB, 0xE6, 0xA8EC, 0xE6, 0xA8ED, 0xE6, 0xA8EE, 0xE6, 0xA8EF, 0xE6,
    0xA8F0, 0xE6, 0xA8F1, 0xE6, 0xA92B, 0xDC, 0xA92C, 0xDC, 0xA92D, 0xDC, 0xA953, 0x9,
    0xA9B3, 0x7, 0xA9C0, 0x9, 0xAAB0, 0xE6, 0xAAB2, 0xE6, 0xAAB3, 0xE6, 0xAAB4, 0xDC,
    0xAAB7, 0xE6, 0xAAB8, 0xE6, 0xAABE, 0xE6, 0xAABF, 0xE6, 0xAAC1, 0xE6, 0xAAF6, 0x9,
    0xABED, 0x9, 0xFB1E, 0x1A, 0xFE20, 0xE6, 0xFE21, 0xE6, 0xFE22, 0xE6, 0xFE23, 0xE6,
    0xFE24, 0xE6, 0xFE25, 0xE6, 0xFE26, 0xE6, 0xFE27, 0xDC, 0xFE28, 0xDC, 0xFE29, 0xDC,
    0xFE2A, 0xDC, 0xFE2B, 0xDC, 0xFE2C, 0xDC, 0xFE2D, 0xDC, 0xFE2E, 0xE6, 0xFE2F, 0xE6,
    0x101FD, 0xDC, 0x102E0, 0xDC, 0x10376, 0xE6, 0x10377, 0xE6, 0x10378, 0xE6, 0x10379, 0xE6,
    0x1037A, 0xE6, 0x10A0D, 0xDC, 0x10A0F, 0xE6, 0x10A38, 0xE6, 0x10A39, 0x1, 0x10A3A, 0xDC,
    0x10A3F, 0x9, 0x10AE5, 0xE6, 0x10AE6, 0xDC, 0x10D24, 0xE6, 0x10D25, 0xE6, 0x10D26, 0xE6,
    0x10D27, 0xE6, 0x10D69, 0xE6, 0x10D6A, 0xE6, 0x10D6B, 0xE6, 0x10D6C, 0xE6, 0x10D6D, 0xE6,
    0x10EAB, 0xE6, 0x10EAC, 0xE6, 0x10ECB, 0xE6, 0x10ECC, 0xDC, 0x10ECD, 0xDC, 0x10ECE, 0xE6,
    0x10ECF, 0xE6, 0x10EF0, 0xDC, 0x10EF1, 0xDC, 0x10EF2, 0xDC, 0x10EF3, 0xE6, 0x10EF4, 0xDC,
    0x10EF5, 0xE6, 0x10EF6, 0xDC, 0x10EF7, 0xE6, 0x10EF8, 0xE6, 0x10EF9, 0xE6, 0x10EFA, 0xDC,
    0x10EFB, 0xDC, 0x10EFD, 0xDC, 0x10EFE, 0xDC, 0x10EFF, 0xDC, 0x10F46, 0xDC, 0x10F47, 0xDC,
    0x10F48, 0xE6, 0x10F49, 0xE6, 0x10F4A, 0xE6, 0x10F4B, 0xDC, 0x10F4C, 0xE6, 0x10F4D, 0xDC,
    0x10F4E, 0xDC, 0x10F4F, 0xDC, 0x10F50, 0xDC, 0x10F82, 0xE6, 0x10F83, 0xDC, 0x10F84, 0xE6,
    0x10F85, 0xDC, 0x11046, 0x9, 0x11070, 0x9, 0x1107F, 0x9, 0x110B9, 0x9, 0x110BA, 0x7,
    0x11100, 0xE6, 0x11101, 0xE6, 0x11102, 0xE6, 0x11133, 0x9, 0x11134, 0x9, 0x11173, 0x7,
    0x111C0, 0x9, 0x111CA, 0x7, 0x11235, 0x9, 0x11236, 0x7, 0x112E9, 0x7, 0x112EA, 0x9,
    0x1133B, 0x7, 0x1133C, 0x7, 0x1134D, 0x9, 0x11366, 0xE6, 0x11367, 0xE6, 0x11368, 0xE6,
    0x11369, 0xE6, 0x1136A, 0xE6, 0x1136B, 0xE6, 0x1136C, 0xE6, 0x11370, 0xE6, 0x11371, 0xE6,
    0x11372, 0xE6, 0x11373, 0xE6, 0x11374, 0xE6, 0x113CE, 0x9, 0x113CF, 0x9, 0x113D0, 0x9,
    0x11442, 0x9, 0x11446, 0x7, 0x1145E, 0xE6, 0x114C2, 0x9, 0x114C3, 0x7, 0x115BF, 0x9,
    0x115C0, 0x7, 0x1163F, 0x9, 0x116B6, 0x9, 0x116B7, 0x7, 0x1172B, 0x9, 0x11839, 0x9,
    0x1183A, 0x7, 0x1193D, 0x9, 0x1193E, 0x9, 0x11943, 0x7, 0x119E0, 0x9, 0x11A34, 0x9,
    0x11A47, 0x9, 0x11A99, 0x9, 0x11C3F, 0x9, 0x11D42, 0x7, 0x11D44, 0x9, 0x11D45, 0x9,
    0x11D97, 0x9, 0x11F41, 0x9, 0x11F42, 0x9, 0x1612F, 0x9, 0x16AF0, 0x1, 0x16AF1, 0x1,
    0x16AF2, 0x1, 0x16AF3, 0x1, 0x16AF4, 0x1, 0x16B30, 0xE6, 0x16B31, 0xE6, 0x16B32, 0xE6,
    0x16B33, 0xE6, 0x16B34, 0xE6, 0x16B35, 0xE6, 0x16B36, 0xE6, 0x16FF0, 0x6, 0x16FF1, 0x6,
    0x1BC9E, 0x1, 0x1D127, 0xDC, 0x1D128, 0xDC, 0x1D165, 0xD8, 0x1D166, 0xD8, 0x1D167, 0x1,
    0x1D168, 0x1, 0x1D169, 0x1, 0x1D16D, 0xE2, 0x1D16E, 0xD8, 0x1D16F, 0xD8, 0x1D170, 0xD8,
    0x1D171, 0xD8, 0x1D172, 0xD8, 0x1D17B, 0xDC, 0x1D17C, 0xDC, 0x1D17D, 0xDC, 0x1D17E, 0xDC,
    0x1D17F, 0xDC, 0x1D180, 0xDC, 0x1D181, 0xDC, 0x1D182, 0xDC, 0x1D185, 0xE6, 0x1D186, 0xE6,
    0x1D187, 0xE6, 0x1D188, 0xE6, 0x1D189, 0xE6, 0x1D18A, 0xDC, 0x1D18B, 0xDC, 0x1D1AA, 0xE6,
    0x1D1AB, 0xE6, 0x1D1AC, 0xE6, 0x1D1AD, 0xE6, 0x1D242, 0xE6, 0x1D243, 0xE6, 0x1D244, 0xE6,
    0x1D250, 0xD8, 0x1D251, 0xD8, 0x1D252, 0xD8, 0x1D25B, 0x1, 0x1D25C, 0x1, 0x1D25F, 0xD8,
    0x1D280, 0xD8, 0x1D281, 0xD8, 0x1E000, 0xE6, 0x1E001, 0xE6, 0x1E002, 0xE6, 0x1E003, 0xE6,
    0x1E004, 0xE6, 0x1E005, 0xE6, 0x1E006, 0xE6, 0x1E008, 0xE6, 0x1E009, 0xE6, 0x1E00A, 0xE6,
    0x1E00B, 0xE6, 0x1E00C, 0xE6, 0x1E00D, 0xE6, 0x1E00E, 0xE6, 0x1E00F, 0xE6, 0x1E010, 0xE6,
    0x1E011, 0xE6, 0x1E012, 0xE6, 0x1E013, 0xE6, 0x1E014, 0xE6, 0x1E015, 0xE6, 0x1E016, 0xE6,
    0x1E017, 0xE6, 0x1E018, 0xE6, 0x1E01B, 0xE6, 0x1E01C, 0xE6, 0x1E01D, 0xE6, 0x1E01E, 0xE6,
    0x1E01F, 0xE6, 0x1E020, 0xE6, 0x1E021, 0xE6, 0x1E023, 0xE6, 0x1E024, 0xE6, 0x1E026, 0xE6,
    0x1E027, 0xE6, 0x1E028, 0xE6, 0x1E029, 0xE6, 0x1E02A, 0xE6, 0x1E08F, 0xE6, 0x1E130, 0xE6,
    0x1E131, 0xE6, 0x1E132, 0xE6, 0x1E133, 0xE6, 0x1E134, 0xE6, 0x1E135, 0xE6, 0x1E136, 0xE6,
    0x1E2AE, 0xE6, 0x1E2EC, 0xE6, 0x1E2ED, 0xE6, 0x1E2EE, 0xE6, 0x1E2EF, 0xE6, 0x1E4EC, 0xE8,
    0x1E4ED, 0xE8, 0x1E4EE, 0xDC, 0x1E4EF, 0xE6, 0x1E5EE, 0xE6, 0x1E5EF, 0xDC, 0x1E6E3, 0xE6,
    0x1E6E6, 0xE6, 0x1E6EE, 0xE6, 0x1E6EF, 0xE6, 0x1E6F5, 0xE6, 0x1E8D0, 0xDC, 0x1E8D1, 0xDC,
    0x1E8D2, 0xDC, 0x1E8D3, 0xDC, 0x1E8D4, 0xDC, 0x1E8D5, 0xDC, 0x1E8D6, 0xDC, 0x1E944, 0xE6,
    0x1E945, 0xE6, 0x1E946, 0xE6, 0x1E947, 0xE6, 0x1E948, 0xE6, 0x1E949, 0xE6, 0x1E94A, 0x7,
};
const struct upairs uni_ccc = { CCC, 1002 };
static const uint32_t COMPOSE[] = {   // first, second, composite
    0x3C, 0x338, 0x226E,
    0x3D, 0x338, 0x2260,
    0x3E, 0x338, 0x226F,
    0x41, 0x300, 0xC0,
    0x41, 0x301, 0xC1,
    0x41, 0x302, 0xC2,
    0x41, 0x303, 0xC3,
    0x41, 0x304, 0x100,
    0x41, 0x306, 0x102,
    0x41, 0x307, 0x226,
    0x41, 0x308, 0xC4,
    0x41, 0x309, 0x1EA2,
    0x41, 0x30A, 0xC5,
    0x41, 0x30C, 0x1CD,
    0x41, 0x30F, 0x200,
    0x41, 0x311, 0x202,
    0x41, 0x323, 0x1EA0,
    0x41, 0x325, 0x1E00,
    0x41, 0x328, 0x104,
    0x42, 0x307, 0x1E02,
    0x42, 0x323, 0x1E04,
    0x42, 0x331, 0x1E06,
    0x43, 0x301, 0x106,
    0x43, 0x302, 0x108,
    0x43, 0x307, 0x10A,
    0x43, 0x30C, 0x10C,
    0x43, 0x327, 0xC7,
    0x44, 0x307, 0x1E0A,
    0x44, 0x30C, 0x10E,
    0x44, 0x323, 0x1E0C,
    0x44, 0x327, 0x1E10,
    0x44, 0x32D, 0x1E12,
    0x44, 0x331, 0x1E0E,
    0x45, 0x300, 0xC8,
    0x45, 0x301, 0xC9,
    0x45, 0x302, 0xCA,
    0x45, 0x303, 0x1EBC,
    0x45, 0x304, 0x112,
    0x45, 0x306, 0x114,
    0x45, 0x307, 0x116,
    0x45, 0x308, 0xCB,
    0x45, 0x309, 0x1EBA,
    0x45, 0x30C, 0x11A,
    0x45, 0x30F, 0x204,
    0x45, 0x311, 0x206,
    0x45, 0x323, 0x1EB8,
    0x45, 0x327, 0x228,
    0x45, 0x328, 0x118,
    0x45, 0x32D, 0x1E18,
    0x45, 0x330, 0x1E1A,
    0x46, 0x307, 0x1E1E,
    0x47, 0x301, 0x1F4,
    0x47, 0x302, 0x11C,
    0x47, 0x304, 0x1E20,
    0x47, 0x306, 0x11E,
    0x47, 0x307, 0x120,
    0x47, 0x30C, 0x1E6,
    0x47, 0x327, 0x122,
    0x48, 0x302, 0x124,
    0x48, 0x307, 0x1E22,
    0x48, 0x308, 0x1E26,
    0x48, 0x30C, 0x21E,
    0x48, 0x323, 0x1E24,
    0x48, 0x327, 0x1E28,
    0x48, 0x32E, 0x1E2A,
    0x49, 0x300, 0xCC,
    0x49, 0x301, 0xCD,
    0x49, 0x302, 0xCE,
    0x49, 0x303, 0x128,
    0x49, 0x304, 0x12A,
    0x49, 0x306, 0x12C,
    0x49, 0x307, 0x130,
    0x49, 0x308, 0xCF,
    0x49, 0x309, 0x1EC8,
    0x49, 0x30C, 0x1CF,
    0x49, 0x30F, 0x208,
    0x49, 0x311, 0x20A,
    0x49, 0x323, 0x1ECA,
    0x49, 0x328, 0x12E,
    0x49, 0x330, 0x1E2C,
    0x4A, 0x302, 0x134,
    0x4B, 0x301, 0x1E30,
    0x4B, 0x30C, 0x1E8,
    0x4B, 0x323, 0x1E32,
    0x4B, 0x327, 0x136,
    0x4B, 0x331, 0x1E34,
    0x4C, 0x301, 0x139,
    0x4C, 0x30C, 0x13D,
    0x4C, 0x323, 0x1E36,
    0x4C, 0x327, 0x13B,
    0x4C, 0x32D, 0x1E3C,
    0x4C, 0x331, 0x1E3A,
    0x4D, 0x301, 0x1E3E,
    0x4D, 0x307, 0x1E40,
    0x4D, 0x323, 0x1E42,
    0x4E, 0x300, 0x1F8,
    0x4E, 0x301, 0x143,
    0x4E, 0x303, 0xD1,
    0x4E, 0x307, 0x1E44,
    0x4E, 0x30C, 0x147,
    0x4E, 0x323, 0x1E46,
    0x4E, 0x327, 0x145,
    0x4E, 0x32D, 0x1E4A,
    0x4E, 0x331, 0x1E48,
    0x4F, 0x300, 0xD2,
    0x4F, 0x301, 0xD3,
    0x4F, 0x302, 0xD4,
    0x4F, 0x303, 0xD5,
    0x4F, 0x304, 0x14C,
    0x4F, 0x306, 0x14E,
    0x4F, 0x307, 0x22E,
    0x4F, 0x308, 0xD6,
    0x4F, 0x309, 0x1ECE,
    0x4F, 0x30B, 0x150,
    0x4F, 0x30C, 0x1D1,
    0x4F, 0x30F, 0x20C,
    0x4F, 0x311, 0x20E,
    0x4F, 0x31B, 0x1A0,
    0x4F, 0x323, 0x1ECC,
    0x4F, 0x328, 0x1EA,
    0x50, 0x301, 0x1E54,
    0x50, 0x307, 0x1E56,
    0x52, 0x301, 0x154,
    0x52, 0x307, 0x1E58,
    0x52, 0x30C, 0x158,
    0x52, 0x30F, 0x210,
    0x52, 0x311, 0x212,
    0x52, 0x323, 0x1E5A,
    0x52, 0x327, 0x156,
    0x52, 0x331, 0x1E5E,
    0x53, 0x301, 0x15A,
    0x53, 0x302, 0x15C,
    0x53, 0x307, 0x1E60,
    0x53, 0x30C, 0x160,
    0x53, 0x323, 0x1E62,
    0x53, 0x326, 0x218,
    0x53, 0x327, 0x15E,
    0x54, 0x307, 0x1E6A,
    0x54, 0x30C, 0x164,
    0x54, 0x323, 0x1E6C,
    0x54, 0x326, 0x21A,
    0x54, 0x327, 0x162,
    0x54, 0x32D, 0x1E70,
    0x54, 0x331, 0x1E6E,
    0x55, 0x300, 0xD9,
    0x55, 0x301, 0xDA,
    0x55, 0x302, 0xDB,
    0x55, 0x303, 0x168,
    0x55, 0x304, 0x16A,
    0x55, 0x306, 0x16C,
    0x55, 0x308, 0xDC,
    0x55, 0x309, 0x1EE6,
    0x55, 0x30A, 0x16E,
    0x55, 0x30B, 0x170,
    0x55, 0x30C, 0x1D3,
    0x55, 0x30F, 0x214,
    0x55, 0x311, 0x216,
    0x55, 0x31B, 0x1AF,
    0x55, 0x323, 0x1EE4,
    0x55, 0x324, 0x1E72,
    0x55, 0x328, 0x172,
    0x55, 0x32D, 0x1E76,
    0x55, 0x330, 0x1E74,
    0x56, 0x303, 0x1E7C,
    0x56, 0x323, 0x1E7E,
    0x57, 0x300, 0x1E80,
    0x57, 0x301, 0x1E82,
    0x57, 0x302, 0x174,
    0x57, 0x307, 0x1E86,
    0x57, 0x308, 0x1E84,
    0x57, 0x323, 0x1E88,
    0x58, 0x307, 0x1E8A,
    0x58, 0x308, 0x1E8C,
    0x59, 0x300, 0x1EF2,
    0x59, 0x301, 0xDD,
    0x59, 0x302, 0x176,
    0x59, 0x303, 0x1EF8,
    0x59, 0x304, 0x232,
    0x59, 0x307, 0x1E8E,
    0x59, 0x308, 0x178,
    0x59, 0x309, 0x1EF6,
    0x59, 0x323, 0x1EF4,
    0x5A, 0x301, 0x179,
    0x5A, 0x302, 0x1E90,
    0x5A, 0x307, 0x17B,
    0x5A, 0x30C, 0x17D,
    0x5A, 0x323, 0x1E92,
    0x5A, 0x331, 0x1E94,
    0x61, 0x300, 0xE0,
    0x61, 0x301, 0xE1,
    0x61, 0x302, 0xE2,
    0x61, 0x303, 0xE3,
    0x61, 0x304, 0x101,
    0x61, 0x306, 0x103,
    0x61, 0x307, 0x227,
    0x61, 0x308, 0xE4,
    0x61, 0x309, 0x1EA3,
    0x61, 0x30A, 0xE5,
    0x61, 0x30C, 0x1CE,
    0x61, 0x30F, 0x201,
    0x61, 0x311, 0x203,
    0x61, 0x323, 0x1EA1,
    0x61, 0x325, 0x1E01,
    0x61, 0x328, 0x105,
    0x62, 0x307, 0x1E03,
    0x62, 0x323, 0x1E05,
    0x62, 0x331, 0x1E07,
    0x63, 0x301, 0x107,
    0x63, 0x302, 0x109,
    0x63, 0x307, 0x10B,
    0x63, 0x30C, 0x10D,
    0x63, 0x327, 0xE7,
    0x64, 0x307, 0x1E0B,
    0x64, 0x30C, 0x10F,
    0x64, 0x323, 0x1E0D,
    0x64, 0x327, 0x1E11,
    0x64, 0x32D, 0x1E13,
    0x64, 0x331, 0x1E0F,
    0x65, 0x300, 0xE8,
    0x65, 0x301, 0xE9,
    0x65, 0x302, 0xEA,
    0x65, 0x303, 0x1EBD,
    0x65, 0x304, 0x113,
    0x65, 0x306, 0x115,
    0x65, 0x307, 0x117,
    0x65, 0x308, 0xEB,
    0x65, 0x309, 0x1EBB,
    0x65, 0x30C, 0x11B,
    0x65, 0x30F, 0x205,
    0x65, 0x311, 0x207,
    0x65, 0x323, 0x1EB9,
    0x65, 0x327, 0x229,
    0x65, 0x328, 0x119,
    0x65, 0x32D, 0x1E19,
    0x65, 0x330, 0x1E1B,
    0x66, 0x307, 0x1E1F,
    0x67, 0x301, 0x1F5,
    0x67, 0x302, 0x11D,
    0x67, 0x304, 0x1E21,
    0x67, 0x306, 0x11F,
    0x67, 0x307, 0x121,
    0x67, 0x30C, 0x1E7,
    0x67, 0x327, 0x123,
    0x68, 0x302, 0x125,
    0x68, 0x307, 0x1E23,
    0x68, 0x308, 0x1E27,
    0x68, 0x30C, 0x21F,
    0x68, 0x323, 0x1E25,
    0x68, 0x327, 0x1E29,
    0x68, 0x32E, 0x1E2B,
    0x68, 0x331, 0x1E96,
    0x69, 0x300, 0xEC,
    0x69, 0x301, 0xED,
    0x69, 0x302, 0xEE,
    0x69, 0x303, 0x129,
    0x69, 0x304, 0x12B,
    0x69, 0x306, 0x12D,
    0x69, 0x308, 0xEF,
    0x69, 0x309, 0x1EC9,
    0x69, 0x30C, 0x1D0,
    0x69, 0x30F, 0x209,
    0x69, 0x311, 0x20B,
    0x69, 0x323, 0x1ECB,
    0x69, 0x328, 0x12F,
    0x69, 0x330, 0x1E2D,
    0x6A, 0x302, 0x135,
    0x6A, 0x30C, 0x1F0,
    0x6B, 0x301, 0x1E31,
    0x6B, 0x30C, 0x1E9,
    0x6B, 0x323, 0x1E33,
    0x6B, 0x327, 0x137,
    0x6B, 0x331, 0x1E35,
    0x6C, 0x301, 0x13A,
    0x6C, 0x30C, 0x13E,
    0x6C, 0x323, 0x1E37,
    0x6C, 0x327, 0x13C,
    0x6C, 0x32D, 0x1E3D,
    0x6C, 0x331, 0x1E3B,
    0x6D, 0x301, 0x1E3F,
    0x6D, 0x307, 0x1E41,
    0x6D, 0x323, 0x1E43,
    0x6E, 0x300, 0x1F9,
    0x6E, 0x301, 0x144,
    0x6E, 0x303, 0xF1,
    0x6E, 0x307, 0x1E45,
    0x6E, 0x30C, 0x148,
    0x6E, 0x323, 0x1E47,
    0x6E, 0x327, 0x146,
    0x6E, 0x32D, 0x1E4B,
    0x6E, 0x331, 0x1E49,
    0x6F, 0x300, 0xF2,
    0x6F, 0x301, 0xF3,
    0x6F, 0x302, 0xF4,
    0x6F, 0x303, 0xF5,
    0x6F, 0x304, 0x14D,
    0x6F, 0x306, 0x14F,
    0x6F, 0x307, 0x22F,
    0x6F, 0x308, 0xF6,
    0x6F, 0x309, 0x1ECF,
    0x6F, 0x30B, 0x151,
    0x6F, 0x30C, 0x1D2,
    0x6F, 0x30F, 0x20D,
    0x6F, 0x311, 0x20F,
    0x6F, 0x31B, 0x1A1,
    0x6F, 0x323, 0x1ECD,
    0x6F, 0x328, 0x1EB,
    0x70, 0x301, 0x1E55,
    0x70, 0x307, 0x1E57,
    0x72, 0x301, 0x155,
    0x72, 0x307, 0x1E59,
    0x72, 0x30C, 0x159,
    0x72, 0x30F, 0x211,
    0x72, 0x311, 0x213,
    0x72, 0x323, 0x1E5B,
    0x72, 0x327, 0x157,
    0x72, 0x331, 0x1E5F,
    0x73, 0x301, 0x15B,
    0x73, 0x302, 0x15D,
    0x73, 0x307, 0x1E61,
    0x73, 0x30C, 0x161,
    0x73, 0x323, 0x1E63,
    0x73, 0x326, 0x219,
    0x73, 0x327, 0x15F,
    0x74, 0x307, 0x1E6B,
    0x74, 0x308, 0x1E97,
    0x74, 0x30C, 0x165,
    0x74, 0x323, 0x1E6D,
    0x74, 0x326, 0x21B,
    0x74, 0x327, 0x163,
    0x74, 0x32D, 0x1E71,
    0x74, 0x331, 0x1E6F,
    0x75, 0x300, 0xF9,
    0x75, 0x301, 0xFA,
    0x75, 0x302, 0xFB,
    0x75, 0x303, 0x169,
    0x75, 0x304, 0x16B,
    0x75, 0x306, 0x16D,
    0x75, 0x308, 0xFC,
    0x75, 0x309, 0x1EE7,
    0x75, 0x30A, 0x16F,
    0x75, 0x30B, 0x171,
    0x75, 0x30C, 0x1D4,
    0x75, 0x30F, 0x215,
    0x75, 0x311, 0x217,
    0x75, 0x31B, 0x1B0,
    0x75, 0x323, 0x1EE5,
    0x75, 0x324, 0x1E73,
    0x75, 0x328, 0x173,
    0x75, 0x32D, 0x1E77,
    0x75, 0x330, 0x1E75,
    0x76, 0x303, 0x1E7D,
    0x76, 0x323, 0x1E7F,
    0x77, 0x300, 0x1E81,
    0x77, 0x301, 0x1E83,
    0x77, 0x302, 0x175,
    0x77, 0x307, 0x1E87,
    0x77, 0x308, 0x1E85,
    0x77, 0x30A, 0x1E98,
    0x77, 0x323, 0x1E89,
    0x78, 0x307, 0x1E8B,
    0x78, 0x308, 0x1E8D,
    0x79, 0x300, 0x1EF3,
    0x79, 0x301, 0xFD,
    0x79, 0x302, 0x177,
    0x79, 0x303, 0x1EF9,
    0x79, 0x304, 0x233,
    0x79, 0x307, 0x1E8F,
    0x79, 0x308, 0xFF,
    0x79, 0x309, 0x1EF7,
    0x79, 0x30A, 0x1E99,
    0x79, 0x323, 0x1EF5,
    0x7A, 0x301, 0x17A,
    0x7A, 0x302, 0x1E91,
    0x7A, 0x307, 0x17C,
    0x7A, 0x30C, 0x17E,
    0x7A, 0x323, 0x1E93,
    0x7A, 0x331, 0x1E95,
    0xA8, 0x300, 0x1FED,
    0xA8, 0x301, 0x385,
    0xA8, 0x342, 0x1FC1,
    0xC2, 0x300, 0x1EA6,
    0xC2, 0x301, 0x1EA4,
    0xC2, 0x303, 0x1EAA,
    0xC2, 0x309, 0x1EA8,
    0xC4, 0x304, 0x1DE,
    0xC5, 0x301, 0x1FA,
    0xC6, 0x301, 0x1FC,
    0xC6, 0x304, 0x1E2,
    0xC7, 0x301, 0x1E08,
    0xCA, 0x300, 0x1EC0,
    0xCA, 0x301, 0x1EBE,
    0xCA, 0x303, 0x1EC4,
    0xCA, 0x309, 0x1EC2,
    0xCF, 0x301, 0x1E2E,
    0xD4, 0x300, 0x1ED2,
    0xD4, 0x301, 0x1ED0,
    0xD4, 0x303, 0x1ED6,
    0xD4, 0x309, 0x1ED4,
    0xD5, 0x301, 0x1E4C,
    0xD5, 0x304, 0x22C,
    0xD5, 0x308, 0x1E4E,
    0xD6, 0x304, 0x22A,
    0xD8, 0x301, 0x1FE,
    0xDC, 0x300, 0x1DB,
    0xDC, 0x301, 0x1D7,
    0xDC, 0x304, 0x1D5,
    0xDC, 0x30C, 0x1D9,
    0xE2, 0x300, 0x1EA7,
    0xE2, 0x301, 0x1EA5,
    0xE2, 0x303, 0x1EAB,
    0xE2, 0x309, 0x1EA9,
    0xE4, 0x304, 0x1DF,
    0xE5, 0x301, 0x1FB,
    0xE6, 0x301, 0x1FD,
    0xE6, 0x304, 0x1E3,
    0xE7, 0x301, 0x1E09,
    0xEA, 0x300, 0x1EC1,
    0xEA, 0x301, 0x1EBF,
    0xEA, 0x303, 0x1EC5,
    0xEA, 0x309, 0x1EC3,
    0xEF, 0x301, 0x1E2F,
    0xF4, 0x300, 0x1ED3,
    0xF4, 0x301, 0x1ED1,
    0xF4, 0x303, 0x1ED7,
    0xF4, 0x309, 0x1ED5,
    0xF5, 0x301, 0x1E4D,
    0xF5, 0x304, 0x22D,
    0xF5, 0x308, 0x1E4F,
    0xF6, 0x304, 0x22B,
    0xF8, 0x301, 0x1FF,
    0xFC, 0x300, 0x1DC,
    0xFC, 0x301, 0x1D8,
    0xFC, 0x304, 0x1D6,
    0xFC, 0x30C, 0x1DA,
    0x102, 0x300, 0x1EB0,
    0x102, 0x301, 0x1EAE,
    0x102, 0x303, 0x1EB4,
    0x102, 0x309, 0x1EB2,
    0x103, 0x300, 0x1EB1,
    0x103, 0x301, 0x1EAF,
    0x103, 0x303, 0x1EB5,
    0x103, 0x309, 0x1EB3,
    0x112, 0x300, 0x1E14,
    0x112, 0x301, 0x1E16,
    0x113, 0x300, 0x1E15,
    0x113, 0x301, 0x1E17,
    0x14C, 0x300, 0x1E50,
    0x14C, 0x301, 0x1E52,
    0x14D, 0x300, 0x1E51,
    0x14D, 0x301, 0x1E53,
    0x15A, 0x307, 0x1E64,
    0x15B, 0x307, 0x1E65,
    0x160, 0x307, 0x1E66,
    0x161, 0x307, 0x1E67,
    0x168, 0x301, 0x1E78,
    0x169, 0x301, 0x1E79,
    0x16A, 0x308, 0x1E7A,
    0x16B, 0x308, 0x1E7B,
    0x17F, 0x307, 0x1E9B,
    0x1A0, 0x300, 0x1EDC,
    0x1A0, 0x301, 0x1EDA,
    0x1A0, 0x303, 0x1EE0,
    0x1A0, 0x309, 0x1EDE,
    0x1A0, 0x323, 0x1EE2,
    0x1A1, 0x300, 0x1EDD,
    0x1A1, 0x301, 0x1EDB,
    0x1A1, 0x303, 0x1EE1,
    0x1A1, 0x309, 0x1EDF,
    0x1A1, 0x323, 0x1EE3,
    0x1AF, 0x300, 0x1EEA,
    0x1AF, 0x301, 0x1EE8,
    0x1AF, 0x303, 0x1EEE,
    0x1AF, 0x309, 0x1EEC,
    0x1AF, 0x323, 0x1EF0,
    0x1B0, 0x300, 0x1EEB,
    0x1B0, 0x301, 0x1EE9,
    0x1B0, 0x303, 0x1EEF,
    0x1B0, 0x309, 0x1EED,
    0x1B0, 0x323, 0x1EF1,
    0x1B7, 0x30C, 0x1EE,
    0x1EA, 0x304, 0x1EC,
    0x1EB, 0x304, 0x1ED,
    0x226, 0x304, 0x1E0,
    0x227, 0x304, 0x1E1,
    0x228, 0x306, 0x1E1C,
    0x229, 0x306, 0x1E1D,
    0x22E, 0x304, 0x230,
    0x22F, 0x304, 0x231,
    0x292, 0x30C, 0x1EF,
    0x391, 0x300, 0x1FBA,
    0x391, 0x301, 0x386,
    0x391, 0x304, 0x1FB9,
    0x391, 0x306, 0x1FB8,
    0x391, 0x313, 0x1F08,
    0x391, 0x314, 0x1F09,
    0x391, 0x345, 0x1FBC,
    0x395, 0x300, 0x1FC8,
    0x395, 0x301, 0x388,
    0x395, 0x313, 0x1F18,
    0x395, 0x314, 0x1F19,
    0x397, 0x300, 0x1FCA,
    0x397, 0x301, 0x389,
    0x397, 0x313, 0x1F28,
    0x397, 0x314, 0x1F29,
    0x397, 0x345, 0x1FCC,
    0x399, 0x300, 0x1FDA,
    0x399, 0x301, 0x38A,
    0x399, 0x304, 0x1FD9,
    0x399, 0x306, 0x1FD8,
    0x399, 0x308, 0x3AA,
    0x399, 0x313, 0x1F38,
    0x399, 0x314, 0x1F39,
    0x39F, 0x300, 0x1FF8,
    0x39F, 0x301, 0x38C,
    0x39F, 0x313, 0x1F48,
    0x39F, 0x314, 0x1F49,
    0x3A1, 0x314, 0x1FEC,
    0x3A5, 0x300, 0x1FEA,
    0x3A5, 0x301, 0x38E,
    0x3A5, 0x304, 0x1FE9,
    0x3A5, 0x306, 0x1FE8,
    0x3A5, 0x308, 0x3AB,
    0x3A5, 0x314, 0x1F59,
    0x3A9, 0x300, 0x1FFA,
    0x3A9, 0x301, 0x38F,
    0x3A9, 0x313, 0x1F68,
    0x3A9, 0x314, 0x1F69,
    0x3A9, 0x345, 0x1FFC,
    0x3AC, 0x345, 0x1FB4,
    0x3AE, 0x345, 0x1FC4,
    0x3B1, 0x300, 0x1F70,
    0x3B1, 0x301, 0x3AC,
    0x3B1, 0x304, 0x1FB1,
    0x3B1, 0x306, 0x1FB0,
    0x3B1, 0x313, 0x1F00,
    0x3B1, 0x314, 0x1F01,
    0x3B1, 0x342, 0x1FB6,
    0x3B1, 0x345, 0x1FB3,
    0x3B5, 0x300, 0x1F72,
    0x3B5, 0x301, 0x3AD,
    0x3B5, 0x313, 0x1F10,
    0x3B5, 0x314, 0x1F11,
    0x3B7, 0x300, 0x1F74,
    0x3B7, 0x301, 0x3AE,
    0x3B7, 0x313, 0x1F20,
    0x3B7, 0x314, 0x1F21,
    0x3B7, 0x342, 0x1FC6,
    0x3B7, 0x345, 0x1FC3,
    0x3B9, 0x300, 0x1F76,
    0x3B9, 0x301, 0x3AF,
    0x3B9, 0x304, 0x1FD1,
    0x3B9, 0x306, 0x1FD0,
    0x3B9, 0x308, 0x3CA,
    0x3B9, 0x313, 0x1F30,
    0x3B9, 0x314, 0x1F31,
    0x3B9, 0x342, 0x1FD6,
    0x3BF, 0x300, 0x1F78,
    0x3BF, 0x301, 0x3CC,
    0x3BF, 0x313, 0x1F40,
    0x3BF, 0x314, 0x1F41,
    0x3C1, 0x313, 0x1FE4,
    0x3C1, 0x314, 0x1FE5,
    0x3C5, 0x300, 0x1F7A,
    0x3C5, 0x301, 0x3CD,
    0x3C5, 0x304, 0x1FE1,
    0x3C5, 0x306, 0x1FE0,
    0x3C5, 0x308, 0x3CB,
    0x3C5, 0x313, 0x1F50,
    0x3C5, 0x314, 0x1F51,
    0x3C5, 0x342, 0x1FE6,
    0x3C9, 0x300, 0x1F7C,
    0x3C9, 0x301, 0x3CE,
    0x3C9, 0x313, 0x1F60,
    0x3C9, 0x314, 0x1F61,
    0x3C9, 0x342, 0x1FF6,
    0x3C9, 0x345, 0x1FF3,
    0x3CA, 0x300, 0x1FD2,
    0x3CA, 0x301, 0x390,
    0x3CA, 0x342, 0x1FD7,
    0x3CB, 0x300, 0x1FE2,
    0x3CB, 0x301, 0x3B0,
    0x3CB, 0x342, 0x1FE7,
    0x3CE, 0x345, 0x1FF4,
    0x3D2, 0x301, 0x3D3,
    0x3D2, 0x308, 0x3D4,
    0x406, 0x308, 0x407,
    0x410, 0x306, 0x4D0,
    0x410, 0x308, 0x4D2,
    0x413, 0x301, 0x403,
    0x415, 0x300, 0x400,
    0x415, 0x306, 0x4D6,
    0x415, 0x308, 0x401,
    0x416, 0x306, 0x4C1,
    0x416, 0x308, 0x4DC,
    0x417, 0x308, 0x4DE,
    0x418, 0x300, 0x40D,
    0x418, 0x304, 0x4E2,
    0x418, 0x306, 0x419,
    0x418, 0x308, 0x4E4,
    0x41A, 0x301, 0x40C,
    0x41E, 0x308, 0x4E6,
    0x423, 0x304, 0x4EE,
    0x423, 0x306, 0x40E,
    0x423, 0x308, 0x4F0,
    0x423, 0x30B, 0x4F2,
    0x427, 0x308, 0x4F4,
    0x42B, 0x308, 0x4F8,
    0x42D, 0x308, 0x4EC,
    0x430, 0x306, 0x4D1,
    0x430, 0x308, 0x4D3,
    0x433, 0x301, 0x453,
    0x435, 0x300, 0x450,
    0x435, 0x306, 0x4D7,
    0x435, 0x308, 0x451,
    0x436, 0x306, 0x4C2,
    0x436, 0x308, 0x4DD,
    0x437, 0x308, 0x4DF,
    0x438, 0x300, 0x45D,
    0x438, 0x304, 0x4E3,
    0x438, 0x306, 0x439,
    0x438, 0x308, 0x4E5,
    0x43A, 0x301, 0x45C,
    0x43E, 0x308, 0x4E7,
    0x443, 0x304, 0x4EF,
    0x443, 0x306, 0x45E,
    0x443, 0x308, 0x4F1,
    0x443, 0x30B, 0x4F3,
    0x447, 0x308, 0x4F5,
    0x44B, 0x308, 0x4F9,
    0x44D, 0x308, 0x4ED,
    0x456, 0x308, 0x457,
    0x474, 0x30F, 0x476,
    0x475, 0x30F, 0x477,
    0x4D8, 0x308, 0x4DA,
    0x4D9, 0x308, 0x4DB,
    0x4E8, 0x308, 0x4EA,
    0x4E9, 0x308, 0x4EB,
    0x627, 0x653, 0x622,
    0x627, 0x654, 0x623,
    0x627, 0x655, 0x625,
    0x648, 0x654, 0x624,
    0x64A, 0x654, 0x626,
    0x6C1, 0x654, 0x6C2,
    0x6D2, 0x654, 0x6D3,
    0x6D5, 0x654, 0x6C0,
    0x928, 0x93C, 0x929,
    0x930, 0x93C, 0x931,
    0x933, 0x93C, 0x934,
    0x9C7, 0x9BE, 0x9CB,
    0x9C7, 0x9D7, 0x9CC,
    0xB47, 0xB3E, 0xB4B,
    0xB47, 0xB56, 0xB48,
    0xB47, 0xB57, 0xB4C,
    0xB92, 0xBD7, 0xB94,
    0xBC6, 0xBBE, 0xBCA,
    0xBC6, 0xBD7, 0xBCC,
    0xBC7, 0xBBE, 0xBCB,
    0xC46, 0xC56, 0xC48,
    0xCBF, 0xCD5, 0xCC0,
    0xCC6, 0xCC2, 0xCCA,
    0xCC6, 0xCD5, 0xCC7,
    0xCC6, 0xCD6, 0xCC8,
    0xCCA, 0xCD5, 0xCCB,
    0xD46, 0xD3E, 0xD4A,
    0xD46, 0xD57, 0xD4C,
    0xD47, 0xD3E, 0xD4B,
    0xDD9, 0xDCA, 0xDDA,
    0xDD9, 0xDCF, 0xDDC,
    0xDD9, 0xDDF, 0xDDE,
    0xDDC, 0xDCA, 0xDDD,
    0x1025, 0x102E, 0x1026,
    0x1B05, 0x1B35, 0x1B06,
    0x1B07, 0x1B35, 0x1B08,
    0x1B09, 0x1B35, 0x1B0A,
    0x1B0B, 0x1B35, 0x1B0C,
    0x1B0D, 0x1B35, 0x1B0E,
    0x1B11, 0x1B35, 0x1B12,
    0x1B3A, 0x1B35, 0x1B3B,
    0x1B3C, 0x1B35, 0x1B3D,
    0x1B3E, 0x1B35, 0x1B40,
    0x1B3F, 0x1B35, 0x1B41,
    0x1B42, 0x1B35, 0x1B43,
    0x1E36, 0x304, 0x1E38,
    0x1E37, 0x304, 0x1E39,
    0x1E5A, 0x304, 0x1E5C,
    0x1E5B, 0x304, 0x1E5D,
    0x1E62, 0x307, 0x1E68,
    0x1E63, 0x307, 0x1E69,
    0x1EA0, 0x302, 0x1EAC,
    0x1EA0, 0x306, 0x1EB6,
    0x1EA1, 0x302, 0x1EAD,
    0x1EA1, 0x306, 0x1EB7,
    0x1EB8, 0x302, 0x1EC6,
    0x1EB9, 0x302, 0x1EC7,
    0x1ECC, 0x302, 0x1ED8,
    0x1ECD, 0x302, 0x1ED9,
    0x1F00, 0x300, 0x1F02,
    0x1F00, 0x301, 0x1F04,
    0x1F00, 0x342, 0x1F06,
    0x1F00, 0x345, 0x1F80,
    0x1F01, 0x300, 0x1F03,
    0x1F01, 0x301, 0x1F05,
    0x1F01, 0x342, 0x1F07,
    0x1F01, 0x345, 0x1F81,
    0x1F02, 0x345, 0x1F82,
    0x1F03, 0x345, 0x1F83,
    0x1F04, 0x345, 0x1F84,
    0x1F05, 0x345, 0x1F85,
    0x1F06, 0x345, 0x1F86,
    0x1F07, 0x345, 0x1F87,
    0x1F08, 0x300, 0x1F0A,
    0x1F08, 0x301, 0x1F0C,
    0x1F08, 0x342, 0x1F0E,
    0x1F08, 0x345, 0x1F88,
    0x1F09, 0x300, 0x1F0B,
    0x1F09, 0x301, 0x1F0D,
    0x1F09, 0x342, 0x1F0F,
    0x1F09, 0x345, 0x1F89,
    0x1F0A, 0x345, 0x1F8A,
    0x1F0B, 0x345, 0x1F8B,
    0x1F0C, 0x345, 0x1F8C,
    0x1F0D, 0x345, 0x1F8D,
    0x1F0E, 0x345, 0x1F8E,
    0x1F0F, 0x345, 0x1F8F,
    0x1F10, 0x300, 0x1F12,
    0x1F10, 0x301, 0x1F14,
    0x1F11, 0x300, 0x1F13,
    0x1F11, 0x301, 0x1F15,
    0x1F18, 0x300, 0x1F1A,
    0x1F18, 0x301, 0x1F1C,
    0x1F19, 0x300, 0x1F1B,
    0x1F19, 0x301, 0x1F1D,
    0x1F20, 0x300, 0x1F22,
    0x1F20, 0x301, 0x1F24,
    0x1F20, 0x342, 0x1F26,
    0x1F20, 0x345, 0x1F90,
    0x1F21, 0x300, 0x1F23,
    0x1F21, 0x301, 0x1F25,
    0x1F21, 0x342, 0x1F27,
    0x1F21, 0x345, 0x1F91,
    0x1F22, 0x345, 0x1F92,
    0x1F23, 0x345, 0x1F93,
    0x1F24, 0x345, 0x1F94,
    0x1F25, 0x345, 0x1F95,
    0x1F26, 0x345, 0x1F96,
    0x1F27, 0x345, 0x1F97,
    0x1F28, 0x300, 0x1F2A,
    0x1F28, 0x301, 0x1F2C,
    0x1F28, 0x342, 0x1F2E,
    0x1F28, 0x345, 0x1F98,
    0x1F29, 0x300, 0x1F2B,
    0x1F29, 0x301, 0x1F2D,
    0x1F29, 0x342, 0x1F2F,
    0x1F29, 0x345, 0x1F99,
    0x1F2A, 0x345, 0x1F9A,
    0x1F2B, 0x345, 0x1F9B,
    0x1F2C, 0x345, 0x1F9C,
    0x1F2D, 0x345, 0x1F9D,
    0x1F2E, 0x345, 0x1F9E,
    0x1F2F, 0x345, 0x1F9F,
    0x1F30, 0x300, 0x1F32,
    0x1F30, 0x301, 0x1F34,
    0x1F30, 0x342, 0x1F36,
    0x1F31, 0x300, 0x1F33,
    0x1F31, 0x301, 0x1F35,
    0x1F31, 0x342, 0x1F37,
    0x1F38, 0x300, 0x1F3A,
    0x1F38, 0x301, 0x1F3C,
    0x1F38, 0x342, 0x1F3E,
    0x1F39, 0x300, 0x1F3B,
    0x1F39, 0x301, 0x1F3D,
    0x1F39, 0x342, 0x1F3F,
    0x1F40, 0x300, 0x1F42,
    0x1F40, 0x301, 0x1F44,
    0x1F41, 0x300, 0x1F43,
    0x1F41, 0x301, 0x1F45,
    0x1F48, 0x300, 0x1F4A,
    0x1F48, 0x301, 0x1F4C,
    0x1F49, 0x300, 0x1F4B,
    0x1F49, 0x301, 0x1F4D,
    0x1F50, 0x300, 0x1F52,
    0x1F50, 0x301, 0x1F54,
    0x1F50, 0x342, 0x1F56,
    0x1F51, 0x300, 0x1F53,
    0x1F51, 0x301, 0x1F55,
    0x1F51, 0x342, 0x1F57,
    0x1F59, 0x300, 0x1F5B,
    0x1F59, 0x301, 0x1F5D,
    0x1F59, 0x342, 0x1F5F,
    0x1F60, 0x300, 0x1F62,
    0x1F60, 0x301, 0x1F64,
    0x1F60, 0x342, 0x1F66,
    0x1F60, 0x345, 0x1FA0,
    0x1F61, 0x300, 0x1F63,
    0x1F61, 0x301, 0x1F65,
    0x1F61, 0x342, 0x1F67,
    0x1F61, 0x345, 0x1FA1,
    0x1F62, 0x345, 0x1FA2,
    0x1F63, 0x345, 0x1FA3,
    0x1F64, 0x345, 0x1FA4,
    0x1F65, 0x345, 0x1FA5,
    0x1F66, 0x345, 0x1FA6,
    0x1F67, 0x345, 0x1FA7,
    0x1F68, 0x300, 0x1F6A,
    0x1F68, 0x301, 0x1F6C,
    0x1F68, 0x342, 0x1F6E,
    0x1F68, 0x345, 0x1FA8,
    0x1F69, 0x300, 0x1F6B,
    0x1F69, 0x301, 0x1F6D,
    0x1F69, 0x342, 0x1F6F,
    0x1F69, 0x345, 0x1FA9,
    0x1F6A, 0x345, 0x1FAA,
    0x1F6B, 0x345, 0x1FAB,
    0x1F6C, 0x345, 0x1FAC,
    0x1F6D, 0x345, 0x1FAD,
    0x1F6E, 0x345, 0x1FAE,
    0x1F6F, 0x345, 0x1FAF,
    0x1F70, 0x345, 0x1FB2,
    0x1F74, 0x345, 0x1FC2,
    0x1F7C, 0x345, 0x1FF2,
    0x1FB6, 0x345, 0x1FB7,
    0x1FBF, 0x300, 0x1FCD,
    0x1FBF, 0x301, 0x1FCE,
    0x1FBF, 0x342, 0x1FCF,
    0x1FC6, 0x345, 0x1FC7,
    0x1FF6, 0x345, 0x1FF7,
    0x1FFE, 0x300, 0x1FDD,
    0x1FFE, 0x301, 0x1FDE,
    0x1FFE, 0x342, 0x1FDF,
    0x2190, 0x338, 0x219A,
    0x2192, 0x338, 0x219B,
    0x2194, 0x338, 0x21AE,
    0x21D0, 0x338, 0x21CD,
    0x21D2, 0x338, 0x21CF,
    0x21D4, 0x338, 0x21CE,
    0x2203, 0x338, 0x2204,
    0x2208, 0x338, 0x2209,
    0x220B, 0x338, 0x220C,
    0x2223, 0x338, 0x2224,
    0x2225, 0x338, 0x2226,
    0x223C, 0x338, 0x2241,
    0x2243, 0x338, 0x2244,
    0x2245, 0x338, 0x2247,
    0x2248, 0x338, 0x2249,
    0x224D, 0x338, 0x226D,
    0x2261, 0x338, 0x2262,
    0x2264, 0x338, 0x2270,
    0x2265, 0x338, 0x2271,
    0x2272, 0x338, 0x2274,
    0x2273, 0x338, 0x2275,
    0x2276, 0x338, 0x2278,
    0x2277, 0x338, 0x2279,
    0x227A, 0x338, 0x2280,
    0x227B, 0x338, 0x2281,
    0x227C, 0x338, 0x22E0,
    0x227D, 0x338, 0x22E1,
    0x2282, 0x338, 0x2284,
    0x2283, 0x338, 0x2285,
    0x2286, 0x338, 0x2288,
    0x2287, 0x338, 0x2289,
    0x2291, 0x338, 0x22E2,
    0x2292, 0x338, 0x22E3,
    0x22A2, 0x338, 0x22AC,
    0x22A8, 0x338, 0x22AD,
    0x22A9, 0x338, 0x22AE,
    0x22AB, 0x338, 0x22AF,
    0x22B2, 0x338, 0x22EA,
    0x22B3, 0x338, 0x22EB,
    0x22B4, 0x338, 0x22EC,
    0x22B5, 0x338, 0x22ED,
    0x3046, 0x3099, 0x3094,
    0x304B, 0x3099, 0x304C,
    0x304D, 0x3099, 0x304E,
    0x304F, 0x3099, 0x3050,
    0x3051, 0x3099, 0x3052,
    0x3053, 0x3099, 0x3054,
    0x3055, 0x3099, 0x3056,
    0x3057, 0x3099, 0x3058,
    0x3059, 0x3099, 0x305A,
    0x305B, 0x3099, 0x305C,
    0x305D, 0x3099, 0x305E,
    0x305F, 0x3099, 0x3060,
    0x3061, 0x3099, 0x3062,
    0x3064, 0x3099, 0x3065,
    0x3066, 0x3099, 0x3067,
    0x3068, 0x3099, 0x3069,
    0x306F, 0x3099, 0x3070,
    0x306F, 0x309A, 0x3071,
    0x3072, 0x3099, 0x3073,
    0x3072, 0x309A, 0x3074,
    0x3075, 0x3099, 0x3076,
    0x3075, 0x309A, 0x3077,
    0x3078, 0x3099, 0x3079,
    0x3078, 0x309A, 0x307A,
    0x307B, 0x3099, 0x307C,
    0x307B, 0x309A, 0x307D,
    0x309D, 0x3099, 0x309E,
    0x30A6, 0x3099, 0x30F4,
    0x30AB, 0x3099, 0x30AC,
    0x30AD, 0x3099, 0x30AE,
    0x30AF, 0x3099, 0x30B0,
    0x30B1, 0x3099, 0x30B2,
    0x30B3, 0x3099, 0x30B4,
    0x30B5, 0x3099, 0x30B6,
    0x30B7, 0x3099, 0x30B8,
    0x30B9, 0x3099, 0x30BA,
    0x30BB, 0x3099, 0x30BC,
    0x30BD, 0x3099, 0x30BE,
    0x30BF, 0x3099, 0x30C0,
    0x30C1, 0x3099, 0x30C2,
    0x30C4, 0x3099, 0x30C5,
    0x30C6, 0x3099, 0x30C7,
    0x30C8, 0x3099, 0x30C9,
    0x30CF, 0x3099, 0x30D0,
    0x30CF, 0x309A, 0x30D1,
    0x30D2, 0x3099, 0x30D3,
    0x30D2, 0x309A, 0x30D4,
    0x30D5, 0x3099, 0x30D6,
    0x30D5, 0x309A, 0x30D7,
    0x30D8, 0x3099, 0x30D9,
    0x30D8, 0x309A, 0x30DA,
    0x30DB, 0x3099, 0x30DC,
    0x30DB, 0x309A, 0x30DD,
    0x30EF, 0x3099, 0x30F7,
    0x30F0, 0x3099, 0x30F8,
    0x30F1, 0x3099, 0x30F9,
    0x30F2, 0x3099, 0x30FA,
    0x30FD, 0x3099, 0x30FE,
    0x105D2, 0x307, 0x105C9,
    0x105DA, 0x307, 0x105E4,
    0x11099, 0x110BA, 0x1109A,
    0x1109B, 0x110BA, 0x1109C,
    0x110A5, 0x110BA, 0x110AB,
    0x11131, 0x11127, 0x1112E,
    0x11132, 0x11127, 0x1112F,
    0x11347, 0x1133E, 0x1134B,
    0x11347, 0x11357, 0x1134C,
    0x11382, 0x113C9, 0x11383,
    0x11384, 0x113BB, 0x11385,
    0x1138B, 0x113C2, 0x1138E,
    0x11390, 0x113C9, 0x11391,
    0x113C2, 0x113B8, 0x113C7,
    0x113C2, 0x113C2, 0x113C5,
    0x113C2, 0x113C9, 0x113C8,
    0x114B9, 0x114B0, 0x114BC,
    0x114B9, 0x114BA, 0x114BB,
    0x114B9, 0x114BD, 0x114BE,
    0x115B8, 0x115AF, 0x115BA,
    0x115B9, 0x115AF, 0x115BB,
    0x11935, 0x11930, 0x11938,
    0x1611E, 0x1611E, 0x16121,
    0x1611E, 0x1611F, 0x16123,
    0x1611E, 0x16120, 0x16125,
    0x1611E, 0x16129, 0x16122,
    0x16121, 0x1611F, 0x16126,
    0x16121, 0x16120, 0x16128,
    0x16122, 0x1611F, 0x16127,
    0x16129, 0x1611F, 0x16124,
    0x16D63, 0x16D67, 0x16D69,
    0x16D67, 0x16D67, 0x16D68,
    0x16D69, 0x16D67, 0x16D6A,
};
const struct ucompose uni_compose = { COMPOSE, 961 };
